ISO-10303-21;
HEADER;
/* Generated by software containing ST-Developer
 * from STEP Tools, Inc. (www.steptools.com) 
 */

FILE_DESCRIPTION(
/* description */ (''),
/* implementation_level */ '2;1');

FILE_NAME(
/* name */ 'Inside Foot.step',
/* time_stamp */ '2026-05-09T18:34:09+02:00',
/* author */ (''),
/* organization */ (''),
/* preprocessor_version */ 'ST-DEVELOPER v20.1',
/* originating_system */ 'Autodesk Translation Framework v15.8.0.0',
/* authorisation */ '');

FILE_SCHEMA (('AUTOMOTIVE_DESIGN { 1 0 10303 214 3 1 1 }'));
ENDSEC;

DATA;
#10=MECHANICAL_DESIGN_GEOMETRIC_PRESENTATION_REPRESENTATION('',(#13),#4610);
#11=SHAPE_REPRESENTATION_RELATIONSHIP('SRR','None',#4617,#12);
#12=ADVANCED_BREP_SHAPE_REPRESENTATION('',(#14),#4609);
#13=STYLED_ITEM('',(#4626),#14);
#14=MANIFOLD_SOLID_BREP('Body1',#1046);
#15=FACE_BOUND('',#144,.T.);
#16=FACE_BOUND('',#145,.T.);
#17=SPHERICAL_SURFACE('',#1118,7.5);
#18=SPHERICAL_SURFACE('',#1120,7.5);
#19=PLANE('',#1111);
#20=PLANE('',#1113);
#21=PLANE('',#1124);
#22=PLANE('',#1127);
#23=PLANE('',#1128);
#24=B_SPLINE_SURFACE_WITH_KNOTS('',3,3,((#2733,#2734,#2735,#2736,#2737,
#2738,#2739,#2740,#2741,#2742,#2743,#2744,#2745,#2746,#2747,#2748,#2749,
#2750,#2751,#2752,#2753,#2754,#2755,#2756,#2757,#2758,#2759,#2760,#2761,
#2762,#2763,#2764,#2765,#2766,#2767,#2768,#2769,#2770,#2771,#2772,#2773,
#2774,#2775,#2776,#2777,#2778,#2779,#2780,#2781,#2782,#2783,#2784,#2785,
#2786,#2787,#2788,#2789,#2790,#2791,#2792,#2793,#2794,#2795,#2796,#2797,
#2798,#2799,#2800),(#2801,#2802,#2803,#2804,#2805,#2806,#2807,#2808,#2809,
#2810,#2811,#2812,#2813,#2814,#2815,#2816,#2817,#2818,#2819,#2820,#2821,
#2822,#2823,#2824,#2825,#2826,#2827,#2828,#2829,#2830,#2831,#2832,#2833,
#2834,#2835,#2836,#2837,#2838,#2839,#2840,#2841,#2842,#2843,#2844,#2845,
#2846,#2847,#2848,#2849,#2850,#2851,#2852,#2853,#2854,#2855,#2856,#2857,
#2858,#2859,#2860,#2861,#2862,#2863,#2864,#2865,#2866,#2867,#2868),(#2869,
#2870,#2871,#2872,#2873,#2874,#2875,#2876,#2877,#2878,#2879,#2880,#2881,
#2882,#2883,#2884,#2885,#2886,#2887,#2888,#2889,#2890,#2891,#2892,#2893,
#2894,#2895,#2896,#2897,#2898,#2899,#2900,#2901,#2902,#2903,#2904,#2905,
#2906,#2907,#2908,#2909,#2910,#2911,#2912,#2913,#2914,#2915,#2916,#2917,
#2918,#2919,#2920,#2921,#2922,#2923,#2924,#2925,#2926,#2927,#2928,#2929,
#2930,#2931,#2932,#2933,#2934,#2935,#2936),(#2937,#2938,#2939,#2940,#2941,
#2942,#2943,#2944,#2945,#2946,#2947,#2948,#2949,#2950,#2951,#2952,#2953,
#2954,#2955,#2956,#2957,#2958,#2959,#2960,#2961,#2962,#2963,#2964,#2965,
#2966,#2967,#2968,#2969,#2970,#2971,#2972,#2973,#2974,#2975,#2976,#2977,
#2978,#2979,#2980,#2981,#2982,#2983,#2984,#2985,#2986,#2987,#2988,#2989,
#2990,#2991,#2992,#2993,#2994,#2995,#2996,#2997,#2998,#2999,#3000,#3001,
#3002,#3003,#3004)),.UNSPECIFIED.,.F.,.F.,.F.,(4,4),(4,1,1,1,1,1,1,1,1,
1,1,1,1,1,1,1,1,1,1,1,1,1,1,1,1,1,1,1,1,1,1,1,1,1,1,1,1,1,1,1,1,1,1,1,1,
1,1,1,1,1,1,1,1,1,1,1,1,1,1,1,1,1,1,1,1,4),(0.,0.0321584099938621),(11.8553612635794,
12.853090887634,13.8508205116887,14.8485501357433,15.846279759798,16.8440093838526,
17.8417390079073,18.839468631962,19.8371982560166,20.8349278800713,21.8326575041259,
22.8303871281806,23.8281167522353,24.8258463762899,25.8235760003446,26.8213056243992,
27.8190352484539,28.8167648725085,29.8144944965632,30.8122241206179,31.8099537446725,
32.8076833687272,33.8054129927818,34.8031426168365,35.8008722408912,36.7986018649458,
37.7963314890005,38.7940611130551,39.7917907371098,40.7895203611644,41.7872499852191,
42.7849796092738,43.7827092333284,44.7804388573831,45.7781684814377,46.7758981054924,
47.7736277295471,48.7713573536017,49.7690869776564,50.766816601711,51.7645462257657,
52.7622758498203,53.760005473875,54.7577350979297,55.7554647219843,56.753194346039,
57.7509239700936,58.7486535941483,59.746383218203,60.7441128422576,61.7418424663123,
62.7395720903669,63.7373017144216,64.7350313384762,65.7327609625309,66.7304905865856,
67.7282202106402,68.7259498346949,69.7236794587495,70.7214090828042,71.7191387068588,
72.7168683309135,73.7145979549682,74.7123275790228,75.7100572030775,76.7077868271321),
 .UNSPECIFIED.);
#25=B_SPLINE_SURFACE_WITH_KNOTS('',3,3,((#3185,#3186,#3187,#3188,#3189,
#3190,#3191,#3192,#3193,#3194,#3195,#3196,#3197,#3198,#3199,#3200,#3201,
#3202,#3203,#3204,#3205,#3206,#3207,#3208,#3209,#3210,#3211,#3212,#3213,
#3214,#3215,#3216,#3217,#3218,#3219,#3220,#3221,#3222,#3223,#3224,#3225,
#3226,#3227,#3228,#3229,#3230,#3231,#3232,#3233,#3234,#3235,#3236,#3237,
#3238,#3239,#3240,#3241,#3242,#3243,#3244,#3245,#3246,#3247,#3248,#3249,
#3250,#3251,#3252),(#3253,#3254,#3255,#3256,#3257,#3258,#3259,#3260,#3261,
#3262,#3263,#3264,#3265,#3266,#3267,#3268,#3269,#3270,#3271,#3272,#3273,
#3274,#3275,#3276,#3277,#3278,#3279,#3280,#3281,#3282,#3283,#3284,#3285,
#3286,#3287,#3288,#3289,#3290,#3291,#3292,#3293,#3294,#3295,#3296,#3297,
#3298,#3299,#3300,#3301,#3302,#3303,#3304,#3305,#3306,#3307,#3308,#3309,
#3310,#3311,#3312,#3313,#3314,#3315,#3316,#3317,#3318,#3319,#3320),(#3321,
#3322,#3323,#3324,#3325,#3326,#3327,#3328,#3329,#3330,#3331,#3332,#3333,
#3334,#3335,#3336,#3337,#3338,#3339,#3340,#3341,#3342,#3343,#3344,#3345,
#3346,#3347,#3348,#3349,#3350,#3351,#3352,#3353,#3354,#3355,#3356,#3357,
#3358,#3359,#3360,#3361,#3362,#3363,#3364,#3365,#3366,#3367,#3368,#3369,
#3370,#3371,#3372,#3373,#3374,#3375,#3376,#3377,#3378,#3379,#3380,#3381,
#3382,#3383,#3384,#3385,#3386,#3387,#3388),(#3389,#3390,#3391,#3392,#3393,
#3394,#3395,#3396,#3397,#3398,#3399,#3400,#3401,#3402,#3403,#3404,#3405,
#3406,#3407,#3408,#3409,#3410,#3411,#3412,#3413,#3414,#3415,#3416,#3417,
#3418,#3419,#3420,#3421,#3422,#3423,#3424,#3425,#3426,#3427,#3428,#3429,
#3430,#3431,#3432,#3433,#3434,#3435,#3436,#3437,#3438,#3439,#3440,#3441,
#3442,#3443,#3444,#3445,#3446,#3447,#3448,#3449,#3450,#3451,#3452,#3453,
#3454,#3455,#3456)),.UNSPECIFIED.,.F.,.F.,.F.,(4,4),(4,1,1,1,1,1,1,1,1,
1,1,1,1,1,1,1,1,1,1,1,1,1,1,1,1,1,1,1,1,1,1,1,1,1,1,1,1,1,1,1,1,1,1,1,1,
1,1,1,1,1,1,1,1,1,1,1,1,1,1,1,1,1,1,1,1,4),(0.,0.0321584099938621),(14.3984001269719,
15.3961297510265,16.3938593750812,17.3915889991358,18.3893186231905,19.3870482472452,
20.3847778712998,21.3825074953545,22.3802371194091,23.3779667434638,24.3756963675184,
25.3734259915731,26.3711556156278,27.3688852396824,28.3666148637371,29.3643444877917,
30.3620741118464,31.359803735901,32.3575333599557,33.3552629840104,34.352992608065,
35.3507222321197,36.3484518561743,37.346181480229,38.3439111042837,39.3416407283383,
40.339370352393,41.3370999764476,42.3348296005023,43.3325592245569,44.3302888486116,
45.3280184726663,46.3257480967209,47.3234777207756,48.3212073448302,49.3189369688849,
50.3166665929396,51.3143962169942,52.3121258410489,53.3098554651035,54.3075850891582,
55.3053147132128,56.3030443372675,57.3007739613222,58.2985035853768,59.2962332094315,
60.2939628334861,61.2916924575408,62.2894220815955,63.2871517056501,64.2848813297048,
65.2826109537594,66.2803405778141,67.2780702018687,68.2757998259234,69.2735294499781,
70.2712590740327,71.2689886980874,72.266718322142,73.2644479461967,74.2621775702514,
75.259907194306,76.2576368183607,77.2553664424153,78.25309606647,79.2508256905246),
 .UNSPECIFIED.);
#26=B_SPLINE_SURFACE_WITH_KNOTS('',3,3,((#3662,#3663,#3664,#3665,#3666,
#3667,#3668,#3669,#3670,#3671,#3672,#3673,#3674,#3675,#3676,#3677,#3678,
#3679,#3680,#3681,#3682,#3683,#3684,#3685,#3686,#3687,#3688,#3689,#3690,
#3691,#3692,#3693,#3694,#3695,#3696,#3697,#3698,#3699,#3700,#3701,#3702,
#3703,#3704,#3705,#3706,#3707,#3708,#3709,#3710,#3711,#3712,#3713,#3714,
#3715,#3716,#3717,#3718,#3719,#3720,#3721,#3722,#3723,#3724,#3725,#3726,
#3727,#3728,#3729),(#3730,#3731,#3732,#3733,#3734,#3735,#3736,#3737,#3738,
#3739,#3740,#3741,#3742,#3743,#3744,#3745,#3746,#3747,#3748,#3749,#3750,
#3751,#3752,#3753,#3754,#3755,#3756,#3757,#3758,#3759,#3760,#3761,#3762,
#3763,#3764,#3765,#3766,#3767,#3768,#3769,#3770,#3771,#3772,#3773,#3774,
#3775,#3776,#3777,#3778,#3779,#3780,#3781,#3782,#3783,#3784,#3785,#3786,
#3787,#3788,#3789,#3790,#3791,#3792,#3793,#3794,#3795,#3796,#3797),(#3798,
#3799,#3800,#3801,#3802,#3803,#3804,#3805,#3806,#3807,#3808,#3809,#3810,
#3811,#3812,#3813,#3814,#3815,#3816,#3817,#3818,#3819,#3820,#3821,#3822,
#3823,#3824,#3825,#3826,#3827,#3828,#3829,#3830,#3831,#3832,#3833,#3834,
#3835,#3836,#3837,#3838,#3839,#3840,#3841,#3842,#3843,#3844,#3845,#3846,
#3847,#3848,#3849,#3850,#3851,#3852,#3853,#3854,#3855,#3856,#3857,#3858,
#3859,#3860,#3861,#3862,#3863,#3864,#3865),(#3866,#3867,#3868,#3869,#3870,
#3871,#3872,#3873,#3874,#3875,#3876,#3877,#3878,#3879,#3880,#3881,#3882,
#3883,#3884,#3885,#3886,#3887,#3888,#3889,#3890,#3891,#3892,#3893,#3894,
#3895,#3896,#3897,#3898,#3899,#3900,#3901,#3902,#3903,#3904,#3905,#3906,
#3907,#3908,#3909,#3910,#3911,#3912,#3913,#3914,#3915,#3916,#3917,#3918,
#3919,#3920,#3921,#3922,#3923,#3924,#3925,#3926,#3927,#3928,#3929,#3930,
#3931,#3932,#3933)),.UNSPECIFIED.,.F.,.F.,.F.,(4,4),(4,1,1,1,1,1,1,1,1,
1,1,1,1,1,1,1,1,1,1,1,1,1,1,1,1,1,1,1,1,1,1,1,1,1,1,1,1,1,1,1,1,1,1,1,1,
1,1,1,1,1,1,1,1,1,1,1,1,1,1,1,1,1,1,1,1,4),(0.,0.0321584099938621),(11.8553612635793,
12.853090887634,13.8508205116887,14.8485501357433,15.846279759798,16.8440093838526,
17.8417390079073,18.8394686319619,19.8371982560166,20.8349278800713,21.8326575041259,
22.8303871281806,23.8281167522352,24.8258463762899,25.8235760003446,26.8213056243992,
27.8190352484539,28.8167648725085,29.8144944965632,30.8122241206178,31.8099537446725,
32.8076833687272,33.8054129927818,34.8031426168365,35.8008722408911,36.7986018649458,
37.7963314890004,38.7940611130551,39.7917907371098,40.7895203611644,41.7872499852191,
42.7849796092737,43.7827092333284,44.7804388573831,45.7781684814377,46.7758981054924,
47.773627729547,48.7713573536017,49.7690869776563,50.766816601711,51.7645462257657,
52.7622758498203,53.760005473875,54.7577350979296,55.7554647219843,56.753194346039,
57.7509239700936,58.7486535941483,59.7463832182029,60.7441128422576,61.7418424663122,
62.7395720903669,63.7373017144216,64.7350313384762,65.7327609625309,66.7304905865855,
67.7282202106402,68.7259498346948,69.7236794587495,70.7214090828042,71.7191387068588,
72.7168683309135,73.7145979549681,74.7123275790228,75.7100572030775,76.7077868271321),
 .UNSPECIFIED.);
#27=B_SPLINE_SURFACE_WITH_KNOTS('',3,3,((#4114,#4115,#4116,#4117,#4118,
#4119,#4120,#4121,#4122,#4123,#4124,#4125,#4126,#4127,#4128,#4129,#4130,
#4131,#4132,#4133,#4134,#4135,#4136,#4137,#4138,#4139,#4140,#4141,#4142,
#4143,#4144,#4145,#4146,#4147,#4148,#4149,#4150,#4151,#4152,#4153,#4154,
#4155,#4156,#4157,#4158,#4159,#4160,#4161,#4162,#4163,#4164,#4165,#4166,
#4167,#4168,#4169,#4170,#4171,#4172,#4173,#4174,#4175,#4176,#4177,#4178,
#4179,#4180,#4181),(#4182,#4183,#4184,#4185,#4186,#4187,#4188,#4189,#4190,
#4191,#4192,#4193,#4194,#4195,#4196,#4197,#4198,#4199,#4200,#4201,#4202,
#4203,#4204,#4205,#4206,#4207,#4208,#4209,#4210,#4211,#4212,#4213,#4214,
#4215,#4216,#4217,#4218,#4219,#4220,#4221,#4222,#4223,#4224,#4225,#4226,
#4227,#4228,#4229,#4230,#4231,#4232,#4233,#4234,#4235,#4236,#4237,#4238,
#4239,#4240,#4241,#4242,#4243,#4244,#4245,#4246,#4247,#4248,#4249),(#4250,
#4251,#4252,#4253,#4254,#4255,#4256,#4257,#4258,#4259,#4260,#4261,#4262,
#4263,#4264,#4265,#4266,#4267,#4268,#4269,#4270,#4271,#4272,#4273,#4274,
#4275,#4276,#4277,#4278,#4279,#4280,#4281,#4282,#4283,#4284,#4285,#4286,
#4287,#4288,#4289,#4290,#4291,#4292,#4293,#4294,#4295,#4296,#4297,#4298,
#4299,#4300,#4301,#4302,#4303,#4304,#4305,#4306,#4307,#4308,#4309,#4310,
#4311,#4312,#4313,#4314,#4315,#4316,#4317),(#4318,#4319,#4320,#4321,#4322,
#4323,#4324,#4325,#4326,#4327,#4328,#4329,#4330,#4331,#4332,#4333,#4334,
#4335,#4336,#4337,#4338,#4339,#4340,#4341,#4342,#4343,#4344,#4345,#4346,
#4347,#4348,#4349,#4350,#4351,#4352,#4353,#4354,#4355,#4356,#4357,#4358,
#4359,#4360,#4361,#4362,#4363,#4364,#4365,#4366,#4367,#4368,#4369,#4370,
#4371,#4372,#4373,#4374,#4375,#4376,#4377,#4378,#4379,#4380,#4381,#4382,
#4383,#4384,#4385)),.UNSPECIFIED.,.F.,.F.,.F.,(4,4),(4,1,1,1,1,1,1,1,1,
1,1,1,1,1,1,1,1,1,1,1,1,1,1,1,1,1,1,1,1,1,1,1,1,1,1,1,1,1,1,1,1,1,1,1,1,
1,1,1,1,1,1,1,1,1,1,1,1,1,1,1,1,1,1,1,1,4),(0.,0.0321584099938621),(14.3984001269718,
15.3961297510265,16.3938593750812,17.3915889991358,18.3893186231905,19.3870482472451,
20.3847778712998,21.3825074953544,22.3802371194091,23.3779667434638,24.3756963675184,
25.3734259915731,26.3711556156277,27.3688852396824,28.3666148637371,29.3643444877917,
30.3620741118464,31.359803735901,32.3575333599557,33.3552629840103,34.352992608065,
35.3507222321197,36.3484518561743,37.346181480229,38.3439111042836,39.3416407283383,
40.3393703523929,41.3370999764476,42.3348296005023,43.3325592245569,44.3302888486116,
45.3280184726662,46.3257480967209,47.3234777207756,48.3212073448302,49.3189369688849,
50.3166665929395,51.3143962169942,52.3121258410488,53.3098554651035,54.3075850891582,
55.3053147132128,56.3030443372675,57.3007739613221,58.2985035853768,59.2962332094315,
60.2939628334861,61.2916924575408,62.2894220815954,63.2871517056501,64.2848813297047,
65.2826109537594,66.2803405778141,67.2780702018687,68.2757998259234,69.273529449978,
70.2712590740327,71.2689886980874,72.266718322142,73.2644479461967,74.2621775702513,
75.259907194306,76.2576368183607,77.2553664424153,78.25309606647,79.2508256905246),
 .UNSPECIFIED.);
#28=FACE_OUTER_BOUND('',#86,.T.);
#29=FACE_OUTER_BOUND('',#87,.T.);
#30=FACE_OUTER_BOUND('',#88,.T.);
#31=FACE_OUTER_BOUND('',#89,.T.);
#32=FACE_OUTER_BOUND('',#90,.T.);
#33=FACE_OUTER_BOUND('',#91,.T.);
#34=FACE_OUTER_BOUND('',#92,.T.);
#35=FACE_OUTER_BOUND('',#93,.T.);
#36=FACE_OUTER_BOUND('',#94,.T.);
#37=FACE_OUTER_BOUND('',#95,.T.);
#38=FACE_OUTER_BOUND('',#96,.T.);
#39=FACE_OUTER_BOUND('',#97,.T.);
#40=FACE_OUTER_BOUND('',#98,.T.);
#41=FACE_OUTER_BOUND('',#99,.T.);
#42=FACE_OUTER_BOUND('',#100,.T.);
#43=FACE_OUTER_BOUND('',#101,.T.);
#44=FACE_OUTER_BOUND('',#102,.T.);
#45=FACE_OUTER_BOUND('',#103,.T.);
#46=FACE_OUTER_BOUND('',#104,.T.);
#47=FACE_OUTER_BOUND('',#105,.T.);
#48=FACE_OUTER_BOUND('',#106,.T.);
#49=FACE_OUTER_BOUND('',#107,.T.);
#50=FACE_OUTER_BOUND('',#108,.T.);
#51=FACE_OUTER_BOUND('',#109,.T.);
#52=FACE_OUTER_BOUND('',#110,.T.);
#53=FACE_OUTER_BOUND('',#111,.T.);
#54=FACE_OUTER_BOUND('',#112,.T.);
#55=FACE_OUTER_BOUND('',#113,.T.);
#56=FACE_OUTER_BOUND('',#114,.T.);
#57=FACE_OUTER_BOUND('',#115,.T.);
#58=FACE_OUTER_BOUND('',#116,.T.);
#59=FACE_OUTER_BOUND('',#117,.T.);
#60=FACE_OUTER_BOUND('',#118,.T.);
#61=FACE_OUTER_BOUND('',#119,.T.);
#62=FACE_OUTER_BOUND('',#120,.T.);
#63=FACE_OUTER_BOUND('',#121,.T.);
#64=FACE_OUTER_BOUND('',#122,.T.);
#65=FACE_OUTER_BOUND('',#123,.T.);
#66=FACE_OUTER_BOUND('',#124,.T.);
#67=FACE_OUTER_BOUND('',#125,.T.);
#68=FACE_OUTER_BOUND('',#126,.T.);
#69=FACE_OUTER_BOUND('',#127,.T.);
#70=FACE_OUTER_BOUND('',#128,.T.);
#71=FACE_OUTER_BOUND('',#129,.T.);
#72=FACE_OUTER_BOUND('',#130,.T.);
#73=FACE_OUTER_BOUND('',#131,.T.);
#74=FACE_OUTER_BOUND('',#132,.T.);
#75=FACE_OUTER_BOUND('',#133,.T.);
#76=FACE_OUTER_BOUND('',#134,.T.);
#77=FACE_OUTER_BOUND('',#135,.T.);
#78=FACE_OUTER_BOUND('',#136,.T.);
#79=FACE_OUTER_BOUND('',#137,.T.);
#80=FACE_OUTER_BOUND('',#138,.T.);
#81=FACE_OUTER_BOUND('',#139,.T.);
#82=FACE_OUTER_BOUND('',#140,.T.);
#83=FACE_OUTER_BOUND('',#141,.T.);
#84=FACE_OUTER_BOUND('',#142,.T.);
#85=FACE_OUTER_BOUND('',#143,.T.);
#86=EDGE_LOOP('',(#621,#622,#623,#624));
#87=EDGE_LOOP('',(#625,#626,#627,#628));
#88=EDGE_LOOP('',(#629,#630,#631,#632));
#89=EDGE_LOOP('',(#633,#634,#635,#636));
#90=EDGE_LOOP('',(#637,#638,#639,#640));
#91=EDGE_LOOP('',(#641,#642,#643,#644));
#92=EDGE_LOOP('',(#645,#646,#647,#648));
#93=EDGE_LOOP('',(#649,#650,#651,#652));
#94=EDGE_LOOP('',(#653,#654,#655,#656));
#95=EDGE_LOOP('',(#657,#658,#659,#660));
#96=EDGE_LOOP('',(#661,#662,#663,#664));
#97=EDGE_LOOP('',(#665,#666,#667,#668));
#98=EDGE_LOOP('',(#669,#670,#671,#672));
#99=EDGE_LOOP('',(#673,#674,#675,#676));
#100=EDGE_LOOP('',(#677,#678,#679,#680));
#101=EDGE_LOOP('',(#681,#682,#683,#684));
#102=EDGE_LOOP('',(#685,#686,#687,#688));
#103=EDGE_LOOP('',(#689,#690,#691,#692));
#104=EDGE_LOOP('',(#693,#694,#695,#696));
#105=EDGE_LOOP('',(#697,#698,#699,#700));
#106=EDGE_LOOP('',(#701,#702,#703,#704));
#107=EDGE_LOOP('',(#705,#706,#707,#708));
#108=EDGE_LOOP('',(#709,#710,#711,#712));
#109=EDGE_LOOP('',(#713,#714,#715,#716));
#110=EDGE_LOOP('',(#717,#718,#719,#720));
#111=EDGE_LOOP('',(#721,#722,#723,#724));
#112=EDGE_LOOP('',(#725,#726,#727,#728));
#113=EDGE_LOOP('',(#729,#730,#731,#732));
#114=EDGE_LOOP('',(#733,#734,#735,#736));
#115=EDGE_LOOP('',(#737,#738,#739,#740));
#116=EDGE_LOOP('',(#741,#742,#743,#744));
#117=EDGE_LOOP('',(#745,#746,#747,#748));
#118=EDGE_LOOP('',(#749,#750,#751,#752));
#119=EDGE_LOOP('',(#753,#754,#755,#756));
#120=EDGE_LOOP('',(#757,#758,#759,#760));
#121=EDGE_LOOP('',(#761,#762,#763,#764));
#122=EDGE_LOOP('',(#765,#766,#767,#768));
#123=EDGE_LOOP('',(#769,#770,#771,#772));
#124=EDGE_LOOP('',(#773,#774,#775,#776));
#125=EDGE_LOOP('',(#777,#778,#779,#780));
#126=EDGE_LOOP('',(#781,#782,#783,#784));
#127=EDGE_LOOP('',(#785,#786,#787,#788,#789,#790,#791,#792,#793,#794,#795,
#796,#797,#798,#799,#800,#801,#802,#803,#804,#805,#806,#807,#808));
#128=EDGE_LOOP('',(#809,#810,#811,#812,#813,#814,#815,#816,#817,#818,#819,
#820,#821,#822,#823,#824,#825,#826,#827,#828,#829,#830,#831,#832));
#129=EDGE_LOOP('',(#833,#834,#835,#836));
#130=EDGE_LOOP('',(#837,#838,#839,#840,#841,#842,#843,#844,#845,#846,#847,
#848,#849,#850,#851,#852,#853,#854,#855,#856,#857,#858,#859,#860));
#131=EDGE_LOOP('',(#861,#862,#863,#864,#865,#866,#867,#868,#869,#870,#871,
#872,#873,#874,#875,#876,#877,#878,#879,#880,#881,#882,#883,#884));
#132=EDGE_LOOP('',(#885,#886,#887,#888));
#133=EDGE_LOOP('',(#889,#890,#891,#892));
#134=EDGE_LOOP('',(#893,#894,#895,#896));
#135=EDGE_LOOP('',(#897,#898,#899,#900));
#136=EDGE_LOOP('',(#901,#902,#903,#904,#905));
#137=EDGE_LOOP('',(#906,#907));
#138=EDGE_LOOP('',(#908,#909,#910));
#139=EDGE_LOOP('',(#911,#912,#913,#914,#915));
#140=EDGE_LOOP('',(#916,#917,#918,#919));
#141=EDGE_LOOP('',(#920,#921,#922,#923));
#142=EDGE_LOOP('',(#924,#925,#926,#927,#928));
#143=EDGE_LOOP('',(#929,#930,#931,#932));
#144=EDGE_LOOP('',(#933,#934,#935,#936));
#145=EDGE_LOOP('',(#937,#938,#939,#940));
#146=CIRCLE('',#1061,1.2645);
#147=CIRCLE('',#1071,1.2645);
#148=CIRCLE('',#1073,1.2645);
#149=CIRCLE('',#1083,1.2645);
#150=CIRCLE('',#1085,1.543);
#151=CIRCLE('',#1095,1.543);
#152=CIRCLE('',#1097,1.543);
#153=CIRCLE('',#1107,1.543);
#154=CIRCLE('',#1115,7.5);
#155=CIRCLE('',#1116,7.5);
#156=CIRCLE('',#1117,7.50000000000001);
#157=CIRCLE('',#1119,7.5000000000001);
#158=CIRCLE('',#1121,7.5000000000001);
#159=CIRCLE('',#1123,7.5000000000001);
#160=CIRCLE('',#1126,7.5000000000001);
#161=B_SPLINE_CURVE_WITH_KNOTS('',3,(#1324,#1325,#1326,#1327),
 .UNSPECIFIED.,.F.,.F.,(4,4),(64.141416212773,64.8524255635528),
 .UNSPECIFIED.);
#162=B_SPLINE_CURVE_WITH_KNOTS('',3,(#1330,#1331,#1332,#1333,#1334,#1335,
#1336,#1337,#1338,#1339),.UNSPECIFIED.,.F.,.F.,(4,3,3,4),(-62.8318530717958,
-61.8592366913888,-60.8615070673341,-60.4012697689859),.UNSPECIFIED.);
#163=B_SPLINE_CURVE_WITH_KNOTS('',3,(#1344,#1345,#1346,#1347,#1348,#1349,
#1350,#1351,#1352,#1353,#1354,#1355,#1356,#1357,#1358,#1359,#1360,#1361,
#1362,#1363,#1364,#1365,#1366,#1367,#1368),.UNSPECIFIED.,.F.,.F.,(4,3,3,
3,3,3,3,3,4),(57.8582309055934,57.8683181951702,58.8660478192248,59.8637774432795,
60.8615070673342,61.8592366913888,62.8569663154435,63.8546959394981,64.141416212773),
 .UNSPECIFIED.);
#164=B_SPLINE_CURVE_WITH_KNOTS('',3,(#1369,#1370,#1371,#1372,#1373,#1374,
#1375,#1376,#1377,#1378,#1379,#1380,#1381,#1382,#1383,#1384,#1385,#1386,
#1387,#1388,#1389,#1390),.UNSPECIFIED.,.F.,.F.,(4,3,3,3,3,3,3,4),(-60.4012697689859,
-59.8637774432795,-58.8660478192248,-57.8683181951702,-56.8705885711155,
-55.8728589470609,-54.8751293230062,-54.1180844618063),.UNSPECIFIED.);
#165=B_SPLINE_CURVE_WITH_KNOTS('',3,(#1395,#1396,#1397,#1398,#1399,#1400,
#1401,#1402,#1403,#1404,#1405,#1406,#1407,#1408,#1409,#1410,#1411,#1412,
#1413,#1414,#1415,#1416),.UNSPECIFIED.,.F.,.F.,(4,3,3,3,3,3,3,4),(51.5750455984138,
51.8819404508422,52.8796700748969,53.8773996989515,54.8751293230062,55.8728589470609,
56.8705885711155,57.8582309055934),.UNSPECIFIED.);
#166=B_SPLINE_CURVE_WITH_KNOTS('',3,(#1417,#1418,#1419,#1420,#1421,#1422,
#1423,#1424,#1425,#1426,#1427,#1428,#1429,#1430,#1431,#1432,#1433,#1434,
#1435,#1436,#1437,#1438,#1439,#1440,#1441),.UNSPECIFIED.,.F.,.F.,(4,3,3,
3,3,3,3,3,4),(-54.1180844618063,-53.8773996989515,-52.8796700748969,-51.8819404508422,
-50.8842108267876,-49.8864812027329,-48.8887515786783,-47.8910219546236,
-47.8348991546267),.UNSPECIFIED.);
#167=B_SPLINE_CURVE_WITH_KNOTS('',3,(#1446,#1447,#1448,#1449,#1450,#1451,
#1452,#1453,#1454,#1455,#1456,#1457,#1458,#1459,#1460,#1461,#1462,#1463,
#1464,#1465,#1466,#1467),.UNSPECIFIED.,.F.,.F.,(4,3,3,3,3,3,3,4),(45.2918602912342,
45.8955627065143,46.8932923305689,47.8910219546236,48.8887515786782,49.8864812027329,
50.8842108267876,51.5750455984138),.UNSPECIFIED.);
#168=B_SPLINE_CURVE_WITH_KNOTS('',3,(#1468,#1469,#1470,#1471,#1472,#1473,
#1474,#1475,#1476,#1477,#1478,#1479,#1480,#1481,#1482,#1483,#1484,#1485,
#1486,#1487,#1488,#1489),.UNSPECIFIED.,.F.,.F.,(4,3,3,3,3,3,3,4),(-47.8348991546267,
-46.8932923305689,-45.8955627065143,-44.8978330824596,-43.900103458405,
-42.9023738343503,-41.9046442102956,-41.5517138474471),.UNSPECIFIED.);
#169=B_SPLINE_CURVE_WITH_KNOTS('',3,(#1494,#1495,#1496,#1497,#1498,#1499,
#1500,#1501,#1502,#1503,#1504,#1505,#1506,#1507,#1508,#1509,#1510,#1511,
#1512,#1513,#1514,#1515),.UNSPECIFIED.,.F.,.F.,(4,3,3,3,3,3,3,4),(39.0086749840546,
39.9091849621863,40.906914586241,41.9046442102956,42.9023738343503,43.900103458405,
44.8978330824596,45.2918602912342),.UNSPECIFIED.);
#170=B_SPLINE_CURVE_WITH_KNOTS('',3,(#1516,#1517,#1518,#1519,#1520,#1521,
#1522,#1523,#1524,#1525,#1526,#1527,#1528,#1529,#1530,#1531,#1532,#1533,
#1534,#1535,#1536,#1537),.UNSPECIFIED.,.F.,.F.,(4,3,3,3,3,3,3,4),(-41.5517138474471,
-40.906914586241,-39.9091849621863,-38.9114553381317,-37.913725714077,-36.9159960900224,
-35.9182664659677,-35.2685285402675),.UNSPECIFIED.);
#171=B_SPLINE_CURVE_WITH_KNOTS('',3,(#1542,#1543,#1544,#1545,#1546,#1547,
#1548,#1549,#1550,#1551,#1552,#1553,#1554,#1555,#1556,#1557,#1558,#1559,
#1560,#1561,#1562,#1563,#1564,#1565,#1566),.UNSPECIFIED.,.F.,.F.,(4,3,3,
3,3,3,3,3,4),(32.725489676875,32.9250775938037,33.9228072178584,34.920536841913,
35.9182664659677,36.9159960900223,37.913725714077,38.9114553381317,39.0086749840546),
 .UNSPECIFIED.);
#172=B_SPLINE_CURVE_WITH_KNOTS('',3,(#1567,#1568,#1569,#1570,#1571,#1572,
#1573,#1574,#1575,#1576,#1577,#1578,#1579,#1580,#1581,#1582,#1583,#1584,
#1585,#1586,#1587,#1588),.UNSPECIFIED.,.F.,.F.,(4,3,3,3,3,3,3,4),(-35.2685285402675,
-34.920536841913,-33.9228072178584,-32.9250775938037,-31.9273479697491,
-30.9296183456944,-29.9318887216397,-28.9853432330879),.UNSPECIFIED.);
#173=B_SPLINE_CURVE_WITH_KNOTS('',3,(#1593,#1594,#1595,#1596,#1597,#1598,
#1599,#1600,#1601,#1602,#1603,#1604,#1605,#1606,#1607,#1608,#1609,#1610,
#1611,#1612,#1613,#1614),.UNSPECIFIED.,.F.,.F.,(4,3,3,3,3,3,3,4),(26.4423043696954,
26.9386998494758,27.9364294735304,28.9341590975851,29.9318887216397,30.9296183456944,
31.9273479697491,32.725489676875),.UNSPECIFIED.);
#174=B_SPLINE_CURVE_WITH_KNOTS('',3,(#1615,#1616,#1617,#1618,#1619,#1620,
#1621,#1622,#1623,#1624,#1625,#1626,#1627,#1628,#1629,#1630,#1631,#1632,
#1633,#1634,#1635,#1636,#1637,#1638,#1639),.UNSPECIFIED.,.F.,.F.,(4,3,3,
3,3,3,3,3,4),(-28.9853432330879,-28.9341590975851,-27.9364294735304,-26.9386998494758,
-25.9409702254211,-24.9432406013665,-23.9455109773118,-22.9477813532571,
-22.7021579259084),.UNSPECIFIED.);
#175=B_SPLINE_CURVE_WITH_KNOTS('',3,(#1644,#1645,#1646,#1647,#1648,#1649,
#1650,#1651,#1652,#1653,#1654,#1655,#1656,#1657,#1658,#1659,#1660,#1661,
#1662,#1663,#1664,#1665),.UNSPECIFIED.,.F.,.F.,(4,3,3,3,3,3,3,4),(20.1591190625158,
20.9523221051478,21.9500517292025,22.9477813532571,23.9455109773118,24.9432406013665,
25.9409702254211,26.4423043696954),.UNSPECIFIED.);
#176=B_SPLINE_CURVE_WITH_KNOTS('',3,(#1666,#1667,#1668,#1669,#1670,#1671,
#1672,#1673,#1674,#1675,#1676,#1677,#1678,#1679,#1680,#1681,#1682,#1683,
#1684,#1685,#1686,#1687),.UNSPECIFIED.,.F.,.F.,(4,3,3,3,3,3,3,4),(-22.7021579259084,
-21.9500517292025,-20.9523221051478,-19.9545924810932,-18.9568628570385,
-17.9591332329838,-16.9614036089292,-16.4189726187288),.UNSPECIFIED.);
#177=B_SPLINE_CURVE_WITH_KNOTS('',3,(#1692,#1693,#1694,#1695,#1696,#1697,
#1698,#1699,#1700,#1701,#1702,#1703,#1704,#1705,#1706,#1707,#1708,#1709,
#1710,#1711,#1712,#1713,#1714,#1715,#1716),.UNSPECIFIED.,.F.,.F.,(4,3,3,
3,3,3,3,3,4),(13.8759337553362,13.9682147367652,14.9659443608199,15.9636739848745,
16.9614036089292,17.9591332329838,18.9568628570385,19.9545924810932,20.1591190625158),
 .UNSPECIFIED.);
#178=B_SPLINE_CURVE_WITH_KNOTS('',3,(#1717,#1718,#1719,#1720,#1721,#1722,
#1723,#1724,#1725,#1726,#1727,#1728,#1729,#1730,#1731,#1732,#1733,#1734,
#1735,#1736,#1737,#1738),.UNSPECIFIED.,.F.,.F.,(4,3,3,3,3,3,3,4),(-16.4189726187288,
-15.9636739848745,-14.9659443608199,-13.9682147367652,-12.9704851127106,
-11.9727554886559,-10.9750258646012,-10.1357873115492),.UNSPECIFIED.);
#179=B_SPLINE_CURVE_WITH_KNOTS('',3,(#1744,#1745,#1746,#1747,#1748,#1749,
#1750,#1751,#1752,#1753,#1754,#1755,#1756),.UNSPECIFIED.,.F.,.F.,(4,3,3,
3,4),(-3.85260200436959,-2.99318887216398,-1.99545924810932,-0.997729624054659,
0.),.UNSPECIFIED.);
#180=B_SPLINE_CURVE_WITH_KNOTS('',3,(#1759,#1760,#1761,#1762,#1763,#1764,
#1765,#1766,#1767,#1768,#1769,#1770,#1771,#1772,#1773,#1774,#1775,#1776,
#1777),.UNSPECIFIED.,.F.,.F.,(4,3,3,3,3,3,4),(2.02057249175692,2.99318887216398,
3.99091849621864,4.98864812027329,5.98637774432795,6.98410736838261,7.59274844815664),
 .UNSPECIFIED.);
#181=B_SPLINE_CURVE_WITH_KNOTS('',3,(#1783,#1784,#1785,#1786),
 .UNSPECIFIED.,.F.,.F.,(4,4),(64.1414162127729,64.8524255635528),
 .UNSPECIFIED.);
#182=B_SPLINE_CURVE_WITH_KNOTS('',3,(#1789,#1790,#1791,#1792,#1793,#1794,
#1795,#1796,#1797,#1798),.UNSPECIFIED.,.F.,.F.,(4,3,3,4),(-62.8318530717959,
-61.8592366913888,-60.8615070673342,-60.4012697689859),.UNSPECIFIED.);
#183=B_SPLINE_CURVE_WITH_KNOTS('',3,(#1803,#1804,#1805,#1806,#1807,#1808,
#1809,#1810,#1811,#1812,#1813,#1814,#1815,#1816,#1817,#1818,#1819,#1820,
#1821,#1822,#1823,#1824,#1825,#1826,#1827),.UNSPECIFIED.,.F.,.F.,(4,3,3,
3,3,3,3,3,4),(57.8582309055933,57.8683181951702,58.8660478192248,59.8637774432795,
60.8615070673342,61.8592366913888,62.8569663154435,63.8546959394982,64.1414162127729),
 .UNSPECIFIED.);
#184=B_SPLINE_CURVE_WITH_KNOTS('',3,(#1828,#1829,#1830,#1831,#1832,#1833,
#1834,#1835,#1836,#1837,#1838,#1839,#1840,#1841,#1842,#1843,#1844,#1845,
#1846,#1847,#1848,#1849),.UNSPECIFIED.,.F.,.F.,(4,3,3,3,3,3,3,4),(-60.4012697689859,
-59.8637774432795,-58.8660478192248,-57.8683181951702,-56.8705885711155,
-55.8728589470609,-54.8751293230062,-54.1180844618063),.UNSPECIFIED.);
#185=B_SPLINE_CURVE_WITH_KNOTS('',3,(#1854,#1855,#1856,#1857,#1858,#1859,
#1860,#1861,#1862,#1863,#1864,#1865,#1866,#1867,#1868,#1869,#1870,#1871,
#1872,#1873,#1874,#1875),.UNSPECIFIED.,.F.,.F.,(4,3,3,3,3,3,3,4),(51.5750455984138,
51.8819404508422,52.8796700748969,53.8773996989516,54.8751293230062,55.8728589470609,
56.8705885711155,57.8582309055933),.UNSPECIFIED.);
#186=B_SPLINE_CURVE_WITH_KNOTS('',3,(#1876,#1877,#1878,#1879,#1880,#1881,
#1882,#1883,#1884,#1885,#1886,#1887,#1888,#1889,#1890,#1891,#1892,#1893,
#1894,#1895,#1896,#1897,#1898,#1899,#1900),.UNSPECIFIED.,.F.,.F.,(4,3,3,
3,3,3,3,3,4),(-54.1180844618063,-53.8773996989515,-52.8796700748969,-51.8819404508422,
-50.8842108267876,-49.8864812027329,-48.8887515786783,-47.8910219546236,
-47.8348991546267),.UNSPECIFIED.);
#187=B_SPLINE_CURVE_WITH_KNOTS('',3,(#1905,#1906,#1907,#1908,#1909,#1910,
#1911,#1912,#1913,#1914,#1915,#1916,#1917,#1918,#1919,#1920,#1921,#1922,
#1923,#1924,#1925,#1926),.UNSPECIFIED.,.F.,.F.,(4,3,3,3,3,3,3,4),(45.2918602912342,
45.8955627065143,46.8932923305689,47.8910219546236,48.8887515786783,49.8864812027329,
50.8842108267876,51.5750455984138),.UNSPECIFIED.);
#188=B_SPLINE_CURVE_WITH_KNOTS('',3,(#1927,#1928,#1929,#1930,#1931,#1932,
#1933,#1934,#1935,#1936,#1937,#1938,#1939,#1940,#1941,#1942,#1943,#1944,
#1945,#1946,#1947,#1948),.UNSPECIFIED.,.F.,.F.,(4,3,3,3,3,3,3,4),(-47.8348991546267,
-46.8932923305689,-45.8955627065143,-44.8978330824596,-43.900103458405,
-42.9023738343503,-41.9046442102956,-41.5517138474471),.UNSPECIFIED.);
#189=B_SPLINE_CURVE_WITH_KNOTS('',3,(#1953,#1954,#1955,#1956,#1957,#1958,
#1959,#1960,#1961,#1962,#1963,#1964,#1965,#1966,#1967,#1968,#1969,#1970,
#1971,#1972,#1973,#1974),.UNSPECIFIED.,.F.,.F.,(4,3,3,3,3,3,3,4),(39.0086749840546,
39.9091849621863,40.906914586241,41.9046442102956,42.9023738343503,43.900103458405,
44.8978330824596,45.2918602912342),.UNSPECIFIED.);
#190=B_SPLINE_CURVE_WITH_KNOTS('',3,(#1975,#1976,#1977,#1978,#1979,#1980,
#1981,#1982,#1983,#1984,#1985,#1986,#1987,#1988,#1989,#1990,#1991,#1992,
#1993,#1994,#1995,#1996),.UNSPECIFIED.,.F.,.F.,(4,3,3,3,3,3,3,4),(-41.5517138474471,
-40.906914586241,-39.9091849621863,-38.9114553381317,-37.913725714077,-36.9159960900224,
-35.9182664659677,-35.2685285402675),.UNSPECIFIED.);
#191=B_SPLINE_CURVE_WITH_KNOTS('',3,(#2001,#2002,#2003,#2004,#2005,#2006,
#2007,#2008,#2009,#2010,#2011,#2012,#2013,#2014,#2015,#2016,#2017,#2018,
#2019,#2020,#2021,#2022,#2023,#2024,#2025),.UNSPECIFIED.,.F.,.F.,(4,3,3,
3,3,3,3,3,4),(32.725489676875,32.9250775938037,33.9228072178584,34.920536841913,
35.9182664659677,36.9159960900224,37.913725714077,38.9114553381317,39.0086749840546),
 .UNSPECIFIED.);
#192=B_SPLINE_CURVE_WITH_KNOTS('',3,(#2026,#2027,#2028,#2029,#2030,#2031,
#2032,#2033,#2034,#2035,#2036,#2037,#2038,#2039,#2040,#2041,#2042,#2043,
#2044,#2045,#2046,#2047),.UNSPECIFIED.,.F.,.F.,(4,3,3,3,3,3,3,4),(-35.2685285402675,
-34.920536841913,-33.9228072178584,-32.9250775938037,-31.9273479697491,
-30.9296183456944,-29.9318887216398,-28.9853432330879),.UNSPECIFIED.);
#193=B_SPLINE_CURVE_WITH_KNOTS('',3,(#2052,#2053,#2054,#2055,#2056,#2057,
#2058,#2059,#2060,#2061,#2062,#2063,#2064,#2065,#2066,#2067,#2068,#2069,
#2070,#2071,#2072,#2073),.UNSPECIFIED.,.F.,.F.,(4,3,3,3,3,3,3,4),(26.4423043696954,
26.9386998494758,27.9364294735304,28.9341590975851,29.9318887216398,30.9296183456944,
31.9273479697491,32.725489676875),.UNSPECIFIED.);
#194=B_SPLINE_CURVE_WITH_KNOTS('',3,(#2074,#2075,#2076,#2077,#2078,#2079,
#2080,#2081,#2082,#2083,#2084,#2085,#2086,#2087,#2088,#2089,#2090,#2091,
#2092,#2093,#2094,#2095,#2096,#2097,#2098),.UNSPECIFIED.,.F.,.F.,(4,3,3,
3,3,3,3,3,4),(-28.9853432330879,-28.9341590975851,-27.9364294735304,-26.9386998494758,
-25.9409702254211,-24.9432406013665,-23.9455109773118,-22.9477813532571,
-22.7021579259083),.UNSPECIFIED.);
#195=B_SPLINE_CURVE_WITH_KNOTS('',3,(#2103,#2104,#2105,#2106,#2107,#2108,
#2109,#2110,#2111,#2112,#2113,#2114,#2115,#2116,#2117,#2118,#2119,#2120,
#2121,#2122,#2123,#2124),.UNSPECIFIED.,.F.,.F.,(4,3,3,3,3,3,3,4),(20.1591190625158,
20.9523221051478,21.9500517292025,22.9477813532571,23.9455109773118,24.9432406013665,
25.9409702254211,26.4423043696954),.UNSPECIFIED.);
#196=B_SPLINE_CURVE_WITH_KNOTS('',3,(#2125,#2126,#2127,#2128,#2129,#2130,
#2131,#2132,#2133,#2134,#2135,#2136,#2137,#2138,#2139,#2140,#2141,#2142,
#2143,#2144,#2145,#2146),.UNSPECIFIED.,.F.,.F.,(4,3,3,3,3,3,3,4),(-22.7021579259083,
-21.9500517292025,-20.9523221051478,-19.9545924810932,-18.9568628570385,
-17.9591332329839,-16.9614036089292,-16.4189726187288),.UNSPECIFIED.);
#197=B_SPLINE_CURVE_WITH_KNOTS('',3,(#2151,#2152,#2153,#2154,#2155,#2156,
#2157,#2158,#2159,#2160,#2161,#2162,#2163,#2164,#2165,#2166,#2167,#2168,
#2169,#2170,#2171,#2172,#2173,#2174,#2175),.UNSPECIFIED.,.F.,.F.,(4,3,3,
3,3,3,3,3,4),(13.8759337553362,13.9682147367652,14.9659443608199,15.9636739848745,
16.9614036089292,17.9591332329838,18.9568628570385,19.9545924810932,20.1591190625158),
 .UNSPECIFIED.);
#198=B_SPLINE_CURVE_WITH_KNOTS('',3,(#2176,#2177,#2178,#2179,#2180,#2181,
#2182,#2183,#2184,#2185,#2186,#2187,#2188,#2189,#2190,#2191,#2192,#2193,
#2194,#2195,#2196,#2197),.UNSPECIFIED.,.F.,.F.,(4,3,3,3,3,3,3,4),(-16.4189726187288,
-15.9636739848745,-14.9659443608199,-13.9682147367652,-12.9704851127106,
-11.9727554886559,-10.9750258646012,-10.1357873115492),.UNSPECIFIED.);
#199=B_SPLINE_CURVE_WITH_KNOTS('',3,(#2203,#2204,#2205,#2206,#2207,#2208,
#2209,#2210,#2211,#2212,#2213,#2214,#2215),.UNSPECIFIED.,.F.,.F.,(4,3,3,
3,4),(-3.85260200436958,-2.99318887216398,-1.99545924810932,-0.997729624054659,
0.),.UNSPECIFIED.);
#200=B_SPLINE_CURVE_WITH_KNOTS('',3,(#2218,#2219,#2220,#2221,#2222,#2223,
#2224,#2225,#2226,#2227,#2228,#2229,#2230,#2231,#2232,#2233,#2234,#2235,
#2236),.UNSPECIFIED.,.F.,.F.,(4,3,3,3,3,3,4),(2.02057249175692,2.99318887216397,
3.99091849621863,4.98864812027329,5.98637774432795,6.98410736838261,7.59274844815663),
 .UNSPECIFIED.);
#201=B_SPLINE_CURVE_WITH_KNOTS('',3,(#2242,#2243,#2244,#2245,#2246,#2247,
#2248,#2249),.UNSPECIFIED.,.F.,.F.,(4,1,1,1,1,4),(72.2566310325652,72.7168683309135,
73.7145979549681,74.7123275790228,75.7100572030775,76.7077868271321),
 .UNSPECIFIED.);
#202=B_SPLINE_CURVE_WITH_KNOTS('',3,(#2252,#2253,#2254,#2255,#2256,#2257,
#2258,#2259,#2260),.UNSPECIFIED.,.F.,.F.,(4,1,1,1,1,1,4),(72.2566310325652,
72.266718322142,73.2644479461967,74.2621775702513,75.259907194306,76.2576368183607,
77.2302531987677),.UNSPECIFIED.);
#203=B_SPLINE_CURVE_WITH_KNOTS('',3,(#2265,#2266,#2267,#2268,#2269,#2270,
#2271,#2272,#2273,#2274),.UNSPECIFIED.,.F.,.F.,(4,1,1,1,1,1,1,4),(65.9734457253856,
66.7304905865855,67.7282202106402,68.7259498346948,69.7236794587495,70.7214090828042,
71.7191387068588,72.2566310325652),.UNSPECIFIED.);
#204=B_SPLINE_CURVE_WITH_KNOTS('',3,(#2275,#2276,#2277,#2278,#2279,#2280,
#2281,#2282,#2283,#2284),.UNSPECIFIED.,.F.,.F.,(4,1,1,1,1,1,1,4),(65.9734457253856,
66.2803405778141,67.2780702018687,68.2757998259234,69.273529449978,70.2712590740327,
71.2689886980874,72.2566310325652),.UNSPECIFIED.);
#205=B_SPLINE_CURVE_WITH_KNOTS('',3,(#2289,#2290,#2291,#2292,#2293,#2294,
#2295,#2296,#2297,#2298,#2299),.UNSPECIFIED.,.F.,.F.,(4,1,1,1,1,1,1,1,4),
(59.6902604182061,59.7463832182029,60.7441128422576,61.7418424663122,62.7395720903669,
63.7373017144216,64.7350313384762,65.7327609625309,65.9734457253856),
 .UNSPECIFIED.);
#206=B_SPLINE_CURVE_WITH_KNOTS('',3,(#2300,#2301,#2302,#2303,#2304,#2305,
#2306,#2307,#2308,#2309),.UNSPECIFIED.,.F.,.F.,(4,1,1,1,1,1,1,4),(59.6902604182061,
60.2939628334861,61.2916924575408,62.2894220815954,63.2871517056501,64.2848813297047,
65.2826109537594,65.9734457253856),.UNSPECIFIED.);
#207=B_SPLINE_CURVE_WITH_KNOTS('',3,(#2314,#2315,#2316,#2317,#2318,#2319,
#2320,#2321,#2322,#2323),.UNSPECIFIED.,.F.,.F.,(4,1,1,1,1,1,1,4),(53.4070751110265,
53.760005473875,54.7577350979296,55.7554647219843,56.753194346039,57.7509239700936,
58.7486535941483,59.6902604182061),.UNSPECIFIED.);
#208=B_SPLINE_CURVE_WITH_KNOTS('',3,(#2324,#2325,#2326,#2327,#2328,#2329,
#2330,#2331,#2332,#2333),.UNSPECIFIED.,.F.,.F.,(4,1,1,1,1,1,1,4),(53.4070751110265,
54.3075850891582,55.3053147132128,56.3030443372675,57.3007739613221,58.2985035853768,
59.2962332094315,59.6902604182061),.UNSPECIFIED.);
#209=B_SPLINE_CURVE_WITH_KNOTS('',3,(#2338,#2339,#2340,#2341,#2342,#2343,
#2344,#2345,#2346,#2347),.UNSPECIFIED.,.F.,.F.,(4,1,1,1,1,1,1,4),(47.1238898038469,
47.773627729547,48.7713573536017,49.7690869776563,50.766816601711,51.7645462257657,
52.7622758498203,53.4070751110265),.UNSPECIFIED.);
#210=B_SPLINE_CURVE_WITH_KNOTS('',3,(#2348,#2349,#2350,#2351,#2352,#2353,
#2354,#2355,#2356,#2357,#2358),.UNSPECIFIED.,.F.,.F.,(4,1,1,1,1,1,1,1,4),
(47.1238898038469,47.3234777207756,48.3212073448302,49.3189369688849,50.3166665929395,
51.3143962169942,52.3121258410488,53.3098554651035,53.4070751110265),
 .UNSPECIFIED.);
#211=B_SPLINE_CURVE_WITH_KNOTS('',3,(#2363,#2364,#2365,#2366,#2367,#2368,
#2369,#2370,#2371,#2372),.UNSPECIFIED.,.F.,.F.,(4,1,1,1,1,1,1,4),(40.8407044966673,
41.7872499852191,42.7849796092737,43.7827092333284,44.7804388573831,45.7781684814377,
46.7758981054924,47.1238898038469),.UNSPECIFIED.);
#212=B_SPLINE_CURVE_WITH_KNOTS('',3,(#2373,#2374,#2375,#2376,#2377,#2378,
#2379,#2380,#2381,#2382),.UNSPECIFIED.,.F.,.F.,(4,1,1,1,1,1,1,4),(40.8407044966673,
41.3370999764476,42.3348296005023,43.3325592245569,44.3302888486116,45.3280184726662,
46.3257480967209,47.1238898038469),.UNSPECIFIED.);
#213=B_SPLINE_CURVE_WITH_KNOTS('',3,(#2387,#2388,#2389,#2390,#2391,#2392,
#2393,#2394,#2395,#2396,#2397),.UNSPECIFIED.,.F.,.F.,(4,1,1,1,1,1,1,1,4),
(34.5575191894877,34.8031426168365,35.8008722408911,36.7986018649458,37.7963314890004,
38.7940611130551,39.7917907371098,40.7895203611644,40.8407044966673),
 .UNSPECIFIED.);
#214=B_SPLINE_CURVE_WITH_KNOTS('',3,(#2398,#2399,#2400,#2401,#2402,#2403,
#2404,#2405,#2406,#2407),.UNSPECIFIED.,.F.,.F.,(4,1,1,1,1,1,1,4),(34.5575191894877,
35.3507222321197,36.3484518561743,37.346181480229,38.3439111042836,39.3416407283383,
40.3393703523929,40.8407044966673),.UNSPECIFIED.);
#215=B_SPLINE_CURVE_WITH_KNOTS('',3,(#2412,#2413,#2414,#2415,#2416,#2417,
#2418,#2419,#2420,#2421),.UNSPECIFIED.,.F.,.F.,(4,1,1,1,1,1,1,4),(28.2743338823081,
28.8167648725085,29.8144944965632,30.8122241206178,31.8099537446725,32.8076833687272,
33.8054129927818,34.5575191894877),.UNSPECIFIED.);
#216=B_SPLINE_CURVE_WITH_KNOTS('',3,(#2422,#2423,#2424,#2425,#2426,#2427,
#2428,#2429,#2430,#2431,#2432),.UNSPECIFIED.,.F.,.F.,(4,1,1,1,1,1,1,1,4),
(28.2743338823081,28.3666148637371,29.3643444877917,30.3620741118464,31.359803735901,
32.3575333599557,33.3552629840103,34.352992608065,34.5575191894877),
 .UNSPECIFIED.);
#217=B_SPLINE_CURVE_WITH_KNOTS('',3,(#2437,#2438,#2439,#2440,#2441,#2442,
#2443,#2444,#2445,#2446),.UNSPECIFIED.,.F.,.F.,(4,1,1,1,1,1,1,4),(21.9911485751285,
22.8303871281806,23.8281167522352,24.8258463762899,25.8235760003446,26.8213056243992,
27.8190352484539,28.2743338823081),.UNSPECIFIED.);
#218=B_SPLINE_CURVE_WITH_KNOTS('',3,(#2447,#2448,#2449,#2450,#2451,#2452,
#2453,#2454,#2455,#2456),.UNSPECIFIED.,.F.,.F.,(4,1,1,1,1,1,1,4),(21.9911485751285,
22.3802371194091,23.3779667434638,24.3756963675184,25.3734259915731,26.3711556156277,
27.3688852396824,28.2743338823081),.UNSPECIFIED.);
#219=B_SPLINE_CURVE_WITH_KNOTS('',3,(#2462,#2463,#2464,#2465,#2466),
 .UNSPECIFIED.,.F.,.F.,(4,1,4),(14.3984001269718,15.3961297510265,15.7079632679489),
 .UNSPECIFIED.);
#220=B_SPLINE_CURVE_WITH_KNOTS('',3,(#2469,#2470,#2471,#2472,#2473),
 .UNSPECIFIED.,.F.,.F.,(4,1,4),(13.8759337553363,14.8485501357433,15.7079632679489),
 .UNSPECIFIED.);
#221=B_SPLINE_CURVE_WITH_KNOTS('',3,(#2479,#2480,#2481,#2482,#2483,#2484,
#2485,#2486),.UNSPECIFIED.,.F.,.F.,(4,1,1,1,1,4),(72.2566310325652,72.7168683309135,
73.7145979549682,74.7123275790228,75.7100572030775,76.7077868271321),
 .UNSPECIFIED.);
#222=B_SPLINE_CURVE_WITH_KNOTS('',3,(#2489,#2490,#2491,#2492,#2493,#2494,
#2495,#2496,#2497),.UNSPECIFIED.,.F.,.F.,(4,1,1,1,1,1,4),(72.2566310325652,
72.266718322142,73.2644479461967,74.2621775702514,75.259907194306,76.2576368183607,
77.2302531987677),.UNSPECIFIED.);
#223=B_SPLINE_CURVE_WITH_KNOTS('',3,(#2502,#2503,#2504,#2505,#2506,#2507,
#2508,#2509,#2510,#2511),.UNSPECIFIED.,.F.,.F.,(4,1,1,1,1,1,1,4),(65.9734457253856,
66.7304905865856,67.7282202106402,68.7259498346949,69.7236794587495,70.7214090828042,
71.7191387068588,72.2566310325652),.UNSPECIFIED.);
#224=B_SPLINE_CURVE_WITH_KNOTS('',3,(#2512,#2513,#2514,#2515,#2516,#2517,
#2518,#2519,#2520,#2521),.UNSPECIFIED.,.F.,.F.,(4,1,1,1,1,1,1,4),(65.9734457253856,
66.2803405778141,67.2780702018687,68.2757998259234,69.2735294499781,70.2712590740327,
71.2689886980874,72.2566310325652),.UNSPECIFIED.);
#225=B_SPLINE_CURVE_WITH_KNOTS('',3,(#2526,#2527,#2528,#2529,#2530,#2531,
#2532,#2533,#2534,#2535,#2536),.UNSPECIFIED.,.F.,.F.,(4,1,1,1,1,1,1,1,4),
(59.6902604182061,59.746383218203,60.7441128422576,61.7418424663123,62.7395720903669,
63.7373017144216,64.7350313384762,65.7327609625309,65.9734457253856),
 .UNSPECIFIED.);
#226=B_SPLINE_CURVE_WITH_KNOTS('',3,(#2537,#2538,#2539,#2540,#2541,#2542,
#2543,#2544,#2545,#2546),.UNSPECIFIED.,.F.,.F.,(4,1,1,1,1,1,1,4),(59.6902604182061,
60.2939628334861,61.2916924575408,62.2894220815955,63.2871517056501,64.2848813297048,
65.2826109537594,65.9734457253856),.UNSPECIFIED.);
#227=B_SPLINE_CURVE_WITH_KNOTS('',3,(#2551,#2552,#2553,#2554,#2555,#2556,
#2557,#2558,#2559,#2560),.UNSPECIFIED.,.F.,.F.,(4,1,1,1,1,1,1,4),(53.4070751110265,
53.760005473875,54.7577350979297,55.7554647219843,56.753194346039,57.7509239700936,
58.7486535941483,59.6902604182061),.UNSPECIFIED.);
#228=B_SPLINE_CURVE_WITH_KNOTS('',3,(#2561,#2562,#2563,#2564,#2565,#2566,
#2567,#2568,#2569,#2570),.UNSPECIFIED.,.F.,.F.,(4,1,1,1,1,1,1,4),(53.4070751110265,
54.3075850891582,55.3053147132128,56.3030443372675,57.3007739613222,58.2985035853768,
59.2962332094315,59.6902604182061),.UNSPECIFIED.);
#229=B_SPLINE_CURVE_WITH_KNOTS('',3,(#2575,#2576,#2577,#2578,#2579,#2580,
#2581,#2582,#2583,#2584),.UNSPECIFIED.,.F.,.F.,(4,1,1,1,1,1,1,4),(47.1238898038469,
47.7736277295471,48.7713573536017,49.7690869776564,50.766816601711,51.7645462257657,
52.7622758498203,53.4070751110265),.UNSPECIFIED.);
#230=B_SPLINE_CURVE_WITH_KNOTS('',3,(#2585,#2586,#2587,#2588,#2589,#2590,
#2591,#2592,#2593,#2594,#2595),.UNSPECIFIED.,.F.,.F.,(4,1,1,1,1,1,1,1,4),
(47.1238898038469,47.3234777207756,48.3212073448302,49.3189369688849,50.3166665929396,
51.3143962169942,52.3121258410489,53.3098554651035,53.4070751110265),
 .UNSPECIFIED.);
#231=B_SPLINE_CURVE_WITH_KNOTS('',3,(#2600,#2601,#2602,#2603,#2604,#2605,
#2606,#2607,#2608,#2609),.UNSPECIFIED.,.F.,.F.,(4,1,1,1,1,1,1,4),(40.8407044966673,
41.7872499852191,42.7849796092738,43.7827092333284,44.7804388573831,45.7781684814377,
46.7758981054924,47.1238898038469),.UNSPECIFIED.);
#232=B_SPLINE_CURVE_WITH_KNOTS('',3,(#2610,#2611,#2612,#2613,#2614,#2615,
#2616,#2617,#2618,#2619),.UNSPECIFIED.,.F.,.F.,(4,1,1,1,1,1,1,4),(40.8407044966673,
41.3370999764476,42.3348296005023,43.3325592245569,44.3302888486116,45.3280184726663,
46.3257480967209,47.1238898038469),.UNSPECIFIED.);
#233=B_SPLINE_CURVE_WITH_KNOTS('',3,(#2624,#2625,#2626,#2627,#2628,#2629,
#2630,#2631,#2632,#2633,#2634),.UNSPECIFIED.,.F.,.F.,(4,1,1,1,1,1,1,1,4),
(34.5575191894877,34.8031426168365,35.8008722408912,36.7986018649458,37.7963314890005,
38.7940611130551,39.7917907371098,40.7895203611644,40.8407044966673),
 .UNSPECIFIED.);
#234=B_SPLINE_CURVE_WITH_KNOTS('',3,(#2635,#2636,#2637,#2638,#2639,#2640,
#2641,#2642,#2643,#2644),.UNSPECIFIED.,.F.,.F.,(4,1,1,1,1,1,1,4),(34.5575191894877,
35.3507222321197,36.3484518561743,37.346181480229,38.3439111042837,39.3416407283383,
40.339370352393,40.8407044966673),.UNSPECIFIED.);
#235=B_SPLINE_CURVE_WITH_KNOTS('',3,(#2649,#2650,#2651,#2652,#2653,#2654,
#2655,#2656,#2657,#2658),.UNSPECIFIED.,.F.,.F.,(4,1,1,1,1,1,1,4),(28.2743338823081,
28.8167648725085,29.8144944965632,30.8122241206179,31.8099537446725,32.8076833687272,
33.8054129927818,34.5575191894877),.UNSPECIFIED.);
#236=B_SPLINE_CURVE_WITH_KNOTS('',3,(#2659,#2660,#2661,#2662,#2663,#2664,
#2665,#2666,#2667,#2668,#2669),.UNSPECIFIED.,.F.,.F.,(4,1,1,1,1,1,1,1,4),
(28.2743338823081,28.3666148637371,29.3643444877917,30.3620741118464,31.359803735901,
32.3575333599557,33.3552629840104,34.352992608065,34.5575191894877),
 .UNSPECIFIED.);
#237=B_SPLINE_CURVE_WITH_KNOTS('',3,(#2674,#2675,#2676,#2677,#2678,#2679,
#2680,#2681,#2682,#2683),.UNSPECIFIED.,.F.,.F.,(4,1,1,1,1,1,1,4),(21.9911485751285,
22.8303871281806,23.8281167522353,24.8258463762899,25.8235760003446,26.8213056243992,
27.8190352484539,28.2743338823081),.UNSPECIFIED.);
#238=B_SPLINE_CURVE_WITH_KNOTS('',3,(#2684,#2685,#2686,#2687,#2688,#2689,
#2690,#2691,#2692,#2693),.UNSPECIFIED.,.F.,.F.,(4,1,1,1,1,1,1,4),(21.9911485751285,
22.3802371194091,23.3779667434638,24.3756963675184,25.3734259915731,26.3711556156278,
27.3688852396824,28.2743338823081),.UNSPECIFIED.);
#239=B_SPLINE_CURVE_WITH_KNOTS('',3,(#2699,#2700,#2701,#2702,#2703),
 .UNSPECIFIED.,.F.,.F.,(4,1,4),(14.3984001269719,15.3961297510265,15.7079632679489),
 .UNSPECIFIED.);
#240=B_SPLINE_CURVE_WITH_KNOTS('',3,(#2706,#2707,#2708,#2709,#2710),
 .UNSPECIFIED.,.F.,.F.,(4,1,4),(13.8759337553363,14.8485501357433,15.7079632679489),
 .UNSPECIFIED.);
#241=B_SPLINE_CURVE_WITH_KNOTS('',3,(#2712,#2713,#2714,#2715,#2716,#2717,
#2718,#2719,#2720,#2721,#2722),.UNSPECIFIED.,.F.,.F.,(4,1,1,1,1,1,1,1,4),
(15.7079632679489,15.846279759798,16.8440093838526,17.8417390079073,18.839468631962,
19.8371982560166,20.8349278800713,21.8326575041259,21.9911485751285),
 .UNSPECIFIED.);
#242=B_SPLINE_CURVE_WITH_KNOTS('',3,(#2723,#2724,#2725,#2726,#2727,#2728,
#2729,#2730,#2731,#2732),.UNSPECIFIED.,.F.,.F.,(4,1,1,1,1,1,1,4),(15.7079632679489,
16.3938593750812,17.3915889991358,18.3893186231905,19.3870482472452,20.3847778712998,
21.3825074953545,21.9911485751285),.UNSPECIFIED.);
#243=B_SPLINE_CURVE_WITH_KNOTS('',3,(#3005,#3006,#3007,#3008,#3009,#3010,
#3011,#3012,#3013,#3014,#3015,#3016,#3017,#3018,#3019,#3020,#3021,#3022,
#3023,#3024,#3025,#3026,#3027,#3028,#3029,#3030,#3031,#3032,#3033,#3034,
#3035,#3036,#3037,#3038,#3039,#3040,#3041,#3042,#3043,#3044,#3045,#3046,
#3047,#3048,#3049,#3050,#3051,#3052,#3053,#3054,#3055,#3056,#3057,#3058,
#3059,#3060,#3061,#3062,#3063,#3064,#3065,#3066,#3067,#3068,#3069,#3070,
#3071,#3072,#3073,#3074,#3075,#3076,#3077,#3078,#3079,#3080),
 .UNSPECIFIED.,.F.,.F.,(4,3,3,3,3,3,3,3,3,3,3,3,3,3,3,3,3,3,3,3,3,3,3,3,
3,4),(-0.285142803995151,-0.266695300315585,-0.24899211633568,-0.244701554443986,
-0.226724820849587,-0.215150014691539,-0.210341601360583,-0.192146894660093,
-0.175011230102689,-0.165405116141002,-0.156925037568275,-0.153988263317759,
-0.137562774558625,-0.120467493964546,-0.105809109990805,-0.102709756560941,
-0.0997725592755248,-0.0831585425829284,-0.0666442788782866,-0.0581354498507804,
-0.0526960143976563,-0.049685800023002,-0.0337449545848647,-0.0183714076584678,
-0.00320042217461626,0.),.UNSPECIFIED.);
#244=B_SPLINE_CURVE_WITH_KNOTS('',3,(#3081,#3082,#3083,#3084,#3085,#3086,
#3087,#3088,#3089,#3090,#3091,#3092,#3093,#3094,#3095,#3096,#3097,#3098,
#3099,#3100,#3101,#3102,#3103,#3104,#3105,#3106,#3107,#3108,#3109,#3110,
#3111,#3112,#3113,#3114,#3115,#3116,#3117,#3118,#3119,#3120,#3121,#3122,
#3123,#3124,#3125,#3126,#3127,#3128,#3129,#3130,#3131,#3132,#3133,#3134,
#3135,#3136,#3137,#3138,#3139,#3140,#3141,#3142,#3143,#3144,#3145,#3146,
#3147,#3148,#3149,#3150,#3151,#3152,#3153,#3154,#3155,#3156,#3157,#3158,
#3159),.UNSPECIFIED.,.F.,.F.,(4,3,3,3,3,3,3,3,3,3,3,3,3,3,3,3,3,3,3,3,3,
3,3,3,3,3,4),(0.,0.0151349247065701,0.030952462148646,0.0438349557979029,
0.0499488615672606,0.0529466003278133,0.0692719009429986,0.0858474175319467,
0.0978886659846353,0.101534339875901,0.104463735673845,0.121543005164267,
0.134012411342701,0.150659597741068,0.155442426517284,0.158496927496789,
0.175518342298145,0.192949939755167,0.203989908459971,0.212545368971634,
0.215900501910019,0.232242798780913,0.244620625130334,0.248846765164801,
0.267054550698052,0.281269689393596,0.28514280399517),.UNSPECIFIED.);
#245=B_SPLINE_CURVE_WITH_KNOTS('',3,(#3160,#3161,#3162,#3163,#3164,#3165,
#3166,#3167,#3168,#3169,#3170,#3171,#3172,#3173,#3174,#3175,#3176,#3177,
#3178,#3179,#3180,#3181,#3182,#3183,#3184),.UNSPECIFIED.,.F.,.F.,(4,3,3,
3,3,3,3,3,4),(-10.1357873115492,-9.97729624054659,-8.97956661649193,-7.98183699243727,
-6.98410736838261,-5.98637774432795,-4.98864812027329,-3.99091849621864,
-3.85260200436958),.UNSPECIFIED.);
#246=B_SPLINE_CURVE_WITH_KNOTS('',3,(#3457,#3458,#3459,#3460,#3461,#3462,
#3463,#3464,#3465,#3466,#3467,#3468,#3469,#3470,#3471,#3472,#3473,#3474,
#3475,#3476,#3477,#3478,#3479,#3480,#3481,#3482,#3483,#3484,#3485,#3486,
#3487,#3488,#3489,#3490,#3491,#3492,#3493,#3494,#3495,#3496,#3497,#3498,
#3499,#3500,#3501,#3502,#3503,#3504,#3505,#3506,#3507,#3508,#3509,#3510,
#3511,#3512,#3513,#3514,#3515,#3516,#3517,#3518,#3519,#3520,#3521,#3522,
#3523,#3524,#3525,#3526,#3527,#3528,#3529,#3530,#3531,#3532,#3533,#3534,
#3535,#3536,#3537,#3538),.UNSPECIFIED.,.F.,.F.,(4,3,3,3,3,3,3,3,3,3,3,3,
3,3,3,3,3,3,3,3,3,3,3,3,3,3,3,4),(-0.286347380332237,-0.271028376011013,
-0.259838839480274,-0.255800318637122,-0.251908940785201,-0.2357176195855,
-0.229231792300026,-0.224282572952882,-0.220541952526178,-0.203387146330719,
-0.186605135652872,-0.17793453367574,-0.173457731702223,-0.170499728761728,
-0.153236766595785,-0.151922727744341,-0.135325253262196,-0.118895667580904,
-0.115939871046701,-0.0986894096701302,-0.0810326301428396,-0.0632623337802194,
-0.0597092366491956,-0.0566509887894916,-0.0384241487801262,-0.0203834062012682,
-0.0038885678118585,0.),.UNSPECIFIED.);
#247=B_SPLINE_CURVE_WITH_KNOTS('',3,(#3539,#3540,#3541,#3542,#3543,#3544,
#3545,#3546,#3547,#3548,#3549,#3550,#3551,#3552,#3553,#3554,#3555,#3556,
#3557,#3558,#3559,#3560),.UNSPECIFIED.,.F.,.F.,(4,3,3,3,3,3,3,4),(7.59274844815663,
7.98183699243726,8.97956661649192,9.97729624054658,10.9750258646012,11.9727554886559,
12.9704851127106,13.8759337553362),.UNSPECIFIED.);
#248=B_SPLINE_CURVE_WITH_KNOTS('',3,(#3561,#3562,#3563,#3564,#3565,#3566,
#3567,#3568,#3569,#3570,#3571,#3572,#3573,#3574,#3575,#3576,#3577,#3578,
#3579,#3580,#3581,#3582,#3583,#3584,#3585,#3586,#3587,#3588,#3589,#3590,
#3591,#3592,#3593,#3594,#3595,#3596,#3597,#3598,#3599,#3600,#3601,#3602,
#3603,#3604,#3605,#3606,#3607,#3608,#3609,#3610,#3611,#3612,#3613,#3614,
#3615,#3616,#3617,#3618,#3619,#3620,#3621,#3622,#3623,#3624,#3625,#3626,
#3627,#3628,#3629,#3630,#3631,#3632,#3633,#3634,#3635,#3636,#3637,#3638,
#3639),.UNSPECIFIED.,.F.,.F.,(4,3,3,3,3,3,3,3,3,3,3,3,3,3,3,3,3,3,3,3,3,
3,3,3,3,3,4),(0.,0.0185446662744548,0.0367875821782578,0.0507338006804304,
0.0583007044107915,0.0610577669250774,0.078813787148066,0.0962065545073599,
0.10924424842943,0.115851529813085,0.118955993789406,0.135791988450215,
0.148357330195639,0.165204664660869,0.169987193340464,0.173022345393519,
0.189791308793195,0.206553622209469,0.216707562518092,0.221978009078719,
0.226241951316551,0.242336899296126,0.253617720760946,0.258177599100647,
0.273632746872716,0.28313600591748,0.286347380332249),.UNSPECIFIED.);
#249=B_SPLINE_CURVE_WITH_KNOTS('',3,(#3641,#3642,#3643,#3644,#3645,#3646,
#3647,#3648,#3649,#3650,#3651),.UNSPECIFIED.,.F.,.F.,(4,1,1,1,1,1,1,1,4),
(15.7079632679489,15.846279759798,16.8440093838526,17.8417390079073,18.8394686319619,
19.8371982560166,20.8349278800713,21.8326575041259,21.9911485751285),
 .UNSPECIFIED.);
#250=B_SPLINE_CURVE_WITH_KNOTS('',3,(#3652,#3653,#3654,#3655,#3656,#3657,
#3658,#3659,#3660,#3661),.UNSPECIFIED.,.F.,.F.,(4,1,1,1,1,1,1,4),(15.7079632679489,
16.3938593750812,17.3915889991358,18.3893186231905,19.3870482472451,20.3847778712998,
21.3825074953544,21.9911485751285),.UNSPECIFIED.);
#251=B_SPLINE_CURVE_WITH_KNOTS('',3,(#3934,#3935,#3936,#3937,#3938,#3939,
#3940,#3941,#3942,#3943,#3944,#3945,#3946,#3947,#3948,#3949,#3950,#3951,
#3952,#3953,#3954,#3955,#3956,#3957,#3958,#3959,#3960,#3961,#3962,#3963,
#3964,#3965,#3966,#3967,#3968,#3969,#3970,#3971,#3972,#3973,#3974,#3975,
#3976,#3977,#3978,#3979,#3980,#3981,#3982,#3983,#3984,#3985,#3986,#3987,
#3988,#3989,#3990,#3991,#3992,#3993,#3994,#3995,#3996,#3997,#3998,#3999,
#4000,#4001,#4002,#4003,#4004,#4005,#4006,#4007,#4008,#4009),
 .UNSPECIFIED.,.F.,.F.,(4,3,3,3,3,3,3,3,3,3,3,3,3,3,3,3,3,3,3,3,3,3,3,3,
3,4),(-0.285142803995115,-0.266695300315553,-0.248992299350289,-0.244701590875625,
-0.226724825663806,-0.215150095072327,-0.210341615802103,-0.192146905491232,
-0.175011114278786,-0.165405017966052,-0.156924884256849,-0.153987953470846,
-0.137562774558619,-0.120467512314826,-0.1058091260473,-0.102709726098057,
-0.0997724862945475,-0.0831584874181599,-0.0666441805771423,-0.0581353048751714,
-0.0526955902511792,-0.0496851191678464,-0.0337442098340864,-0.0183704235563847,
-0.00320042217461627,0.),.UNSPECIFIED.);
#252=B_SPLINE_CURVE_WITH_KNOTS('',3,(#4010,#4011,#4012,#4013,#4014,#4015,
#4016,#4017,#4018,#4019,#4020,#4021,#4022,#4023,#4024,#4025,#4026,#4027,
#4028,#4029,#4030,#4031,#4032,#4033,#4034,#4035,#4036,#4037,#4038,#4039,
#4040,#4041,#4042,#4043,#4044,#4045,#4046,#4047,#4048,#4049,#4050,#4051,
#4052,#4053,#4054,#4055,#4056,#4057,#4058,#4059,#4060,#4061,#4062,#4063,
#4064,#4065,#4066,#4067,#4068,#4069,#4070,#4071,#4072,#4073,#4074,#4075,
#4076,#4077,#4078,#4079,#4080,#4081,#4082,#4083,#4084,#4085,#4086,#4087,
#4088),.UNSPECIFIED.,.F.,.F.,(4,3,3,3,3,3,3,3,3,3,3,3,3,3,3,3,3,3,3,3,3,
3,3,3,3,3,4),(0.,0.0151344484699644,0.0309516484390339,0.0438342438019915,
0.0499458526313318,0.0529460218419387,0.0692709928915863,0.0858461681690623,
0.0978877289624704,0.101563615739398,0.104497095151366,0.121576335129856,
0.134012411342695,0.150659827186373,0.155442838437319,0.158497110775653,
0.175518795409844,0.192950519890288,0.203990416078199,0.212545300294446,
0.215900532808016,0.232242821954405,0.244620700831173,0.248846795688745,
0.267054578035585,0.281269689393573,0.285142803995145),.UNSPECIFIED.);
#253=B_SPLINE_CURVE_WITH_KNOTS('',3,(#4089,#4090,#4091,#4092,#4093,#4094,
#4095,#4096,#4097,#4098,#4099,#4100,#4101,#4102,#4103,#4104,#4105,#4106,
#4107,#4108,#4109,#4110,#4111,#4112,#4113),.UNSPECIFIED.,.F.,.F.,(4,3,3,
3,3,3,3,3,4),(-10.1357873115492,-9.97729624054658,-8.97956661649193,-7.98183699243727,
-6.98410736838261,-5.98637774432795,-4.98864812027329,-3.99091849621864,
-3.85260200436959),.UNSPECIFIED.);
#254=B_SPLINE_CURVE_WITH_KNOTS('',3,(#4386,#4387,#4388,#4389,#4390,#4391,
#4392,#4393,#4394,#4395,#4396,#4397,#4398,#4399,#4400,#4401,#4402,#4403,
#4404,#4405,#4406,#4407,#4408,#4409,#4410,#4411,#4412,#4413,#4414,#4415,
#4416,#4417,#4418,#4419,#4420,#4421,#4422,#4423,#4424,#4425,#4426,#4427,
#4428,#4429,#4430,#4431,#4432,#4433,#4434,#4435,#4436,#4437,#4438,#4439,
#4440,#4441,#4442,#4443,#4444,#4445,#4446,#4447,#4448,#4449,#4450,#4451,
#4452,#4453,#4454,#4455,#4456,#4457,#4458,#4459,#4460,#4461,#4462,#4463,
#4464,#4465,#4466,#4467),.UNSPECIFIED.,.F.,.F.,(4,3,3,3,3,3,3,3,3,3,3,3,
3,3,3,3,3,3,3,3,3,3,3,3,3,3,3,4),(-0.286347380332237,-0.271028832200317,
-0.259840684798444,-0.255803133360684,-0.251909375601809,-0.23571835741176,
-0.229233373590647,-0.224300678341811,-0.22054568583136,-0.203389946309604,
-0.186607841775256,-0.177936563267526,-0.173464671311497,-0.170509857101534,
-0.153246878317574,-0.151922727744335,-0.135324948666963,-0.118895401060075,
-0.11593994245011,-0.0986892311019762,-0.081032345109948,-0.0632620481226972,
-0.059705861663889,-0.0566463787921369,-0.0384194627563321,-0.0203787624125747,
-0.0038885678118586,0.),.UNSPECIFIED.);
#255=B_SPLINE_CURVE_WITH_KNOTS('',3,(#4468,#4469,#4470,#4471,#4472,#4473,
#4474,#4475,#4476,#4477,#4478,#4479,#4480,#4481,#4482,#4483,#4484,#4485,
#4486,#4487,#4488,#4489),.UNSPECIFIED.,.F.,.F.,(4,3,3,3,3,3,3,4),(7.59274844815664,
7.98183699243727,8.97956661649192,9.97729624054658,10.9750258646012,11.9727554886559,
12.9704851127106,13.8759337553362),.UNSPECIFIED.);
#256=B_SPLINE_CURVE_WITH_KNOTS('',3,(#4490,#4491,#4492,#4493,#4494,#4495,
#4496,#4497,#4498,#4499,#4500,#4501,#4502,#4503,#4504,#4505,#4506,#4507,
#4508,#4509,#4510,#4511,#4512,#4513,#4514,#4515,#4516,#4517,#4518,#4519,
#4520,#4521,#4522,#4523,#4524,#4525,#4526,#4527,#4528,#4529,#4530,#4531,
#4532,#4533,#4534,#4535,#4536,#4537,#4538,#4539,#4540,#4541,#4542,#4543,
#4544,#4545,#4546,#4547,#4548,#4549,#4550,#4551,#4552,#4553,#4554,#4555,
#4556,#4557,#4558,#4559,#4560,#4561,#4562,#4563,#4564,#4565,#4566,#4567,
#4568),.UNSPECIFIED.,.F.,.F.,(4,3,3,3,3,3,3,3,3,3,3,3,3,3,3,3,3,3,3,3,3,
3,3,3,3,3,4),(0.,0.0185446662744546,0.0367875613323867,0.050733782440293,
0.0583006364159696,0.0610576772460054,0.0788137000436861,0.0962066011873653,
0.109244283439433,0.115851567137391,0.118955978218937,0.135792096156511,
0.148357330195637,0.165204664660863,0.169987238363726,0.173022385620652,
0.189791336928653,0.206553666620848,0.21670740292222,0.2219780162851,0.226241991844236,
0.242337070010423,0.253618043425009,0.258177757523373,0.273633133432038,
0.283136005917447,0.28634738033221),.UNSPECIFIED.);
#257=LINE('',#1322,#306);
#258=LINE('',#1343,#307);
#259=LINE('',#1394,#308);
#260=LINE('',#1445,#309);
#261=LINE('',#1493,#310);
#262=LINE('',#1541,#311);
#263=LINE('',#1592,#312);
#264=LINE('',#1643,#313);
#265=LINE('',#1691,#314);
#266=LINE('',#1742,#315);
#267=LINE('',#1781,#316);
#268=LINE('',#1802,#317);
#269=LINE('',#1853,#318);
#270=LINE('',#1904,#319);
#271=LINE('',#1952,#320);
#272=LINE('',#2000,#321);
#273=LINE('',#2051,#322);
#274=LINE('',#2102,#323);
#275=LINE('',#2150,#324);
#276=LINE('',#2201,#325);
#277=LINE('',#2240,#326);
#278=LINE('',#2264,#327);
#279=LINE('',#2288,#328);
#280=LINE('',#2313,#329);
#281=LINE('',#2337,#330);
#282=LINE('',#2362,#331);
#283=LINE('',#2386,#332);
#284=LINE('',#2411,#333);
#285=LINE('',#2436,#334);
#286=LINE('',#2460,#335);
#287=LINE('',#2477,#336);
#288=LINE('',#2501,#337);
#289=LINE('',#2525,#338);
#290=LINE('',#2550,#339);
#291=LINE('',#2574,#340);
#292=LINE('',#2599,#341);
#293=LINE('',#2623,#342);
#294=LINE('',#2648,#343);
#295=LINE('',#2673,#344);
#296=LINE('',#2697,#345);
#297=LINE('',#4578,#346);
#298=LINE('',#4582,#347);
#299=LINE('',#4590,#348);
#300=LINE('',#4594,#349);
#301=LINE('',#4595,#350);
#302=LINE('',#4598,#351);
#303=LINE('',#4599,#352);
#304=LINE('',#4602,#353);
#305=LINE('',#4605,#354);
#306=VECTOR('',#1133,1.2645);
#307=VECTOR('',#1138,1.2645);
#308=VECTOR('',#1141,1.2645);
#309=VECTOR('',#1144,1.2645);
#310=VECTOR('',#1147,1.2645);
#311=VECTOR('',#1150,1.2645);
#312=VECTOR('',#1153,1.2645);
#313=VECTOR('',#1156,1.2645);
#314=VECTOR('',#1159,1.2645);
#315=VECTOR('',#1162,1.2645);
#316=VECTOR('',#1167,1.2645);
#317=VECTOR('',#1172,1.2645);
#318=VECTOR('',#1175,1.2645);
#319=VECTOR('',#1178,1.2645);
#320=VECTOR('',#1181,1.2645);
#321=VECTOR('',#1184,1.2645);
#322=VECTOR('',#1187,1.2645);
#323=VECTOR('',#1190,1.2645);
#324=VECTOR('',#1193,1.2645);
#325=VECTOR('',#1196,1.2645);
#326=VECTOR('',#1201,1.543);
#327=VECTOR('',#1206,1.543);
#328=VECTOR('',#1209,1.543);
#329=VECTOR('',#1212,1.543);
#330=VECTOR('',#1215,1.543);
#331=VECTOR('',#1218,1.543);
#332=VECTOR('',#1221,1.543);
#333=VECTOR('',#1224,1.543);
#334=VECTOR('',#1227,1.543);
#335=VECTOR('',#1230,1.543);
#336=VECTOR('',#1235,1.543);
#337=VECTOR('',#1240,1.543);
#338=VECTOR('',#1243,1.543);
#339=VECTOR('',#1246,1.543);
#340=VECTOR('',#1249,1.543);
#341=VECTOR('',#1252,1.543);
#342=VECTOR('',#1255,1.543);
#343=VECTOR('',#1258,1.543);
#344=VECTOR('',#1261,1.543);
#345=VECTOR('',#1264,1.543);
#346=VECTOR('',#1283,10.);
#347=VECTOR('',#1286,10.);
#348=VECTOR('',#1299,10.);
#349=VECTOR('',#1302,10.);
#350=VECTOR('',#1303,10.);
#351=VECTOR('',#1306,10.);
#352=VECTOR('',#1307,10.);
#353=VECTOR('',#1310,10.);
#354=VECTOR('',#1315,10.);
#355=VERTEX_POINT('',#1320);
#356=VERTEX_POINT('',#1321);
#357=VERTEX_POINT('',#1323);
#358=VERTEX_POINT('',#1328);
#359=VERTEX_POINT('',#1341);
#360=VERTEX_POINT('',#1342);
#361=VERTEX_POINT('',#1392);
#362=VERTEX_POINT('',#1393);
#363=VERTEX_POINT('',#1443);
#364=VERTEX_POINT('',#1444);
#365=VERTEX_POINT('',#1491);
#366=VERTEX_POINT('',#1492);
#367=VERTEX_POINT('',#1539);
#368=VERTEX_POINT('',#1540);
#369=VERTEX_POINT('',#1590);
#370=VERTEX_POINT('',#1591);
#371=VERTEX_POINT('',#1641);
#372=VERTEX_POINT('',#1642);
#373=VERTEX_POINT('',#1689);
#374=VERTEX_POINT('',#1690);
#375=VERTEX_POINT('',#1740);
#376=VERTEX_POINT('',#1741);
#377=VERTEX_POINT('',#1743);
#378=VERTEX_POINT('',#1757);
#379=VERTEX_POINT('',#1779);
#380=VERTEX_POINT('',#1780);
#381=VERTEX_POINT('',#1782);
#382=VERTEX_POINT('',#1787);
#383=VERTEX_POINT('',#1800);
#384=VERTEX_POINT('',#1801);
#385=VERTEX_POINT('',#1851);
#386=VERTEX_POINT('',#1852);
#387=VERTEX_POINT('',#1902);
#388=VERTEX_POINT('',#1903);
#389=VERTEX_POINT('',#1950);
#390=VERTEX_POINT('',#1951);
#391=VERTEX_POINT('',#1998);
#392=VERTEX_POINT('',#1999);
#393=VERTEX_POINT('',#2049);
#394=VERTEX_POINT('',#2050);
#395=VERTEX_POINT('',#2100);
#396=VERTEX_POINT('',#2101);
#397=VERTEX_POINT('',#2148);
#398=VERTEX_POINT('',#2149);
#399=VERTEX_POINT('',#2199);
#400=VERTEX_POINT('',#2200);
#401=VERTEX_POINT('',#2202);
#402=VERTEX_POINT('',#2216);
#403=VERTEX_POINT('',#2238);
#404=VERTEX_POINT('',#2239);
#405=VERTEX_POINT('',#2241);
#406=VERTEX_POINT('',#2250);
#407=VERTEX_POINT('',#2262);
#408=VERTEX_POINT('',#2263);
#409=VERTEX_POINT('',#2286);
#410=VERTEX_POINT('',#2287);
#411=VERTEX_POINT('',#2311);
#412=VERTEX_POINT('',#2312);
#413=VERTEX_POINT('',#2335);
#414=VERTEX_POINT('',#2336);
#415=VERTEX_POINT('',#2360);
#416=VERTEX_POINT('',#2361);
#417=VERTEX_POINT('',#2384);
#418=VERTEX_POINT('',#2385);
#419=VERTEX_POINT('',#2409);
#420=VERTEX_POINT('',#2410);
#421=VERTEX_POINT('',#2434);
#422=VERTEX_POINT('',#2435);
#423=VERTEX_POINT('',#2458);
#424=VERTEX_POINT('',#2459);
#425=VERTEX_POINT('',#2461);
#426=VERTEX_POINT('',#2467);
#427=VERTEX_POINT('',#2475);
#428=VERTEX_POINT('',#2476);
#429=VERTEX_POINT('',#2478);
#430=VERTEX_POINT('',#2487);
#431=VERTEX_POINT('',#2499);
#432=VERTEX_POINT('',#2500);
#433=VERTEX_POINT('',#2523);
#434=VERTEX_POINT('',#2524);
#435=VERTEX_POINT('',#2548);
#436=VERTEX_POINT('',#2549);
#437=VERTEX_POINT('',#2572);
#438=VERTEX_POINT('',#2573);
#439=VERTEX_POINT('',#2597);
#440=VERTEX_POINT('',#2598);
#441=VERTEX_POINT('',#2621);
#442=VERTEX_POINT('',#2622);
#443=VERTEX_POINT('',#2646);
#444=VERTEX_POINT('',#2647);
#445=VERTEX_POINT('',#2671);
#446=VERTEX_POINT('',#2672);
#447=VERTEX_POINT('',#2695);
#448=VERTEX_POINT('',#2696);
#449=VERTEX_POINT('',#2698);
#450=VERTEX_POINT('',#2704);
#451=VERTEX_POINT('',#4574);
#452=VERTEX_POINT('',#4575);
#453=VERTEX_POINT('',#4577);
#454=VERTEX_POINT('',#4579);
#455=VERTEX_POINT('',#4581);
#456=VERTEX_POINT('',#4589);
#457=VERTEX_POINT('',#4591);
#458=VERTEX_POINT('',#4593);
#459=VERTEX_POINT('',#4597);
#460=VERTEX_POINT('',#4601);
#461=EDGE_CURVE('',#355,#356,#257,.T.);
#462=EDGE_CURVE('',#356,#357,#161,.T.);
#463=EDGE_CURVE('',#357,#358,#146,.T.);
#464=EDGE_CURVE('',#358,#355,#162,.T.);
#465=EDGE_CURVE('',#359,#360,#258,.T.);
#466=EDGE_CURVE('',#360,#356,#163,.T.);
#467=EDGE_CURVE('',#355,#359,#164,.T.);
#468=EDGE_CURVE('',#361,#362,#259,.T.);
#469=EDGE_CURVE('',#362,#360,#165,.T.);
#470=EDGE_CURVE('',#359,#361,#166,.T.);
#471=EDGE_CURVE('',#363,#364,#260,.T.);
#472=EDGE_CURVE('',#364,#362,#167,.T.);
#473=EDGE_CURVE('',#361,#363,#168,.T.);
#474=EDGE_CURVE('',#365,#366,#261,.T.);
#475=EDGE_CURVE('',#366,#364,#169,.T.);
#476=EDGE_CURVE('',#363,#365,#170,.T.);
#477=EDGE_CURVE('',#367,#368,#262,.T.);
#478=EDGE_CURVE('',#368,#366,#171,.T.);
#479=EDGE_CURVE('',#365,#367,#172,.T.);
#480=EDGE_CURVE('',#369,#370,#263,.T.);
#481=EDGE_CURVE('',#370,#368,#173,.T.);
#482=EDGE_CURVE('',#367,#369,#174,.T.);
#483=EDGE_CURVE('',#371,#372,#264,.T.);
#484=EDGE_CURVE('',#372,#370,#175,.T.);
#485=EDGE_CURVE('',#369,#371,#176,.T.);
#486=EDGE_CURVE('',#373,#374,#265,.T.);
#487=EDGE_CURVE('',#374,#372,#177,.T.);
#488=EDGE_CURVE('',#371,#373,#178,.T.);
#489=EDGE_CURVE('',#375,#376,#266,.T.);
#490=EDGE_CURVE('',#375,#377,#179,.T.);
#491=EDGE_CURVE('',#378,#377,#147,.T.);
#492=EDGE_CURVE('',#378,#376,#180,.T.);
#493=EDGE_CURVE('',#379,#380,#267,.T.);
#494=EDGE_CURVE('',#380,#381,#181,.T.);
#495=EDGE_CURVE('',#381,#382,#148,.T.);
#496=EDGE_CURVE('',#382,#379,#182,.T.);
#497=EDGE_CURVE('',#383,#384,#268,.T.);
#498=EDGE_CURVE('',#384,#380,#183,.T.);
#499=EDGE_CURVE('',#379,#383,#184,.T.);
#500=EDGE_CURVE('',#385,#386,#269,.T.);
#501=EDGE_CURVE('',#386,#384,#185,.T.);
#502=EDGE_CURVE('',#383,#385,#186,.T.);
#503=EDGE_CURVE('',#387,#388,#270,.T.);
#504=EDGE_CURVE('',#388,#386,#187,.T.);
#505=EDGE_CURVE('',#385,#387,#188,.T.);
#506=EDGE_CURVE('',#389,#390,#271,.T.);
#507=EDGE_CURVE('',#390,#388,#189,.T.);
#508=EDGE_CURVE('',#387,#389,#190,.T.);
#509=EDGE_CURVE('',#391,#392,#272,.T.);
#510=EDGE_CURVE('',#392,#390,#191,.T.);
#511=EDGE_CURVE('',#389,#391,#192,.T.);
#512=EDGE_CURVE('',#393,#394,#273,.T.);
#513=EDGE_CURVE('',#394,#392,#193,.T.);
#514=EDGE_CURVE('',#391,#393,#194,.T.);
#515=EDGE_CURVE('',#395,#396,#274,.T.);
#516=EDGE_CURVE('',#396,#394,#195,.T.);
#517=EDGE_CURVE('',#393,#395,#196,.T.);
#518=EDGE_CURVE('',#397,#398,#275,.T.);
#519=EDGE_CURVE('',#398,#396,#197,.T.);
#520=EDGE_CURVE('',#395,#397,#198,.T.);
#521=EDGE_CURVE('',#399,#400,#276,.T.);
#522=EDGE_CURVE('',#399,#401,#199,.T.);
#523=EDGE_CURVE('',#402,#401,#149,.T.);
#524=EDGE_CURVE('',#402,#400,#200,.T.);
#525=EDGE_CURVE('',#403,#404,#277,.T.);
#526=EDGE_CURVE('',#404,#405,#201,.T.);
#527=EDGE_CURVE('',#406,#405,#150,.T.);
#528=EDGE_CURVE('',#403,#406,#202,.T.);
#529=EDGE_CURVE('',#407,#408,#278,.T.);
#530=EDGE_CURVE('',#408,#404,#203,.T.);
#531=EDGE_CURVE('',#407,#403,#204,.T.);
#532=EDGE_CURVE('',#409,#410,#279,.T.);
#533=EDGE_CURVE('',#410,#408,#205,.T.);
#534=EDGE_CURVE('',#409,#407,#206,.T.);
#535=EDGE_CURVE('',#411,#412,#280,.T.);
#536=EDGE_CURVE('',#412,#410,#207,.T.);
#537=EDGE_CURVE('',#411,#409,#208,.T.);
#538=EDGE_CURVE('',#413,#414,#281,.T.);
#539=EDGE_CURVE('',#414,#412,#209,.T.);
#540=EDGE_CURVE('',#413,#411,#210,.T.);
#541=EDGE_CURVE('',#415,#416,#282,.T.);
#542=EDGE_CURVE('',#416,#414,#211,.T.);
#543=EDGE_CURVE('',#415,#413,#212,.T.);
#544=EDGE_CURVE('',#417,#418,#283,.T.);
#545=EDGE_CURVE('',#418,#416,#213,.T.);
#546=EDGE_CURVE('',#417,#415,#214,.T.);
#547=EDGE_CURVE('',#419,#420,#284,.T.);
#548=EDGE_CURVE('',#420,#418,#215,.T.);
#549=EDGE_CURVE('',#419,#417,#216,.T.);
#550=EDGE_CURVE('',#421,#422,#285,.T.);
#551=EDGE_CURVE('',#422,#420,#217,.T.);
#552=EDGE_CURVE('',#421,#419,#218,.T.);
#553=EDGE_CURVE('',#423,#424,#286,.T.);
#554=EDGE_CURVE('',#425,#423,#219,.T.);
#555=EDGE_CURVE('',#426,#425,#151,.T.);
#556=EDGE_CURVE('',#426,#424,#220,.T.);
#557=EDGE_CURVE('',#427,#428,#287,.T.);
#558=EDGE_CURVE('',#428,#429,#221,.T.);
#559=EDGE_CURVE('',#430,#429,#152,.T.);
#560=EDGE_CURVE('',#427,#430,#222,.T.);
#561=EDGE_CURVE('',#431,#432,#288,.T.);
#562=EDGE_CURVE('',#432,#428,#223,.T.);
#563=EDGE_CURVE('',#431,#427,#224,.T.);
#564=EDGE_CURVE('',#433,#434,#289,.T.);
#565=EDGE_CURVE('',#434,#432,#225,.T.);
#566=EDGE_CURVE('',#433,#431,#226,.T.);
#567=EDGE_CURVE('',#435,#436,#290,.T.);
#568=EDGE_CURVE('',#436,#434,#227,.T.);
#569=EDGE_CURVE('',#435,#433,#228,.T.);
#570=EDGE_CURVE('',#437,#438,#291,.T.);
#571=EDGE_CURVE('',#438,#436,#229,.T.);
#572=EDGE_CURVE('',#437,#435,#230,.T.);
#573=EDGE_CURVE('',#439,#440,#292,.T.);
#574=EDGE_CURVE('',#440,#438,#231,.T.);
#575=EDGE_CURVE('',#439,#437,#232,.T.);
#576=EDGE_CURVE('',#441,#442,#293,.T.);
#577=EDGE_CURVE('',#442,#440,#233,.T.);
#578=EDGE_CURVE('',#441,#439,#234,.T.);
#579=EDGE_CURVE('',#443,#444,#294,.T.);
#580=EDGE_CURVE('',#444,#442,#235,.T.);
#581=EDGE_CURVE('',#443,#441,#236,.T.);
#582=EDGE_CURVE('',#445,#446,#295,.T.);
#583=EDGE_CURVE('',#446,#444,#237,.T.);
#584=EDGE_CURVE('',#445,#443,#238,.T.);
#585=EDGE_CURVE('',#447,#448,#296,.T.);
#586=EDGE_CURVE('',#449,#447,#239,.T.);
#587=EDGE_CURVE('',#450,#449,#153,.T.);
#588=EDGE_CURVE('',#450,#448,#240,.T.);
#589=EDGE_CURVE('',#448,#446,#241,.T.);
#590=EDGE_CURVE('',#447,#445,#242,.T.);
#591=EDGE_CURVE('',#429,#382,#243,.T.);
#592=EDGE_CURVE('',#401,#450,#244,.T.);
#593=EDGE_CURVE('',#397,#399,#245,.T.);
#594=EDGE_CURVE('',#381,#430,#246,.T.);
#595=EDGE_CURVE('',#400,#398,#247,.T.);
#596=EDGE_CURVE('',#449,#402,#248,.T.);
#597=EDGE_CURVE('',#424,#422,#249,.T.);
#598=EDGE_CURVE('',#423,#421,#250,.T.);
#599=EDGE_CURVE('',#405,#358,#251,.T.);
#600=EDGE_CURVE('',#377,#426,#252,.T.);
#601=EDGE_CURVE('',#373,#375,#253,.T.);
#602=EDGE_CURVE('',#357,#406,#254,.T.);
#603=EDGE_CURVE('',#376,#374,#255,.T.);
#604=EDGE_CURVE('',#425,#378,#256,.T.);
#605=EDGE_CURVE('',#451,#452,#154,.T.);
#606=EDGE_CURVE('',#452,#453,#297,.T.);
#607=EDGE_CURVE('',#453,#454,#155,.T.);
#608=EDGE_CURVE('',#454,#455,#298,.T.);
#609=EDGE_CURVE('',#455,#451,#156,.T.);
#610=EDGE_CURVE('',#453,#454,#157,.T.);
#611=EDGE_CURVE('',#455,#452,#158,.T.);
#612=EDGE_CURVE('',#456,#455,#299,.T.);
#613=EDGE_CURVE('',#456,#457,#159,.T.);
#614=EDGE_CURVE('',#457,#458,#300,.T.);
#615=EDGE_CURVE('',#458,#452,#301,.T.);
#616=EDGE_CURVE('',#459,#454,#302,.T.);
#617=EDGE_CURVE('',#459,#456,#303,.T.);
#618=EDGE_CURVE('',#460,#453,#304,.T.);
#619=EDGE_CURVE('',#460,#459,#160,.T.);
#620=EDGE_CURVE('',#457,#460,#305,.T.);
#621=ORIENTED_EDGE('',*,*,#461,.T.);
#622=ORIENTED_EDGE('',*,*,#462,.T.);
#623=ORIENTED_EDGE('',*,*,#463,.T.);
#624=ORIENTED_EDGE('',*,*,#464,.T.);
#625=ORIENTED_EDGE('',*,*,#465,.T.);
#626=ORIENTED_EDGE('',*,*,#466,.T.);
#627=ORIENTED_EDGE('',*,*,#461,.F.);
#628=ORIENTED_EDGE('',*,*,#467,.T.);
#629=ORIENTED_EDGE('',*,*,#468,.T.);
#630=ORIENTED_EDGE('',*,*,#469,.T.);
#631=ORIENTED_EDGE('',*,*,#465,.F.);
#632=ORIENTED_EDGE('',*,*,#470,.T.);
#633=ORIENTED_EDGE('',*,*,#471,.T.);
#634=ORIENTED_EDGE('',*,*,#472,.T.);
#635=ORIENTED_EDGE('',*,*,#468,.F.);
#636=ORIENTED_EDGE('',*,*,#473,.T.);
#637=ORIENTED_EDGE('',*,*,#474,.T.);
#638=ORIENTED_EDGE('',*,*,#475,.T.);
#639=ORIENTED_EDGE('',*,*,#471,.F.);
#640=ORIENTED_EDGE('',*,*,#476,.T.);
#641=ORIENTED_EDGE('',*,*,#477,.T.);
#642=ORIENTED_EDGE('',*,*,#478,.T.);
#643=ORIENTED_EDGE('',*,*,#474,.F.);
#644=ORIENTED_EDGE('',*,*,#479,.T.);
#645=ORIENTED_EDGE('',*,*,#480,.T.);
#646=ORIENTED_EDGE('',*,*,#481,.T.);
#647=ORIENTED_EDGE('',*,*,#477,.F.);
#648=ORIENTED_EDGE('',*,*,#482,.T.);
#649=ORIENTED_EDGE('',*,*,#483,.T.);
#650=ORIENTED_EDGE('',*,*,#484,.T.);
#651=ORIENTED_EDGE('',*,*,#480,.F.);
#652=ORIENTED_EDGE('',*,*,#485,.T.);
#653=ORIENTED_EDGE('',*,*,#486,.T.);
#654=ORIENTED_EDGE('',*,*,#487,.T.);
#655=ORIENTED_EDGE('',*,*,#483,.F.);
#656=ORIENTED_EDGE('',*,*,#488,.T.);
#657=ORIENTED_EDGE('',*,*,#489,.F.);
#658=ORIENTED_EDGE('',*,*,#490,.T.);
#659=ORIENTED_EDGE('',*,*,#491,.F.);
#660=ORIENTED_EDGE('',*,*,#492,.T.);
#661=ORIENTED_EDGE('',*,*,#493,.T.);
#662=ORIENTED_EDGE('',*,*,#494,.T.);
#663=ORIENTED_EDGE('',*,*,#495,.T.);
#664=ORIENTED_EDGE('',*,*,#496,.T.);
#665=ORIENTED_EDGE('',*,*,#497,.T.);
#666=ORIENTED_EDGE('',*,*,#498,.T.);
#667=ORIENTED_EDGE('',*,*,#493,.F.);
#668=ORIENTED_EDGE('',*,*,#499,.T.);
#669=ORIENTED_EDGE('',*,*,#500,.T.);
#670=ORIENTED_EDGE('',*,*,#501,.T.);
#671=ORIENTED_EDGE('',*,*,#497,.F.);
#672=ORIENTED_EDGE('',*,*,#502,.T.);
#673=ORIENTED_EDGE('',*,*,#503,.T.);
#674=ORIENTED_EDGE('',*,*,#504,.T.);
#675=ORIENTED_EDGE('',*,*,#500,.F.);
#676=ORIENTED_EDGE('',*,*,#505,.T.);
#677=ORIENTED_EDGE('',*,*,#506,.T.);
#678=ORIENTED_EDGE('',*,*,#507,.T.);
#679=ORIENTED_EDGE('',*,*,#503,.F.);
#680=ORIENTED_EDGE('',*,*,#508,.T.);
#681=ORIENTED_EDGE('',*,*,#509,.T.);
#682=ORIENTED_EDGE('',*,*,#510,.T.);
#683=ORIENTED_EDGE('',*,*,#506,.F.);
#684=ORIENTED_EDGE('',*,*,#511,.T.);
#685=ORIENTED_EDGE('',*,*,#512,.T.);
#686=ORIENTED_EDGE('',*,*,#513,.T.);
#687=ORIENTED_EDGE('',*,*,#509,.F.);
#688=ORIENTED_EDGE('',*,*,#514,.T.);
#689=ORIENTED_EDGE('',*,*,#515,.T.);
#690=ORIENTED_EDGE('',*,*,#516,.T.);
#691=ORIENTED_EDGE('',*,*,#512,.F.);
#692=ORIENTED_EDGE('',*,*,#517,.T.);
#693=ORIENTED_EDGE('',*,*,#518,.T.);
#694=ORIENTED_EDGE('',*,*,#519,.T.);
#695=ORIENTED_EDGE('',*,*,#515,.F.);
#696=ORIENTED_EDGE('',*,*,#520,.T.);
#697=ORIENTED_EDGE('',*,*,#521,.F.);
#698=ORIENTED_EDGE('',*,*,#522,.T.);
#699=ORIENTED_EDGE('',*,*,#523,.F.);
#700=ORIENTED_EDGE('',*,*,#524,.T.);
#701=ORIENTED_EDGE('',*,*,#525,.T.);
#702=ORIENTED_EDGE('',*,*,#526,.T.);
#703=ORIENTED_EDGE('',*,*,#527,.F.);
#704=ORIENTED_EDGE('',*,*,#528,.F.);
#705=ORIENTED_EDGE('',*,*,#529,.T.);
#706=ORIENTED_EDGE('',*,*,#530,.T.);
#707=ORIENTED_EDGE('',*,*,#525,.F.);
#708=ORIENTED_EDGE('',*,*,#531,.F.);
#709=ORIENTED_EDGE('',*,*,#532,.T.);
#710=ORIENTED_EDGE('',*,*,#533,.T.);
#711=ORIENTED_EDGE('',*,*,#529,.F.);
#712=ORIENTED_EDGE('',*,*,#534,.F.);
#713=ORIENTED_EDGE('',*,*,#535,.T.);
#714=ORIENTED_EDGE('',*,*,#536,.T.);
#715=ORIENTED_EDGE('',*,*,#532,.F.);
#716=ORIENTED_EDGE('',*,*,#537,.F.);
#717=ORIENTED_EDGE('',*,*,#538,.T.);
#718=ORIENTED_EDGE('',*,*,#539,.T.);
#719=ORIENTED_EDGE('',*,*,#535,.F.);
#720=ORIENTED_EDGE('',*,*,#540,.F.);
#721=ORIENTED_EDGE('',*,*,#541,.T.);
#722=ORIENTED_EDGE('',*,*,#542,.T.);
#723=ORIENTED_EDGE('',*,*,#538,.F.);
#724=ORIENTED_EDGE('',*,*,#543,.F.);
#725=ORIENTED_EDGE('',*,*,#544,.T.);
#726=ORIENTED_EDGE('',*,*,#545,.T.);
#727=ORIENTED_EDGE('',*,*,#541,.F.);
#728=ORIENTED_EDGE('',*,*,#546,.F.);
#729=ORIENTED_EDGE('',*,*,#547,.T.);
#730=ORIENTED_EDGE('',*,*,#548,.T.);
#731=ORIENTED_EDGE('',*,*,#544,.F.);
#732=ORIENTED_EDGE('',*,*,#549,.F.);
#733=ORIENTED_EDGE('',*,*,#550,.T.);
#734=ORIENTED_EDGE('',*,*,#551,.T.);
#735=ORIENTED_EDGE('',*,*,#547,.F.);
#736=ORIENTED_EDGE('',*,*,#552,.F.);
#737=ORIENTED_EDGE('',*,*,#553,.F.);
#738=ORIENTED_EDGE('',*,*,#554,.F.);
#739=ORIENTED_EDGE('',*,*,#555,.F.);
#740=ORIENTED_EDGE('',*,*,#556,.T.);
#741=ORIENTED_EDGE('',*,*,#557,.T.);
#742=ORIENTED_EDGE('',*,*,#558,.T.);
#743=ORIENTED_EDGE('',*,*,#559,.F.);
#744=ORIENTED_EDGE('',*,*,#560,.F.);
#745=ORIENTED_EDGE('',*,*,#561,.T.);
#746=ORIENTED_EDGE('',*,*,#562,.T.);
#747=ORIENTED_EDGE('',*,*,#557,.F.);
#748=ORIENTED_EDGE('',*,*,#563,.F.);
#749=ORIENTED_EDGE('',*,*,#564,.T.);
#750=ORIENTED_EDGE('',*,*,#565,.T.);
#751=ORIENTED_EDGE('',*,*,#561,.F.);
#752=ORIENTED_EDGE('',*,*,#566,.F.);
#753=ORIENTED_EDGE('',*,*,#567,.T.);
#754=ORIENTED_EDGE('',*,*,#568,.T.);
#755=ORIENTED_EDGE('',*,*,#564,.F.);
#756=ORIENTED_EDGE('',*,*,#569,.F.);
#757=ORIENTED_EDGE('',*,*,#570,.T.);
#758=ORIENTED_EDGE('',*,*,#571,.T.);
#759=ORIENTED_EDGE('',*,*,#567,.F.);
#760=ORIENTED_EDGE('',*,*,#572,.F.);
#761=ORIENTED_EDGE('',*,*,#573,.T.);
#762=ORIENTED_EDGE('',*,*,#574,.T.);
#763=ORIENTED_EDGE('',*,*,#570,.F.);
#764=ORIENTED_EDGE('',*,*,#575,.F.);
#765=ORIENTED_EDGE('',*,*,#576,.T.);
#766=ORIENTED_EDGE('',*,*,#577,.T.);
#767=ORIENTED_EDGE('',*,*,#573,.F.);
#768=ORIENTED_EDGE('',*,*,#578,.F.);
#769=ORIENTED_EDGE('',*,*,#579,.T.);
#770=ORIENTED_EDGE('',*,*,#580,.T.);
#771=ORIENTED_EDGE('',*,*,#576,.F.);
#772=ORIENTED_EDGE('',*,*,#581,.F.);
#773=ORIENTED_EDGE('',*,*,#582,.T.);
#774=ORIENTED_EDGE('',*,*,#583,.T.);
#775=ORIENTED_EDGE('',*,*,#579,.F.);
#776=ORIENTED_EDGE('',*,*,#584,.F.);
#777=ORIENTED_EDGE('',*,*,#585,.F.);
#778=ORIENTED_EDGE('',*,*,#586,.F.);
#779=ORIENTED_EDGE('',*,*,#587,.F.);
#780=ORIENTED_EDGE('',*,*,#588,.T.);
#781=ORIENTED_EDGE('',*,*,#585,.T.);
#782=ORIENTED_EDGE('',*,*,#589,.T.);
#783=ORIENTED_EDGE('',*,*,#582,.F.);
#784=ORIENTED_EDGE('',*,*,#590,.F.);
#785=ORIENTED_EDGE('',*,*,#591,.F.);
#786=ORIENTED_EDGE('',*,*,#558,.F.);
#787=ORIENTED_EDGE('',*,*,#562,.F.);
#788=ORIENTED_EDGE('',*,*,#565,.F.);
#789=ORIENTED_EDGE('',*,*,#568,.F.);
#790=ORIENTED_EDGE('',*,*,#571,.F.);
#791=ORIENTED_EDGE('',*,*,#574,.F.);
#792=ORIENTED_EDGE('',*,*,#577,.F.);
#793=ORIENTED_EDGE('',*,*,#580,.F.);
#794=ORIENTED_EDGE('',*,*,#583,.F.);
#795=ORIENTED_EDGE('',*,*,#589,.F.);
#796=ORIENTED_EDGE('',*,*,#588,.F.);
#797=ORIENTED_EDGE('',*,*,#592,.F.);
#798=ORIENTED_EDGE('',*,*,#522,.F.);
#799=ORIENTED_EDGE('',*,*,#593,.F.);
#800=ORIENTED_EDGE('',*,*,#520,.F.);
#801=ORIENTED_EDGE('',*,*,#517,.F.);
#802=ORIENTED_EDGE('',*,*,#514,.F.);
#803=ORIENTED_EDGE('',*,*,#511,.F.);
#804=ORIENTED_EDGE('',*,*,#508,.F.);
#805=ORIENTED_EDGE('',*,*,#505,.F.);
#806=ORIENTED_EDGE('',*,*,#502,.F.);
#807=ORIENTED_EDGE('',*,*,#499,.F.);
#808=ORIENTED_EDGE('',*,*,#496,.F.);
#809=ORIENTED_EDGE('',*,*,#594,.F.);
#810=ORIENTED_EDGE('',*,*,#494,.F.);
#811=ORIENTED_EDGE('',*,*,#498,.F.);
#812=ORIENTED_EDGE('',*,*,#501,.F.);
#813=ORIENTED_EDGE('',*,*,#504,.F.);
#814=ORIENTED_EDGE('',*,*,#507,.F.);
#815=ORIENTED_EDGE('',*,*,#510,.F.);
#816=ORIENTED_EDGE('',*,*,#513,.F.);
#817=ORIENTED_EDGE('',*,*,#516,.F.);
#818=ORIENTED_EDGE('',*,*,#519,.F.);
#819=ORIENTED_EDGE('',*,*,#595,.F.);
#820=ORIENTED_EDGE('',*,*,#524,.F.);
#821=ORIENTED_EDGE('',*,*,#596,.F.);
#822=ORIENTED_EDGE('',*,*,#586,.T.);
#823=ORIENTED_EDGE('',*,*,#590,.T.);
#824=ORIENTED_EDGE('',*,*,#584,.T.);
#825=ORIENTED_EDGE('',*,*,#581,.T.);
#826=ORIENTED_EDGE('',*,*,#578,.T.);
#827=ORIENTED_EDGE('',*,*,#575,.T.);
#828=ORIENTED_EDGE('',*,*,#572,.T.);
#829=ORIENTED_EDGE('',*,*,#569,.T.);
#830=ORIENTED_EDGE('',*,*,#566,.T.);
#831=ORIENTED_EDGE('',*,*,#563,.T.);
#832=ORIENTED_EDGE('',*,*,#560,.T.);
#833=ORIENTED_EDGE('',*,*,#553,.T.);
#834=ORIENTED_EDGE('',*,*,#597,.T.);
#835=ORIENTED_EDGE('',*,*,#550,.F.);
#836=ORIENTED_EDGE('',*,*,#598,.F.);
#837=ORIENTED_EDGE('',*,*,#599,.F.);
#838=ORIENTED_EDGE('',*,*,#526,.F.);
#839=ORIENTED_EDGE('',*,*,#530,.F.);
#840=ORIENTED_EDGE('',*,*,#533,.F.);
#841=ORIENTED_EDGE('',*,*,#536,.F.);
#842=ORIENTED_EDGE('',*,*,#539,.F.);
#843=ORIENTED_EDGE('',*,*,#542,.F.);
#844=ORIENTED_EDGE('',*,*,#545,.F.);
#845=ORIENTED_EDGE('',*,*,#548,.F.);
#846=ORIENTED_EDGE('',*,*,#551,.F.);
#847=ORIENTED_EDGE('',*,*,#597,.F.);
#848=ORIENTED_EDGE('',*,*,#556,.F.);
#849=ORIENTED_EDGE('',*,*,#600,.F.);
#850=ORIENTED_EDGE('',*,*,#490,.F.);
#851=ORIENTED_EDGE('',*,*,#601,.F.);
#852=ORIENTED_EDGE('',*,*,#488,.F.);
#853=ORIENTED_EDGE('',*,*,#485,.F.);
#854=ORIENTED_EDGE('',*,*,#482,.F.);
#855=ORIENTED_EDGE('',*,*,#479,.F.);
#856=ORIENTED_EDGE('',*,*,#476,.F.);
#857=ORIENTED_EDGE('',*,*,#473,.F.);
#858=ORIENTED_EDGE('',*,*,#470,.F.);
#859=ORIENTED_EDGE('',*,*,#467,.F.);
#860=ORIENTED_EDGE('',*,*,#464,.F.);
#861=ORIENTED_EDGE('',*,*,#602,.F.);
#862=ORIENTED_EDGE('',*,*,#462,.F.);
#863=ORIENTED_EDGE('',*,*,#466,.F.);
#864=ORIENTED_EDGE('',*,*,#469,.F.);
#865=ORIENTED_EDGE('',*,*,#472,.F.);
#866=ORIENTED_EDGE('',*,*,#475,.F.);
#867=ORIENTED_EDGE('',*,*,#478,.F.);
#868=ORIENTED_EDGE('',*,*,#481,.F.);
#869=ORIENTED_EDGE('',*,*,#484,.F.);
#870=ORIENTED_EDGE('',*,*,#487,.F.);
#871=ORIENTED_EDGE('',*,*,#603,.F.);
#872=ORIENTED_EDGE('',*,*,#492,.F.);
#873=ORIENTED_EDGE('',*,*,#604,.F.);
#874=ORIENTED_EDGE('',*,*,#554,.T.);
#875=ORIENTED_EDGE('',*,*,#598,.T.);
#876=ORIENTED_EDGE('',*,*,#552,.T.);
#877=ORIENTED_EDGE('',*,*,#549,.T.);
#878=ORIENTED_EDGE('',*,*,#546,.T.);
#879=ORIENTED_EDGE('',*,*,#543,.T.);
#880=ORIENTED_EDGE('',*,*,#540,.T.);
#881=ORIENTED_EDGE('',*,*,#537,.T.);
#882=ORIENTED_EDGE('',*,*,#534,.T.);
#883=ORIENTED_EDGE('',*,*,#531,.T.);
#884=ORIENTED_EDGE('',*,*,#528,.T.);
#885=ORIENTED_EDGE('',*,*,#521,.T.);
#886=ORIENTED_EDGE('',*,*,#595,.T.);
#887=ORIENTED_EDGE('',*,*,#518,.F.);
#888=ORIENTED_EDGE('',*,*,#593,.T.);
#889=ORIENTED_EDGE('',*,*,#594,.T.);
#890=ORIENTED_EDGE('',*,*,#559,.T.);
#891=ORIENTED_EDGE('',*,*,#591,.T.);
#892=ORIENTED_EDGE('',*,*,#495,.F.);
#893=ORIENTED_EDGE('',*,*,#489,.T.);
#894=ORIENTED_EDGE('',*,*,#603,.T.);
#895=ORIENTED_EDGE('',*,*,#486,.F.);
#896=ORIENTED_EDGE('',*,*,#601,.T.);
#897=ORIENTED_EDGE('',*,*,#602,.T.);
#898=ORIENTED_EDGE('',*,*,#527,.T.);
#899=ORIENTED_EDGE('',*,*,#599,.T.);
#900=ORIENTED_EDGE('',*,*,#463,.F.);
#901=ORIENTED_EDGE('',*,*,#605,.T.);
#902=ORIENTED_EDGE('',*,*,#606,.T.);
#903=ORIENTED_EDGE('',*,*,#607,.T.);
#904=ORIENTED_EDGE('',*,*,#608,.T.);
#905=ORIENTED_EDGE('',*,*,#609,.T.);
#906=ORIENTED_EDGE('',*,*,#607,.F.);
#907=ORIENTED_EDGE('',*,*,#610,.T.);
#908=ORIENTED_EDGE('',*,*,#605,.F.);
#909=ORIENTED_EDGE('',*,*,#609,.F.);
#910=ORIENTED_EDGE('',*,*,#611,.T.);
#911=ORIENTED_EDGE('',*,*,#611,.F.);
#912=ORIENTED_EDGE('',*,*,#612,.F.);
#913=ORIENTED_EDGE('',*,*,#613,.T.);
#914=ORIENTED_EDGE('',*,*,#614,.T.);
#915=ORIENTED_EDGE('',*,*,#615,.T.);
#916=ORIENTED_EDGE('',*,*,#608,.F.);
#917=ORIENTED_EDGE('',*,*,#616,.F.);
#918=ORIENTED_EDGE('',*,*,#617,.T.);
#919=ORIENTED_EDGE('',*,*,#612,.T.);
#920=ORIENTED_EDGE('',*,*,#610,.F.);
#921=ORIENTED_EDGE('',*,*,#618,.F.);
#922=ORIENTED_EDGE('',*,*,#619,.T.);
#923=ORIENTED_EDGE('',*,*,#616,.T.);
#924=ORIENTED_EDGE('',*,*,#606,.F.);
#925=ORIENTED_EDGE('',*,*,#615,.F.);
#926=ORIENTED_EDGE('',*,*,#614,.F.);
#927=ORIENTED_EDGE('',*,*,#620,.T.);
#928=ORIENTED_EDGE('',*,*,#618,.T.);
#929=ORIENTED_EDGE('',*,*,#620,.F.);
#930=ORIENTED_EDGE('',*,*,#613,.F.);
#931=ORIENTED_EDGE('',*,*,#617,.F.);
#932=ORIENTED_EDGE('',*,*,#619,.F.);
#933=ORIENTED_EDGE('',*,*,#596,.T.);
#934=ORIENTED_EDGE('',*,*,#523,.T.);
#935=ORIENTED_EDGE('',*,*,#592,.T.);
#936=ORIENTED_EDGE('',*,*,#587,.T.);
#937=ORIENTED_EDGE('',*,*,#604,.T.);
#938=ORIENTED_EDGE('',*,*,#491,.T.);
#939=ORIENTED_EDGE('',*,*,#600,.T.);
#940=ORIENTED_EDGE('',*,*,#555,.T.);
#941=CYLINDRICAL_SURFACE('',#1060,1.2645);
#942=CYLINDRICAL_SURFACE('',#1062,1.2645);
#943=CYLINDRICAL_SURFACE('',#1063,1.2645);
#944=CYLINDRICAL_SURFACE('',#1064,1.2645);
#945=CYLINDRICAL_SURFACE('',#1065,1.2645);
#946=CYLINDRICAL_SURFACE('',#1066,1.2645);
#947=CYLINDRICAL_SURFACE('',#1067,1.2645);
#948=CYLINDRICAL_SURFACE('',#1068,1.2645);
#949=CYLINDRICAL_SURFACE('',#1069,1.2645);
#950=CYLINDRICAL_SURFACE('',#1070,1.2645);
#951=CYLINDRICAL_SURFACE('',#1072,1.2645);
#952=CYLINDRICAL_SURFACE('',#1074,1.2645);
#953=CYLINDRICAL_SURFACE('',#1075,1.2645);
#954=CYLINDRICAL_SURFACE('',#1076,1.2645);
#955=CYLINDRICAL_SURFACE('',#1077,1.2645);
#956=CYLINDRICAL_SURFACE('',#1078,1.2645);
#957=CYLINDRICAL_SURFACE('',#1079,1.2645);
#958=CYLINDRICAL_SURFACE('',#1080,1.2645);
#959=CYLINDRICAL_SURFACE('',#1081,1.2645);
#960=CYLINDRICAL_SURFACE('',#1082,1.2645);
#961=CYLINDRICAL_SURFACE('',#1084,1.543);
#962=CYLINDRICAL_SURFACE('',#1086,1.543);
#963=CYLINDRICAL_SURFACE('',#1087,1.543);
#964=CYLINDRICAL_SURFACE('',#1088,1.543);
#965=CYLINDRICAL_SURFACE('',#1089,1.543);
#966=CYLINDRICAL_SURFACE('',#1090,1.543);
#967=CYLINDRICAL_SURFACE('',#1091,1.543);
#968=CYLINDRICAL_SURFACE('',#1092,1.543);
#969=CYLINDRICAL_SURFACE('',#1093,1.543);
#970=CYLINDRICAL_SURFACE('',#1094,1.543);
#971=CYLINDRICAL_SURFACE('',#1096,1.543);
#972=CYLINDRICAL_SURFACE('',#1098,1.543);
#973=CYLINDRICAL_SURFACE('',#1099,1.543);
#974=CYLINDRICAL_SURFACE('',#1100,1.543);
#975=CYLINDRICAL_SURFACE('',#1101,1.543);
#976=CYLINDRICAL_SURFACE('',#1102,1.543);
#977=CYLINDRICAL_SURFACE('',#1103,1.543);
#978=CYLINDRICAL_SURFACE('',#1104,1.543);
#979=CYLINDRICAL_SURFACE('',#1105,1.543);
#980=CYLINDRICAL_SURFACE('',#1106,1.543);
#981=CYLINDRICAL_SURFACE('',#1108,1.543);
#982=CYLINDRICAL_SURFACE('',#1109,1.543);
#983=CYLINDRICAL_SURFACE('',#1110,1.2645);
#984=CYLINDRICAL_SURFACE('',#1112,1.2645);
#985=CYLINDRICAL_SURFACE('',#1114,7.5);
#986=CYLINDRICAL_SURFACE('',#1122,7.5000000000001);
#987=CYLINDRICAL_SURFACE('',#1125,7.5000000000001);
#988=ADVANCED_FACE('',(#28),#941,.F.);
#989=ADVANCED_FACE('',(#29),#942,.F.);
#990=ADVANCED_FACE('',(#30),#943,.F.);
#991=ADVANCED_FACE('',(#31),#944,.F.);
#992=ADVANCED_FACE('',(#32),#945,.F.);
#993=ADVANCED_FACE('',(#33),#946,.F.);
#994=ADVANCED_FACE('',(#34),#947,.F.);
#995=ADVANCED_FACE('',(#35),#948,.F.);
#996=ADVANCED_FACE('',(#36),#949,.F.);
#997=ADVANCED_FACE('',(#37),#950,.F.);
#998=ADVANCED_FACE('',(#38),#951,.F.);
#999=ADVANCED_FACE('',(#39),#952,.F.);
#1000=ADVANCED_FACE('',(#40),#953,.F.);
#1001=ADVANCED_FACE('',(#41),#954,.F.);
#1002=ADVANCED_FACE('',(#42),#955,.F.);
#1003=ADVANCED_FACE('',(#43),#956,.F.);
#1004=ADVANCED_FACE('',(#44),#957,.F.);
#1005=ADVANCED_FACE('',(#45),#958,.F.);
#1006=ADVANCED_FACE('',(#46),#959,.F.);
#1007=ADVANCED_FACE('',(#47),#960,.F.);
#1008=ADVANCED_FACE('',(#48),#961,.F.);
#1009=ADVANCED_FACE('',(#49),#962,.F.);
#1010=ADVANCED_FACE('',(#50),#963,.F.);
#1011=ADVANCED_FACE('',(#51),#964,.F.);
#1012=ADVANCED_FACE('',(#52),#965,.F.);
#1013=ADVANCED_FACE('',(#53),#966,.F.);
#1014=ADVANCED_FACE('',(#54),#967,.F.);
#1015=ADVANCED_FACE('',(#55),#968,.F.);
#1016=ADVANCED_FACE('',(#56),#969,.F.);
#1017=ADVANCED_FACE('',(#57),#970,.F.);
#1018=ADVANCED_FACE('',(#58),#971,.F.);
#1019=ADVANCED_FACE('',(#59),#972,.F.);
#1020=ADVANCED_FACE('',(#60),#973,.F.);
#1021=ADVANCED_FACE('',(#61),#974,.F.);
#1022=ADVANCED_FACE('',(#62),#975,.F.);
#1023=ADVANCED_FACE('',(#63),#976,.F.);
#1024=ADVANCED_FACE('',(#64),#977,.F.);
#1025=ADVANCED_FACE('',(#65),#978,.F.);
#1026=ADVANCED_FACE('',(#66),#979,.F.);
#1027=ADVANCED_FACE('',(#67),#980,.F.);
#1028=ADVANCED_FACE('',(#68),#981,.F.);
#1029=ADVANCED_FACE('',(#69),#24,.F.);
#1030=ADVANCED_FACE('',(#70),#25,.F.);
#1031=ADVANCED_FACE('',(#71),#982,.F.);
#1032=ADVANCED_FACE('',(#72),#26,.F.);
#1033=ADVANCED_FACE('',(#73),#27,.F.);
#1034=ADVANCED_FACE('',(#74),#983,.F.);
#1035=ADVANCED_FACE('',(#75),#19,.F.);
#1036=ADVANCED_FACE('',(#76),#984,.F.);
#1037=ADVANCED_FACE('',(#77),#20,.F.);
#1038=ADVANCED_FACE('',(#78),#985,.T.);
#1039=ADVANCED_FACE('',(#79),#17,.T.);
#1040=ADVANCED_FACE('',(#80),#18,.T.);
#1041=ADVANCED_FACE('',(#81),#986,.T.);
#1042=ADVANCED_FACE('',(#82),#21,.T.);
#1043=ADVANCED_FACE('',(#83),#987,.T.);
#1044=ADVANCED_FACE('',(#84),#22,.T.);
#1045=ADVANCED_FACE('',(#85,#15,#16),#23,.F.);
#1046=CLOSED_SHELL('',(#988,#989,#990,#991,#992,#993,#994,#995,#996,#997,
#998,#999,#1000,#1001,#1002,#1003,#1004,#1005,#1006,#1007,#1008,#1009,#1010,
#1011,#1012,#1013,#1014,#1015,#1016,#1017,#1018,#1019,#1020,#1021,#1022,
#1023,#1024,#1025,#1026,#1027,#1028,#1029,#1030,#1031,#1032,#1033,#1034,
#1035,#1036,#1037,#1038,#1039,#1040,#1041,#1042,#1043,#1044,#1045));
#1047=DERIVED_UNIT_ELEMENT(#1049,1.);
#1048=DERIVED_UNIT_ELEMENT(#4612,-3.);
#1049=(
MASS_UNIT()
NAMED_UNIT(*)
SI_UNIT(.KILO.,.GRAM.)
);
#1050=DERIVED_UNIT((#1047,#1048));
#1051=MEASURE_REPRESENTATION_ITEM('density measure',
POSITIVE_RATIO_MEASURE(7850.),#1050);
#1052=PROPERTY_DEFINITION_REPRESENTATION(#1057,#1054);
#1053=PROPERTY_DEFINITION_REPRESENTATION(#1058,#1055);
#1054=REPRESENTATION('material name',(#1056),#4609);
#1055=REPRESENTATION('density',(#1051),#4609);
#1056=DESCRIPTIVE_REPRESENTATION_ITEM('Steel','Steel');
#1057=PROPERTY_DEFINITION('material property','material name',#4619);
#1058=PROPERTY_DEFINITION('material property','density of part',#4619);
#1059=AXIS2_PLACEMENT_3D('',#1318,#1129,#1130);
#1060=AXIS2_PLACEMENT_3D('',#1319,#1131,#1132);
#1061=AXIS2_PLACEMENT_3D('',#1329,#1134,#1135);
#1062=AXIS2_PLACEMENT_3D('',#1340,#1136,#1137);
#1063=AXIS2_PLACEMENT_3D('',#1391,#1139,#1140);
#1064=AXIS2_PLACEMENT_3D('',#1442,#1142,#1143);
#1065=AXIS2_PLACEMENT_3D('',#1490,#1145,#1146);
#1066=AXIS2_PLACEMENT_3D('',#1538,#1148,#1149);
#1067=AXIS2_PLACEMENT_3D('',#1589,#1151,#1152);
#1068=AXIS2_PLACEMENT_3D('',#1640,#1154,#1155);
#1069=AXIS2_PLACEMENT_3D('',#1688,#1157,#1158);
#1070=AXIS2_PLACEMENT_3D('',#1739,#1160,#1161);
#1071=AXIS2_PLACEMENT_3D('',#1758,#1163,#1164);
#1072=AXIS2_PLACEMENT_3D('',#1778,#1165,#1166);
#1073=AXIS2_PLACEMENT_3D('',#1788,#1168,#1169);
#1074=AXIS2_PLACEMENT_3D('',#1799,#1170,#1171);
#1075=AXIS2_PLACEMENT_3D('',#1850,#1173,#1174);
#1076=AXIS2_PLACEMENT_3D('',#1901,#1176,#1177);
#1077=AXIS2_PLACEMENT_3D('',#1949,#1179,#1180);
#1078=AXIS2_PLACEMENT_3D('',#1997,#1182,#1183);
#1079=AXIS2_PLACEMENT_3D('',#2048,#1185,#1186);
#1080=AXIS2_PLACEMENT_3D('',#2099,#1188,#1189);
#1081=AXIS2_PLACEMENT_3D('',#2147,#1191,#1192);
#1082=AXIS2_PLACEMENT_3D('',#2198,#1194,#1195);
#1083=AXIS2_PLACEMENT_3D('',#2217,#1197,#1198);
#1084=AXIS2_PLACEMENT_3D('',#2237,#1199,#1200);
#1085=AXIS2_PLACEMENT_3D('',#2251,#1202,#1203);
#1086=AXIS2_PLACEMENT_3D('',#2261,#1204,#1205);
#1087=AXIS2_PLACEMENT_3D('',#2285,#1207,#1208);
#1088=AXIS2_PLACEMENT_3D('',#2310,#1210,#1211);
#1089=AXIS2_PLACEMENT_3D('',#2334,#1213,#1214);
#1090=AXIS2_PLACEMENT_3D('',#2359,#1216,#1217);
#1091=AXIS2_PLACEMENT_3D('',#2383,#1219,#1220);
#1092=AXIS2_PLACEMENT_3D('',#2408,#1222,#1223);
#1093=AXIS2_PLACEMENT_3D('',#2433,#1225,#1226);
#1094=AXIS2_PLACEMENT_3D('',#2457,#1228,#1229);
#1095=AXIS2_PLACEMENT_3D('',#2468,#1231,#1232);
#1096=AXIS2_PLACEMENT_3D('',#2474,#1233,#1234);
#1097=AXIS2_PLACEMENT_3D('',#2488,#1236,#1237);
#1098=AXIS2_PLACEMENT_3D('',#2498,#1238,#1239);
#1099=AXIS2_PLACEMENT_3D('',#2522,#1241,#1242);
#1100=AXIS2_PLACEMENT_3D('',#2547,#1244,#1245);
#1101=AXIS2_PLACEMENT_3D('',#2571,#1247,#1248);
#1102=AXIS2_PLACEMENT_3D('',#2596,#1250,#1251);
#1103=AXIS2_PLACEMENT_3D('',#2620,#1253,#1254);
#1104=AXIS2_PLACEMENT_3D('',#2645,#1256,#1257);
#1105=AXIS2_PLACEMENT_3D('',#2670,#1259,#1260);
#1106=AXIS2_PLACEMENT_3D('',#2694,#1262,#1263);
#1107=AXIS2_PLACEMENT_3D('',#2705,#1265,#1266);
#1108=AXIS2_PLACEMENT_3D('',#2711,#1267,#1268);
#1109=AXIS2_PLACEMENT_3D('',#3640,#1269,#1270);
#1110=AXIS2_PLACEMENT_3D('',#4569,#1271,#1272);
#1111=AXIS2_PLACEMENT_3D('',#4570,#1273,#1274);
#1112=AXIS2_PLACEMENT_3D('',#4571,#1275,#1276);
#1113=AXIS2_PLACEMENT_3D('',#4572,#1277,#1278);
#1114=AXIS2_PLACEMENT_3D('',#4573,#1279,#1280);
#1115=AXIS2_PLACEMENT_3D('',#4576,#1281,#1282);
#1116=AXIS2_PLACEMENT_3D('',#4580,#1284,#1285);
#1117=AXIS2_PLACEMENT_3D('',#4583,#1287,#1288);
#1118=AXIS2_PLACEMENT_3D('',#4584,#1289,#1290);
#1119=AXIS2_PLACEMENT_3D('',#4585,#1291,#1292);
#1120=AXIS2_PLACEMENT_3D('',#4586,#1293,#1294);
#1121=AXIS2_PLACEMENT_3D('',#4587,#1295,#1296);
#1122=AXIS2_PLACEMENT_3D('',#4588,#1297,#1298);
#1123=AXIS2_PLACEMENT_3D('',#4592,#1300,#1301);
#1124=AXIS2_PLACEMENT_3D('',#4596,#1304,#1305);
#1125=AXIS2_PLACEMENT_3D('',#4600,#1308,#1309);
#1126=AXIS2_PLACEMENT_3D('',#4603,#1311,#1312);
#1127=AXIS2_PLACEMENT_3D('',#4604,#1313,#1314);
#1128=AXIS2_PLACEMENT_3D('',#4606,#1316,#1317);
#1129=DIRECTION('axis',(0.,0.,1.));
#1130=DIRECTION('refdir',(1.,0.,0.));
#1131=DIRECTION('center_axis',(0.,1.,0.));
#1132=DIRECTION('ref_axis',(0.937250678375103,0.,0.34865622880627));
#1133=DIRECTION('',(0.,1.,0.));
#1134=DIRECTION('center_axis',(0.,1.,0.));
#1135=DIRECTION('ref_axis',(0.,0.,-1.));
#1136=DIRECTION('center_axis',(0.,1.,0.));
#1137=DIRECTION('ref_axis',(0.,0.,-1.));
#1138=DIRECTION('',(0.,1.,0.));
#1139=DIRECTION('center_axis',(0.,1.,0.));
#1140=DIRECTION('ref_axis',(0.,0.,-1.));
#1141=DIRECTION('',(0.,1.,0.));
#1142=DIRECTION('center_axis',(0.,1.,0.));
#1143=DIRECTION('ref_axis',(0.,0.,-1.));
#1144=DIRECTION('',(0.,1.,0.));
#1145=DIRECTION('center_axis',(0.,1.,0.));
#1146=DIRECTION('ref_axis',(0.,0.,-1.));
#1147=DIRECTION('',(0.,1.,0.));
#1148=DIRECTION('center_axis',(0.,1.,0.));
#1149=DIRECTION('ref_axis',(0.,0.,-1.));
#1150=DIRECTION('',(0.,1.,0.));
#1151=DIRECTION('center_axis',(0.,1.,0.));
#1152=DIRECTION('ref_axis',(0.,0.,-1.));
#1153=DIRECTION('',(0.,1.,0.));
#1154=DIRECTION('center_axis',(0.,1.,0.));
#1155=DIRECTION('ref_axis',(0.,0.,-1.));
#1156=DIRECTION('',(0.,1.,0.));
#1157=DIRECTION('center_axis',(0.,1.,0.));
#1158=DIRECTION('ref_axis',(0.,0.,-1.));
#1159=DIRECTION('',(0.,1.,0.));
#1160=DIRECTION('center_axis',(0.,1.,0.));
#1161=DIRECTION('ref_axis',(-0.348336808698147,0.,-0.93736944035209));
#1162=DIRECTION('',(0.,1.,0.));
#1163=DIRECTION('center_axis',(-6.10332524276068E-17,1.,6.12324466661174E-17));
#1164=DIRECTION('ref_axis',(0.,0.,-1.));
#1165=DIRECTION('center_axis',(0.,1.,0.));
#1166=DIRECTION('ref_axis',(0.937251988605349,0.,0.34865270665136));
#1167=DIRECTION('',(0.,1.,0.));
#1168=DIRECTION('center_axis',(0.,1.,0.));
#1169=DIRECTION('ref_axis',(0.,0.,-1.));
#1170=DIRECTION('center_axis',(0.,1.,0.));
#1171=DIRECTION('ref_axis',(0.,0.,-1.));
#1172=DIRECTION('',(0.,1.,0.));
#1173=DIRECTION('center_axis',(0.,1.,0.));
#1174=DIRECTION('ref_axis',(0.,0.,-1.));
#1175=DIRECTION('',(0.,1.,0.));
#1176=DIRECTION('center_axis',(0.,1.,0.));
#1177=DIRECTION('ref_axis',(0.,0.,-1.));
#1178=DIRECTION('',(0.,1.,0.));
#1179=DIRECTION('center_axis',(0.,1.,0.));
#1180=DIRECTION('ref_axis',(0.,0.,-1.));
#1181=DIRECTION('',(0.,1.,0.));
#1182=DIRECTION('center_axis',(0.,1.,0.));
#1183=DIRECTION('ref_axis',(0.,0.,-1.));
#1184=DIRECTION('',(0.,1.,0.));
#1185=DIRECTION('center_axis',(0.,1.,0.));
#1186=DIRECTION('ref_axis',(0.,0.,-1.));
#1187=DIRECTION('',(0.,1.,0.));
#1188=DIRECTION('center_axis',(0.,1.,0.));
#1189=DIRECTION('ref_axis',(0.,0.,-1.));
#1190=DIRECTION('',(0.,1.,0.));
#1191=DIRECTION('center_axis',(0.,1.,0.));
#1192=DIRECTION('ref_axis',(0.,0.,-1.));
#1193=DIRECTION('',(0.,1.,0.));
#1194=DIRECTION('center_axis',(0.,1.,0.));
#1195=DIRECTION('ref_axis',(-0.348337873588922,0.,-0.93736904462626));
#1196=DIRECTION('',(0.,1.,0.));
#1197=DIRECTION('center_axis',(-6.10332524276068E-17,1.,6.12324466661174E-17));
#1198=DIRECTION('ref_axis',(0.,0.,-1.));
#1199=DIRECTION('center_axis',(0.,1.,0.));
#1200=DIRECTION('ref_axis',(-3.45370740000048E-14,0.,-1.));
#1201=DIRECTION('',(-4.24456931042874E-30,1.,-1.22464679914735E-16));
#1202=DIRECTION('center_axis',(0.,-1.,0.));
#1203=DIRECTION('ref_axis',(-3.45370740000048E-14,0.,-1.));
#1204=DIRECTION('center_axis',(0.,1.,0.));
#1205=DIRECTION('ref_axis',(-3.45370740000048E-14,0.,-1.));
#1206=DIRECTION('',(-4.24456931042874E-30,1.,-1.22464679914735E-16));
#1207=DIRECTION('center_axis',(0.,1.,0.));
#1208=DIRECTION('ref_axis',(-3.45370740000048E-14,0.,-1.));
#1209=DIRECTION('',(-4.24456931042874E-30,1.,-1.22464679914735E-16));
#1210=DIRECTION('center_axis',(0.,1.,0.));
#1211=DIRECTION('ref_axis',(-3.45370740000048E-14,0.,-1.));
#1212=DIRECTION('',(-4.24456931042874E-30,1.,-1.22464679914735E-16));
#1213=DIRECTION('center_axis',(0.,1.,0.));
#1214=DIRECTION('ref_axis',(-3.45370740000048E-14,0.,-1.));
#1215=DIRECTION('',(-4.24456931042874E-30,1.,-1.22464679914735E-16));
#1216=DIRECTION('center_axis',(0.,1.,0.));
#1217=DIRECTION('ref_axis',(-3.45370740000048E-14,0.,-1.));
#1218=DIRECTION('',(-4.24456931042874E-30,1.,-1.22464679914735E-16));
#1219=DIRECTION('center_axis',(0.,1.,0.));
#1220=DIRECTION('ref_axis',(-3.45370740000048E-14,0.,-1.));
#1221=DIRECTION('',(-4.24456931042874E-30,1.,-1.22464679914735E-16));
#1222=DIRECTION('center_axis',(0.,1.,0.));
#1223=DIRECTION('ref_axis',(-3.45370740000048E-14,0.,-1.));
#1224=DIRECTION('',(-4.24456931042874E-30,1.,-1.22464679914735E-16));
#1225=DIRECTION('center_axis',(0.,1.,0.));
#1226=DIRECTION('ref_axis',(-3.45370740000048E-14,0.,-1.));
#1227=DIRECTION('',(-4.24456931042874E-30,1.,-1.22464679914735E-16));
#1228=DIRECTION('center_axis',(0.,1.,0.));
#1229=DIRECTION('ref_axis',(-0.793003437969187,0.,0.609217159450594));
#1230=DIRECTION('',(-4.24456931042874E-30,1.,-1.22464679914735E-16));
#1231=DIRECTION('center_axis',(-6.10332524276068E-17,1.,6.12324466661174E-17));
#1232=DIRECTION('ref_axis',(-3.45370740000048E-14,0.,-1.));
#1233=DIRECTION('center_axis',(0.,1.,0.));
#1234=DIRECTION('ref_axis',(-2.8780895000004E-14,0.,-1.));
#1235=DIRECTION('',(-3.53964069166172E-30,1.,-1.22464679914735E-16));
#1236=DIRECTION('center_axis',(0.,-1.,0.));
#1237=DIRECTION('ref_axis',(-2.8780895000004E-14,0.,-1.));
#1238=DIRECTION('center_axis',(0.,1.,0.));
#1239=DIRECTION('ref_axis',(-2.8780895000004E-14,0.,-1.));
#1240=DIRECTION('',(-3.53964069166172E-30,1.,-1.22464679914735E-16));
#1241=DIRECTION('center_axis',(0.,1.,0.));
#1242=DIRECTION('ref_axis',(-2.8780895000004E-14,0.,-1.));
#1243=DIRECTION('',(-3.53964069166172E-30,1.,-1.22464679914735E-16));
#1244=DIRECTION('center_axis',(0.,1.,0.));
#1245=DIRECTION('ref_axis',(-2.8780895000004E-14,0.,-1.));
#1246=DIRECTION('',(-3.53964069166172E-30,1.,-1.22464679914735E-16));
#1247=DIRECTION('center_axis',(0.,1.,0.));
#1248=DIRECTION('ref_axis',(-2.8780895000004E-14,0.,-1.));
#1249=DIRECTION('',(-3.53964069166172E-30,1.,-1.22464679914735E-16));
#1250=DIRECTION('center_axis',(0.,1.,0.));
#1251=DIRECTION('ref_axis',(-2.8780895000004E-14,0.,-1.));
#1252=DIRECTION('',(-3.53964069166172E-30,1.,-1.22464679914735E-16));
#1253=DIRECTION('center_axis',(0.,1.,0.));
#1254=DIRECTION('ref_axis',(-2.8780895000004E-14,0.,-1.));
#1255=DIRECTION('',(-3.53964069166172E-30,1.,-1.22464679914735E-16));
#1256=DIRECTION('center_axis',(0.,1.,0.));
#1257=DIRECTION('ref_axis',(-2.8780895000004E-14,0.,-1.));
#1258=DIRECTION('',(-3.53964069166172E-30,1.,-1.22464679914735E-16));
#1259=DIRECTION('center_axis',(0.,1.,0.));
#1260=DIRECTION('ref_axis',(-2.8780895000004E-14,0.,-1.));
#1261=DIRECTION('',(-3.53964069166172E-30,1.,-1.22464679914735E-16));
#1262=DIRECTION('center_axis',(0.,1.,0.));
#1263=DIRECTION('ref_axis',(-0.793002752853797,0.,0.609218051247909));
#1264=DIRECTION('',(-3.53964069166172E-30,1.,-1.22464679914735E-16));
#1265=DIRECTION('center_axis',(-6.10332524276068E-17,1.,6.12324466661174E-17));
#1266=DIRECTION('ref_axis',(-2.8780895000004E-14,0.,-1.));
#1267=DIRECTION('center_axis',(0.,1.,0.));
#1268=DIRECTION('ref_axis',(-2.8780895000004E-14,0.,-1.));
#1269=DIRECTION('center_axis',(0.,1.,0.));
#1270=DIRECTION('ref_axis',(-3.45370740000048E-14,0.,-1.));
#1271=DIRECTION('center_axis',(0.,1.,0.));
#1272=DIRECTION('ref_axis',(0.,0.,-1.));
#1273=DIRECTION('center_axis',(0.,1.,0.));
#1274=DIRECTION('ref_axis',(0.,0.,-1.));
#1275=DIRECTION('center_axis',(0.,1.,0.));
#1276=DIRECTION('ref_axis',(0.,0.,-1.));
#1277=DIRECTION('center_axis',(0.,1.,0.));
#1278=DIRECTION('ref_axis',(0.,0.,-1.));
#1279=DIRECTION('center_axis',(-0.997442469437376,-4.57184900284083E-21,
0.0714739124623059));
#1280=DIRECTION('ref_axis',(-0.0505396881800293,0.707106781186547,-0.705298333982624));
#1281=DIRECTION('center_axis',(-0.997442469437376,0.,0.071473912462306));
#1282=DIRECTION('ref_axis',(0.,1.,0.));
#1283=DIRECTION('',(-0.997442469437376,-4.57184900284083E-21,0.0714739124623059));
#1284=DIRECTION('center_axis',(0.997442469437376,0.,-0.0714739124623061));
#1285=DIRECTION('ref_axis',(0.,1.,0.));
#1286=DIRECTION('',(0.997442469437376,4.57184900284468E-21,-0.0714739124623058));
#1287=DIRECTION('center_axis',(-0.997442469437376,0.,0.0714739124623046));
#1288=DIRECTION('ref_axis',(0.0714739124623046,-7.40148683083437E-17,0.997442469437376));
#1289=DIRECTION('center_axis',(0.577350269189626,0.577350269189626,0.577350269189626));
#1290=DIRECTION('ref_axis',(-0.707106781186547,0.,0.707106781186548));
#1291=DIRECTION('center_axis',(0.,1.,0.));
#1292=DIRECTION('ref_axis',(-0.0714739124623059,0.,-0.997442469437376));
#1293=DIRECTION('center_axis',(0.,1.,0.));
#1294=DIRECTION('ref_axis',(0.,0.,-1.));
#1295=DIRECTION('center_axis',(0.,1.,0.));
#1296=DIRECTION('ref_axis',(0.0714739124623037,0.,0.997442469437376));
#1297=DIRECTION('center_axis',(0.,1.,0.));
#1298=DIRECTION('ref_axis',(0.0714739124623031,0.,0.997442469437376));
#1299=DIRECTION('',(0.,1.,0.));
#1300=DIRECTION('center_axis',(-6.10332524276068E-17,1.,6.12324466661173E-17));
#1301=DIRECTION('ref_axis',(0.0714739124623031,-5.67135574710441E-17,0.997442469437376));
#1302=DIRECTION('',(0.,1.,0.));
#1303=DIRECTION('',(0.,1.,0.));
#1304=DIRECTION('center_axis',(0.0714739124623058,0.,0.997442469437376));
#1305=DIRECTION('ref_axis',(0.997442469437376,6.52536805520538E-17,-0.0714739124623058));
#1306=DIRECTION('',(0.,1.,0.));
#1307=DIRECTION('',(0.997442469437376,6.52536805520538E-17,-0.0714739124623058));
#1308=DIRECTION('center_axis',(0.,1.,0.));
#1309=DIRECTION('ref_axis',(-0.0714739124623059,0.,-0.997442469437376));
#1310=DIRECTION('',(0.,1.,0.));
#1311=DIRECTION('center_axis',(-6.10332524276068E-17,1.,6.12324466661174E-17));
#1312=DIRECTION('ref_axis',(-0.0714739124623059,5.6713557471044E-17,-0.997442469437376));
#1313=DIRECTION('center_axis',(-0.0714739124623059,0.,-0.997442469437376));
#1314=DIRECTION('ref_axis',(-0.997442469437376,-6.52536805520538E-17,0.0714739124623059));
#1315=DIRECTION('',(-0.997442469437376,-6.52536805520538E-17,0.0714739124623059));
#1316=DIRECTION('center_axis',(-6.10332524276068E-17,1.,6.12324466661174E-17));
#1317=DIRECTION('ref_axis',(-0.999999785171963,-6.09931025785431E-17,-0.0006554815231999));
#1318=CARTESIAN_POINT('',(0.,0.,0.));
#1319=CARTESIAN_POINT('Origin',(37.172486398045,-5.49999999999999,-38.4536004984283));
#1320=CARTESIAN_POINT('',(37.172792206466,-3.19341967361941,-37.191133865216));
#1321=CARTESIAN_POINT('',(37.1707297960226,-3.05658032638058,-37.1900011104641));
#1322=CARTESIAN_POINT('',(37.172486398045,-5.49999999999999,-37.1891004984283));
#1323=CARTESIAN_POINT('',(37.9976976969815,-2.99999999999999,-37.4954843457059));
#1324=CARTESIAN_POINT('Ctrl Pts',(37.1707297960226,-3.05658032638058,-37.1900011104641));
#1325=CARTESIAN_POINT('Ctrl Pts',(37.4698843371122,-3.03772021758705,-37.1926695266198));
#1326=CARTESIAN_POINT('Ctrl Pts',(37.7706211824086,-3.01886010879352,-37.2999066957349));
#1327=CARTESIAN_POINT('Ctrl Pts',(37.9976976969815,-2.99999999999999,-37.4954843457059));
#1328=CARTESIAN_POINT('',(37.9990694412418,-3.,-39.4135527223368));
#1329=CARTESIAN_POINT('Origin',(37.172486398045,-2.99999999999999,-38.4536004984283));
#1330=CARTESIAN_POINT('Ctrl Pts',(37.9990710894422,-3.,-39.4135549284428));
#1331=CARTESIAN_POINT('Ctrl Pts',(38.3078946977106,-3.02579945077898,-39.1466664078437));
#1332=CARTESIAN_POINT('Ctrl Pts',(38.4769786133394,-3.05159890155797,-38.71649200459));
#1333=CARTESIAN_POINT('Ctrl Pts',(38.4309450960378,-3.07739835233696,-38.3109232912453));
#1334=CARTESIAN_POINT('Ctrl Pts',(38.3837229796551,-3.10386395259321,-37.8948826733355));
#1335=CARTESIAN_POINT('Ctrl Pts',(38.1101312222444,-3.13032955284947,-37.5047348020808));
#1336=CARTESIAN_POINT('Ctrl Pts',(37.7351032679271,-3.15679515310572,-37.3188306171781));
#1337=CARTESIAN_POINT('Ctrl Pts',(37.5621086526137,-3.16900332661028,-37.2330758818786));
#1338=CARTESIAN_POINT('Ctrl Pts',(37.3675300912452,-3.18121150011485,-37.1907808270754));
#1339=CARTESIAN_POINT('Ctrl Pts',(37.172792206466,-3.19341967361941,-37.191133865216));
#1340=CARTESIAN_POINT('Origin',(37.172486398045,-5.49999999999999,-38.4536004984283));
#1341=CARTESIAN_POINT('',(37.1713290574599,-3.69341967361941,-37.1891837648723));
#1342=CARTESIAN_POINT('',(37.1725727056587,-3.55658032638058,-37.1870088755083));
#1343=CARTESIAN_POINT('',(37.172486398045,-5.49999999999999,-37.1891004984283));
#1344=CARTESIAN_POINT('Ctrl Pts',(37.1725727056587,-3.55658032638058,-37.1870088755083));
#1345=CARTESIAN_POINT('Ctrl Pts',(37.1768051597564,-3.55631275271416,-37.1870050437089));
#1346=CARTESIAN_POINT('Ctrl Pts',(37.181037575695,-3.55604517904773,-37.1870244185763));
#1347=CARTESIAN_POINT('Ctrl Pts',(37.1852697543105,-3.55577760538131,-37.1870671060095));
#1348=CARTESIAN_POINT('Ctrl Pts',(37.6038727840756,-3.52931200512505,-37.1912893023057));
#1349=CARTESIAN_POINT('Ctrl Pts',(38.0201540565388,-3.5028464048688,-37.4235808009442));
#1350=CARTESIAN_POINT('Ctrl Pts',(38.243595032248,-3.47638080461255,-37.777605409016));
#1351=CARTESIAN_POINT('Ctrl Pts',(38.4670360079572,-3.44991520435629,-38.1316300170879));
#1352=CARTESIAN_POINT('Ctrl Pts',(38.4976366869124,-3.42344960410004,-38.6073877345931));
#1353=CARTESIAN_POINT('Ctrl Pts',(38.3212879124781,-3.39698400384379,-38.987073666923));
#1354=CARTESIAN_POINT('Ctrl Pts',(38.1449391380438,-3.37051840358753,-39.3667595992529));
#1355=CARTESIAN_POINT('Ctrl Pts',(37.7616409102201,-3.34405280333128,-39.6503737464075));
#1356=CARTESIAN_POINT('Ctrl Pts',(37.3470637562988,-3.31758720307503,-39.7080975652155));
#1357=CARTESIAN_POINT('Ctrl Pts',(36.9324866023775,-3.29112160281878,-39.7658213840235));
#1358=CARTESIAN_POINT('Ctrl Pts',(36.4866305223585,-3.26465600256252,-39.5976548744849));
#1359=CARTESIAN_POINT('Ctrl Pts',(36.2132005011994,-3.23819040230627,-39.2805496902885));
#1360=CARTESIAN_POINT('Ctrl Pts',(35.9397704800402,-3.21172480205002,-38.9634445060922));
#1361=CARTESIAN_POINT('Ctrl Pts',(35.8387665177408,-3.18525920179376,-38.4974006472381));
#1362=CARTESIAN_POINT('Ctrl Pts',(35.957247912757,-3.15879360153751,-38.0958284108113));
#1363=CARTESIAN_POINT('Ctrl Pts',(36.0757293077731,-3.13232800128126,-37.6942561743844));
#1364=CARTESIAN_POINT('Ctrl Pts',(36.4136960601048,-3.10586240102501,-37.3571555603847));
#1365=CARTESIAN_POINT('Ctrl Pts',(36.8145264183356,-3.07939680076875,-37.238851123294));
#1366=CARTESIAN_POINT('Ctrl Pts',(36.9297141275886,-3.07179130930603,-37.2048536557291));
#1367=CARTESIAN_POINT('Ctrl Pts',(37.0500933069546,-3.0641858178433,-37.1889250500599));
#1368=CARTESIAN_POINT('Ctrl Pts',(37.1707297960226,-3.05658032638058,-37.1900011104641));
#1369=CARTESIAN_POINT('Ctrl Pts',(37.172792206466,-3.19341967361941,-37.191133865216));
#1370=CARTESIAN_POINT('Ctrl Pts',(36.9453657919429,-3.2076771003711,-37.1915461640279));
#1371=CARTESIAN_POINT('Ctrl Pts',(36.7177220770291,-3.22193452712279,-37.2501259802158));
#1372=CARTESIAN_POINT('Ctrl Pts',(36.5239869959795,-3.23619195387448,-37.3655805869995));
#1373=CARTESIAN_POINT('Ctrl Pts',(36.1643628295734,-3.26265755413073,-37.5798952402744));
#1374=CARTESIAN_POINT('Ctrl Pts',(35.9215786479853,-3.28912315438698,-37.9901850453747));
#1375=CARTESIAN_POINT('Ctrl Pts',(35.906700135529,-3.31558875464324,-38.4085604255074));
#1376=CARTESIAN_POINT('Ctrl Pts',(35.8918216230727,-3.34205435489949,-38.82693580564));
#1377=CARTESIAN_POINT('Ctrl Pts',(36.1048487797482,-3.36851995515574,-39.2533967608049));
#1378=CARTESIAN_POINT('Ctrl Pts',(36.4482992925561,-3.394985555412,-39.4927461162794));
#1379=CARTESIAN_POINT('Ctrl Pts',(36.7917498053639,-3.42145115566825,-39.7320954717539));
#1380=CARTESIAN_POINT('Ctrl Pts',(37.2656236743041,-3.4479167559245,-39.784333227538));
#1381=CARTESIAN_POINT('Ctrl Pts',(37.6529672679376,-3.47438235618075,-39.6255296215047));
#1382=CARTESIAN_POINT('Ctrl Pts',(38.0403108615711,-3.50084795643701,-39.4667260154714));
#1383=CARTESIAN_POINT('Ctrl Pts',(38.3411241798979,-3.52731355669326,-39.0968810476207));
#1384=CARTESIAN_POINT('Ctrl Pts',(38.4177080917134,-3.55377915694951,-38.6853135007736));
#1385=CARTESIAN_POINT('Ctrl Pts',(38.494292003529,-3.58024475720577,-38.2737459539264));
#1386=CARTESIAN_POINT('Ctrl Pts',(38.3466465088335,-3.60671035746202,-37.8204558280828));
#1387=CARTESIAN_POINT('Ctrl Pts',(38.0423571404618,-3.63317595771827,-37.532950207412));
#1388=CARTESIAN_POINT('Ctrl Pts',(37.8114722422993,-3.65325719635198,-37.314800272352));
#1389=CARTESIAN_POINT('Ctrl Pts',(37.4904030497855,-3.6733384349857,-37.1920971508988));
#1390=CARTESIAN_POINT('Ctrl Pts',(37.1713290574599,-3.69341967361941,-37.1891837648723));
#1391=CARTESIAN_POINT('Origin',(37.172486398045,-5.49999999999999,-38.4536004984283));
#1392=CARTESIAN_POINT('',(37.172914333644,-4.19341967361941,-37.1871784566815));
#1393=CARTESIAN_POINT('',(37.1735481252794,-4.05658032638058,-37.1899822420287));
#1394=CARTESIAN_POINT('',(37.172486398045,-5.49999999999999,-37.1891004984283));
#1395=CARTESIAN_POINT('Ctrl Pts',(37.1735481252794,-4.05658032638058,-37.1899822420287));
#1396=CARTESIAN_POINT('Ctrl Pts',(37.3031034941294,-4.04843968758501,-37.1889520474902));
#1397=CARTESIAN_POINT('Ctrl Pts',(37.4323743468933,-4.04029904878943,-37.2072814793204));
#1398=CARTESIAN_POINT('Ctrl Pts',(37.5551259348316,-4.03215840999386,-37.2461823406946));
#1399=CARTESIAN_POINT('Ctrl Pts',(37.9541971304437,-4.0056928097376,-37.3726508737677));
#1400=CARTESIAN_POINT('Ctrl Pts',(38.2843642125329,-3.97922720948135,-37.71654516796));
#1401=CARTESIAN_POINT('Ctrl Pts',(38.3944812337881,-3.9527616092251,-38.12043439069));
#1402=CARTESIAN_POINT('Ctrl Pts',(38.5045982550433,-3.92629600896884,-38.5243236134199));
#1403=CARTESIAN_POINT('Ctrl Pts',(38.3946652154644,-3.89983040871259,-38.9882077646874));
#1404=CARTESIAN_POINT('Ctrl Pts',(38.1150066326632,-3.87336480845634,-39.2997258208331));
#1405=CARTESIAN_POINT('Ctrl Pts',(37.835348049862,-3.84689920820009,-39.6112438769789));
#1406=CARTESIAN_POINT('Ctrl Pts',(37.3859639238386,-3.82043360794383,-39.7703958380028));
#1407=CARTESIAN_POINT('Ctrl Pts',(36.9725803531743,-3.79396800768758,-39.7043240095715));
#1408=CARTESIAN_POINT('Ctrl Pts',(36.55919678251,-3.76750240743133,-39.6382521811403));
#1409=CARTESIAN_POINT('Ctrl Pts',(36.181813767205,-3.74103680717508,-39.346956563254));
#1410=CARTESIAN_POINT('Ctrl Pts',(36.0131866593043,-3.71457120691882,-38.9637884503838));
#1411=CARTESIAN_POINT('Ctrl Pts',(35.8445595514037,-3.68810560666257,-38.5806203375135));
#1412=CARTESIAN_POINT('Ctrl Pts',(35.8846883509075,-3.66164000640632,-38.1055797296595));
#1413=CARTESIAN_POINT('Ctrl Pts',(36.115215144193,-3.63517440615006,-37.7561358727094));
#1414=CARTESIAN_POINT('Ctrl Pts',(36.3434112554348,-3.60897637956024,-37.4102249782884));
#1415=CARTESIAN_POINT('Ctrl Pts',(36.7581748821672,-3.58277835297041,-37.187384045396));
#1416=CARTESIAN_POINT('Ctrl Pts',(37.1725727056587,-3.55658032638058,-37.1870088755083));
#1417=CARTESIAN_POINT('Ctrl Pts',(37.1713290574599,-3.69341967361941,-37.1891837648723));
#1418=CARTESIAN_POINT('Ctrl Pts',(37.0698869209209,-3.69980403524195,-37.1882575217118));
#1419=CARTESIAN_POINT('Ctrl Pts',(36.9686464539832,-3.70618839686449,-37.1994393107775));
#1420=CARTESIAN_POINT('Ctrl Pts',(36.8705698627068,-3.71257275848703,-37.2235113966164));
#1421=CARTESIAN_POINT('Ctrl Pts',(36.4640051953712,-3.73903835874328,-37.3232993219897));
#1422=CARTESIAN_POINT('Ctrl Pts',(36.1118091027477,-3.76550395899953,-37.6445962882345));
#1423=CARTESIAN_POINT('Ctrl Pts',(35.9752117269475,-3.79196955925579,-38.0403151994979));
#1424=CARTESIAN_POINT('Ctrl Pts',(35.8386143511473,-3.81843515951204,-38.4360341107613));
#1425=CARTESIAN_POINT('Ctrl Pts',(35.9176156921704,-3.84490075976829,-38.9061749670433));
#1426=CARTESIAN_POINT('Ctrl Pts',(36.1760504473094,-3.87136636002455,-39.2355131273034));
#1427=CARTESIAN_POINT('Ctrl Pts',(36.4344852024484,-3.8978319602808,-39.5648512875635));
#1428=CARTESIAN_POINT('Ctrl Pts',(36.8723533717032,-3.92429756053705,-39.7533867518017));
#1429=CARTESIAN_POINT('Ctrl Pts',(37.2892035777317,-3.95076316079331,-39.7148098780583));
#1430=CARTESIAN_POINT('Ctrl Pts',(37.7060537837601,-3.97722876104956,-39.676233004315));
#1431=CARTESIAN_POINT('Ctrl Pts',(38.1018860265622,-4.00369436130581,-39.4105437925902));
#1432=CARTESIAN_POINT('Ctrl Pts',(38.2954929583715,-4.03015996156206,-39.0393718687252));
#1433=CARTESIAN_POINT('Ctrl Pts',(38.4890998901809,-4.05662556181832,-38.6681999448602));
#1434=CARTESIAN_POINT('Ctrl Pts',(38.4804815109977,-4.08309116207457,-38.1915453088551));
#1435=CARTESIAN_POINT('Ctrl Pts',(38.2735831400524,-4.10955676233082,-37.8276149723852));
#1436=CARTESIAN_POINT('Ctrl Pts',(38.0666847691072,-4.13602236258708,-37.4636846359152));
#1437=CARTESIAN_POINT('Ctrl Pts',(37.6615064063999,-4.16248796284333,-37.2124785989804));
#1438=CARTESIAN_POINT('Ctrl Pts',(37.2435341390602,-4.18895356309958,-37.1889961610358));
#1439=CARTESIAN_POINT('Ctrl Pts',(37.2200229859396,-4.19044226660619,-37.1876752619301));
#1440=CARTESIAN_POINT('Ctrl Pts',(37.1964713513713,-4.1919309701128,-37.1870749075848));
#1441=CARTESIAN_POINT('Ctrl Pts',(37.172914333644,-4.19341967361941,-37.1871784566815));
#1442=CARTESIAN_POINT('Origin',(37.172486398045,-5.49999999999999,-38.4536004984283));
#1443=CARTESIAN_POINT('',(37.1733784196652,-4.69341967361941,-37.1904512658601));
#1444=CARTESIAN_POINT('',(37.1718036916675,-4.55658032638058,-37.1907823593274));
#1445=CARTESIAN_POINT('',(37.172486398045,-5.49999999999999,-37.1891004984283));
#1446=CARTESIAN_POINT('Ctrl Pts',(37.1718036916675,-4.55658032638058,-37.1907823593274));
#1447=CARTESIAN_POINT('Ctrl Pts',(37.4270624154828,-4.54056662245586,-37.192033023498));
#1448=CARTESIAN_POINT('Ctrl Pts',(37.6829974329033,-4.52455291853113,-37.267087588784));
#1449=CARTESIAN_POINT('Ctrl Pts',(37.8915271438935,-4.50853921460641,-37.410886746427));
#1450=CARTESIAN_POINT('Ctrl Pts',(38.2361609649359,-4.48207361435015,-37.6485413853073));
#1451=CARTESIAN_POINT('Ctrl Pts',(38.4513135411704,-4.4556080140939,-38.0739626702129));
#1452=CARTESIAN_POINT('Ctrl Pts',(38.4384904812789,-4.42914241383765,-38.4923975737967));
#1453=CARTESIAN_POINT('Ctrl Pts',(38.4256674213874,-4.4026768135814,-38.9108324773805));
#1454=CARTESIAN_POINT('Ctrl Pts',(38.1848687253701,-4.37621121332514,-39.3222809996424));
#1455=CARTESIAN_POINT('Ctrl Pts',(37.8263292742752,-4.34974561306889,-39.5383866820263));
#1456=CARTESIAN_POINT('Ctrl Pts',(37.4677898231804,-4.32328001281264,-39.7544923644101));
#1457=CARTESIAN_POINT('Ctrl Pts',(36.9915096170082,-4.29681441255639,-39.775255206916));
#1458=CARTESIAN_POINT('Ctrl Pts',(36.6155243697055,-4.27034881230013,-39.5911702204103));
#1459=CARTESIAN_POINT('Ctrl Pts',(36.2395391224028,-4.24388321204388,-39.4070852339047));
#1460=CARTESIAN_POINT('Ctrl Pts',(35.9638488339697,-4.21741761178763,-39.0181524183875));
#1461=CARTESIAN_POINT('Ctrl Pts',(35.9146612856553,-4.19095201153137,-38.6024207874362));
#1462=CARTESIAN_POINT('Ctrl Pts',(35.865473737341,-4.16448641127512,-38.1866891564849));
#1463=CARTESIAN_POINT('Ctrl Pts',(36.0427889291454,-4.13802081101887,-37.7441587100995));
#1464=CARTESIAN_POINT('Ctrl Pts',(36.365434179615,-4.11155521076261,-37.4774148728837));
#1465=CARTESIAN_POINT('Ctrl Pts',(36.5888359435304,-4.09323024930194,-37.2927196273753));
#1466=CARTESIAN_POINT('Ctrl Pts',(36.8819128862253,-4.07490528784126,-37.1923012584706));
#1467=CARTESIAN_POINT('Ctrl Pts',(37.1735481252794,-4.05658032638058,-37.1899822420287));
#1468=CARTESIAN_POINT('Ctrl Pts',(37.172914333644,-4.19341967361941,-37.1871784566815));
#1469=CARTESIAN_POINT('Ctrl Pts',(36.7776837206372,-4.21839657036906,-37.1889157637307));
#1470=CARTESIAN_POINT('Ctrl Pts',(36.3809378107155,-4.2433734671187,-37.3887937389536));
#1471=CARTESIAN_POINT('Ctrl Pts',(36.1484354608506,-4.26835036386834,-37.7082203466573));
#1472=CARTESIAN_POINT('Ctrl Pts',(35.9020752219529,-4.29481596412459,-38.0466858091779));
#1473=CARTESIAN_POINT('Ctrl Pts',(35.8401209161298,-4.32128156438085,-38.5193755731736));
#1474=CARTESIAN_POINT('Ctrl Pts',(35.9909345299579,-4.3477471646371,-38.909897645663));
#1475=CARTESIAN_POINT('Ctrl Pts',(36.1417481437861,-4.37421276489335,-39.3004197181523));
#1476=CARTESIAN_POINT('Ctrl Pts',(36.5053296772655,-4.4006783651496,-39.6087740991354));
#1477=CARTESIAN_POINT('Ctrl Pts',(36.9152356324571,-4.42714396540586,-39.6937996542061));
#1478=CARTESIAN_POINT('Ctrl Pts',(37.3251415876487,-4.45360956566211,-39.7788252092769));
#1479=CARTESIAN_POINT('Ctrl Pts',(37.7813719645524,-4.48007516591836,-39.6405219384353));
#1480=CARTESIAN_POINT('Ctrl Pts',(38.0750696850851,-4.50654076617462,-39.3422035089118));
#1481=CARTESIAN_POINT('Ctrl Pts',(38.3687674056178,-4.53300636643087,-39.0438850793882));
#1482=CARTESIAN_POINT('Ctrl Pts',(38.4999324697794,-4.55947196668712,-38.5855514911825));
#1483=CARTESIAN_POINT('Ctrl Pts',(38.4085190009702,-4.58593756694337,-38.1770226500321));
#1484=CARTESIAN_POINT('Ctrl Pts',(38.317105532161,-4.61240316719963,-37.7684938088817));
#1485=CARTESIAN_POINT('Ctrl Pts',(38.003113530381,-4.63886876745588,-37.4097697147864));
#1486=CARTESIAN_POINT('Ctrl Pts',(37.6102849654418,-4.66533436771214,-37.2650701808294));
#1487=CARTESIAN_POINT('Ctrl Pts',(37.4713283537319,-4.67469613634789,-37.213885112458));
#1488=CARTESIAN_POINT('Ctrl Pts',(37.3225071303423,-4.68405790498365,-37.1894803740637));
#1489=CARTESIAN_POINT('Ctrl Pts',(37.1733784196652,-4.69341967361941,-37.1904512658601));
#1490=CARTESIAN_POINT('Origin',(37.172486398045,-5.49999999999999,-38.4536004984283));
#1491=CARTESIAN_POINT('',(37.1715726294335,-5.19341967361941,-37.1904055007629));
#1492=CARTESIAN_POINT('',(37.1717843461239,-5.05658032638058,-37.1874916645255));
#1493=CARTESIAN_POINT('',(37.172486398045,-5.49999999999999,-37.1891004984283));
#1494=CARTESIAN_POINT('Ctrl Pts',(37.1717843461239,-5.05658032638058,-37.1874916645255));
#1495=CARTESIAN_POINT('Ctrl Pts',(37.5500123927373,-5.03269355732671,-37.1900134809276));
#1496=CARTESIAN_POINT('Ctrl Pts',(37.9303305643406,-5.00880678827283,-37.3706847602145));
#1497=CARTESIAN_POINT('Ctrl Pts',(38.1650484172481,-4.98492001921896,-37.6667763765946));
#1498=CARTESIAN_POINT('Ctrl Pts',(38.4251065629959,-4.9584544189627,-37.9948342374408));
#1499=CARTESIAN_POINT('Ctrl Pts',(38.5064291339553,-4.93198881870645,-38.4645794275278));
#1500=CARTESIAN_POINT('Ctrl Pts',(38.3717875817446,-4.9055232184502,-38.8609679385315));
#1501=CARTESIAN_POINT('Ctrl Pts',(38.2371460295339,-4.87905761819395,-39.2573564495351));
#1502=CARTESIAN_POINT('Ctrl Pts',(37.8865403541532,-4.85259201793769,-39.5803882814554));
#1503=CARTESIAN_POINT('Ctrl Pts',(37.4804738480023,-4.82612641768144,-39.68218313357));
#1504=CARTESIAN_POINT('Ctrl Pts',(37.0744073418514,-4.79966081742519,-39.7839779856845));
#1505=CARTESIAN_POINT('Ctrl Pts',(36.6128800049303,-4.77319521716894,-39.6645358579933));
#1506=CARTESIAN_POINT('Ctrl Pts',(36.3071738065917,-4.74672961691269,-39.3785359988975));
#1507=CARTESIAN_POINT('Ctrl Pts',(36.001467608253,-4.72026401665643,-39.0925361398017));
#1508=CARTESIAN_POINT('Ctrl Pts',(35.8515825484967,-4.69379841640018,-38.6399785493012));
#1509=CARTESIAN_POINT('Ctrl Pts',(35.9261343023536,-4.66733281614392,-38.2280389478903));
#1510=CARTESIAN_POINT('Ctrl Pts',(36.0006860562105,-4.64086721588767,-37.8160993464793));
#1511=CARTESIAN_POINT('Ctrl Pts',(36.2996746236805,-4.61440161563142,-37.4447777341579));
#1512=CARTESIAN_POINT('Ctrl Pts',(36.6862264403407,-4.58793601537517,-37.2840609244248));
#1513=CARTESIAN_POINT('Ctrl Pts',(36.8388849659504,-4.57748411904364,-37.2205900256807));
#1514=CARTESIAN_POINT('Ctrl Pts',(37.0052002792666,-4.56703222271211,-37.1899660702091));
#1515=CARTESIAN_POINT('Ctrl Pts',(37.1718036916675,-4.55658032638058,-37.1907823593274));
#1516=CARTESIAN_POINT('Ctrl Pts',(37.1733784196652,-4.69341967361941,-37.1904512658601));
#1517=CARTESIAN_POINT('Ctrl Pts',(36.900922171659,-4.7105235052399,-37.1922250727606));
#1518=CARTESIAN_POINT('Ctrl Pts',(36.6274395672817,-4.7276273368604,-37.2786997462446));
#1519=CARTESIAN_POINT('Ctrl Pts',(36.4112125149829,-4.74473116848089,-37.4413090501726));
#1520=CARTESIAN_POINT('Ctrl Pts',(36.0766337575615,-4.77119676873714,-37.6929224272917));
#1521=CARTESIAN_POINT('Ctrl Pts',(35.8791413708173,-4.7976623689934,-38.1268241553485));
#1522=CARTESIAN_POINT('Ctrl Pts',(35.9091451246195,-4.82412796924965,-38.5443789556035));
#1523=CARTESIAN_POINT('Ctrl Pts',(35.9391488784217,-4.85059356950591,-38.9619337558585));
#1524=CARTESIAN_POINT('Ctrl Pts',(36.1966487727704,-4.87705916976215,-39.3631416283117));
#1525=CARTESIAN_POINT('Ctrl Pts',(36.5637642830068,-4.90352477001841,-39.5643341694976));
#1526=CARTESIAN_POINT('Ctrl Pts',(36.9308797932431,-4.92999037027466,-39.7655267106834));
#1527=CARTESIAN_POINT('Ctrl Pts',(37.4076109193672,-4.95645597053091,-39.766703920602));
#1528=CARTESIAN_POINT('Ctrl Pts',(37.775715570969,-4.98292157078717,-39.5673268859647));
#1529=CARTESIAN_POINT('Ctrl Pts',(38.1438202225708,-5.00938717104342,-39.3679498513275));
#1530=CARTESIAN_POINT('Ctrl Pts',(38.4032983996503,-5.03585277129968,-38.9680185721345));
#1531=CARTESIAN_POINT('Ctrl Pts',(38.4353639422586,-5.06231837155593,-38.5506170418913));
#1532=CARTESIAN_POINT('Ctrl Pts',(38.4674294848669,-5.08878397181218,-38.1332155116481));
#1533=CARTESIAN_POINT('Ctrl Pts',(38.272082393004,-5.11524957206843,-37.6983437303546));
#1534=CARTESIAN_POINT('Ctrl Pts',(37.9387503447874,-5.14171517232468,-37.4450810562258));
#1535=CARTESIAN_POINT('Ctrl Pts',(37.7216790377357,-5.15895000608959,-37.280152241266));
#1536=CARTESIAN_POINT('Ctrl Pts',(37.4460906783679,-5.1761848398545,-37.1922407324376));
#1537=CARTESIAN_POINT('Ctrl Pts',(37.1715726294335,-5.19341967361941,-37.1904055007629));
#1538=CARTESIAN_POINT('Origin',(37.172486398045,-5.49999999999999,-38.4536004984283));
#1539=CARTESIAN_POINT('',(37.1720942747329,-5.69341967361941,-37.1871501077787));
#1540=CARTESIAN_POINT('',(37.1736053900865,-5.55658032638058,-37.1886583669567));
#1541=CARTESIAN_POINT('',(37.172486398045,-5.49999999999999,-37.1891004984283));
#1542=CARTESIAN_POINT('Ctrl Pts',(37.1736053900865,-5.55658032638058,-37.1886583669567));
#1543=CARTESIAN_POINT('Ctrl Pts',(37.2576366317935,-5.55128609245381,-37.187885049481));
#1544=CARTESIAN_POINT('Ctrl Pts',(37.341527663722,-5.54599185852704,-37.1955426103425));
#1545=CARTESIAN_POINT('Ctrl Pts',(37.4236090977798,-5.54069762460027,-37.2121461294355));
#1546=CARTESIAN_POINT('Ctrl Pts',(37.8339299208263,-5.51423202434402,-37.2951462584895));
#1547=CARTESIAN_POINT('Ctrl Pts',(38.1990298315358,-5.48776642408777,-37.6017012443961));
#1548=CARTESIAN_POINT('Ctrl Pts',(38.3517702409426,-5.46130082383152,-37.9914736992752));
#1549=CARTESIAN_POINT('Ctrl Pts',(38.5045106503493,-5.43483522357526,-38.3812461541543));
#1550=CARTESIAN_POINT('Ctrl Pts',(38.4448915584534,-5.40836962331901,-38.8542360780059));
#1551=CARTESIAN_POINT('Ctrl Pts',(38.2002059078266,-5.38190402306275,-39.1939140602558));
#1552=CARTESIAN_POINT('Ctrl Pts',(37.9555202571999,-5.3554384228065,-39.5335920425058));
#1553=CARTESIAN_POINT('Ctrl Pts',(37.5257680478423,-5.32897282255025,-39.7399580831542));
#1554=CARTESIAN_POINT('Ctrl Pts',(37.1076849561177,-5.302507222294,-39.718540154593));
#1555=CARTESIAN_POINT('Ctrl Pts',(36.6896018643932,-5.27604162203774,-39.6971222260318));
#1556=CARTESIAN_POINT('Ctrl Pts',(36.2831878903017,-5.24957602178149,-39.447920328261));
#1557=CARTESIAN_POINT('Ctrl Pts',(36.074494731411,-5.22311042152524,-39.0850162573566));
#1558=CARTESIAN_POINT('Ctrl Pts',(35.8658015725202,-5.19664482126898,-38.7221121864522));
#1559=CARTESIAN_POINT('Ctrl Pts',(35.8548292288303,-5.17017922101273,-38.2455059424141));
#1560=CARTESIAN_POINT('Ctrl Pts',(36.0466007145332,-5.14371362075648,-37.8733824460886));
#1561=CARTESIAN_POINT('Ctrl Pts',(36.2383722002362,-5.11724802050022,-37.5012589497631));
#1562=CARTESIAN_POINT('Ctrl Pts',(36.632887515332,-5.09078242024397,-37.2336182011502));
#1563=CARTESIAN_POINT('Ctrl Pts',(37.0495420331481,-5.06431681998772,-37.1929830926465));
#1564=CARTESIAN_POINT('Ctrl Pts',(37.0901412132442,-5.06173798878534,-37.1890235721858));
#1565=CARTESIAN_POINT('Ctrl Pts',(37.1309505989553,-5.05915915758296,-37.1872194075781));
#1566=CARTESIAN_POINT('Ctrl Pts',(37.1717843461239,-5.05658032638058,-37.1874916645255));
#1567=CARTESIAN_POINT('Ctrl Pts',(37.1715726294335,-5.19341967361941,-37.1904055007629));
#1568=CARTESIAN_POINT('Ctrl Pts',(37.0245441148602,-5.20265044011076,-37.1894225730899));
#1569=CARTESIAN_POINT('Ctrl Pts',(36.8778226234142,-5.2118812066021,-37.2131309938018));
#1570=CARTESIAN_POINT('Ctrl Pts',(36.7405628982148,-5.22111197309344,-37.2629225437865));
#1571=CARTESIAN_POINT('Ctrl Pts',(36.3470245044295,-5.2475775733497,-37.40568027244));
#1572=CARTESIAN_POINT('Ctrl Pts',(36.0312647214293,-5.27404317360595,-37.7628492967109));
#1573=CARTESIAN_POINT('Ctrl Pts',(35.9378347885739,-5.3005087738622,-38.1709216972972));
#1574=CARTESIAN_POINT('Ctrl Pts',(35.8444048557184,-5.32697437411846,-38.5789940978834));
#1575=CARTESIAN_POINT('Ctrl Pts',(35.9733047730077,-5.35343997437471,-39.037969874785));
#1576=CARTESIAN_POINT('Ctrl Pts',(36.2655256235345,-5.37990557463096,-39.3377351345988));
#1577=CARTESIAN_POINT('Ctrl Pts',(36.5577464740613,-5.40637117488721,-39.6375003944127));
#1578=CARTESIAN_POINT('Ctrl Pts',(37.0132882578256,-5.43283677514347,-39.7780551371389));
#1579=CARTESIAN_POINT('Ctrl Pts',(37.4236091244503,-5.45930237539972,-39.6950549992699));
#1580=CARTESIAN_POINT('Ctrl Pts',(37.833929991075,-5.48576797565597,-39.6120548614009));
#1581=CARTESIAN_POINT('Ctrl Pts',(38.1990299405599,-5.51223357591223,-39.3054998429366));
#1582=CARTESIAN_POINT('Ctrl Pts',(38.3517703661885,-5.53869917616848,-38.9157273466617));
#1583=CARTESIAN_POINT('Ctrl Pts',(38.5045107918172,-5.56516477642473,-38.5259548503868));
#1584=CARTESIAN_POINT('Ctrl Pts',(38.4448916935894,-5.59163037668098,-38.0529648763012));
#1585=CARTESIAN_POINT('Ctrl Pts',(38.2002060169758,-5.61809597693724,-37.7132868579757));
#1586=CARTESIAN_POINT('Ctrl Pts',(37.9680728641376,-5.64320387583129,-37.3910345282317));
#1587=CARTESIAN_POINT('Ctrl Pts',(37.5693741391961,-5.66831177472536,-37.188767029747));
#1588=CARTESIAN_POINT('Ctrl Pts',(37.1720942747329,-5.69341967361941,-37.1871501077787));
#1589=CARTESIAN_POINT('Origin',(37.172486398045,-5.49999999999999,-38.4536004984283));
#1590=CARTESIAN_POINT('',(37.1736432283028,-6.19341967361941,-37.1892463222326));
#1591=CARTESIAN_POINT('',(37.1725035598272,-6.05658032638058,-37.1911529524685));
#1592=CARTESIAN_POINT('',(37.172486398045,-5.49999999999999,-37.1891004984283));
#1593=CARTESIAN_POINT('Ctrl Pts',(37.1725035598272,-6.05658032638058,-37.1911529524685));
#1594=CARTESIAN_POINT('Ctrl Pts',(37.3825445404692,-6.04341302732466,-37.1911275348637));
#1595=CARTESIAN_POINT('Ctrl Pts',(37.5925742416448,-6.03024572826874,-37.2406791708462));
#1596=CARTESIAN_POINT('Ctrl Pts',(37.7757155069029,-6.01707842921282,-37.3398742291754));
#1597=CARTESIAN_POINT('Ctrl Pts',(38.1438201194101,-5.99061282895657,-37.5392512426377));
#1598=CARTESIAN_POINT('Ctrl Pts',(38.4032982689317,-5.96414722870032,-37.939182479356));
#1599=CARTESIAN_POINT('Ctrl Pts',(38.4353638081346,-5.93768162844407,-38.356583965269));
#1600=CARTESIAN_POINT('Ctrl Pts',(38.4674293473374,-5.91121602818781,-38.773985451182));
#1601=CARTESIAN_POINT('Ctrl Pts',(38.2720822762213,-5.88475042793156,-39.2088571862899));
#1602=CARTESIAN_POINT('Ctrl Pts',(37.9387502634061,-5.8582848276753,-39.4621198335208));
#1603=CARTESIAN_POINT('Ctrl Pts',(37.605418250591,-5.83181922741905,-39.7153824807518));
#1604=CARTESIAN_POINT('Ctrl Pts',(37.1341012960768,-5.8053536271628,-39.7870360401059));
#1605=CARTESIAN_POINT('Ctrl Pts',(36.7405629440873,-5.77888802690655,-39.644278326614));
#1606=CARTESIAN_POINT('Ctrl Pts',(36.3470245920978,-5.75242242665029,-39.5015206131221));
#1607=CARTESIAN_POINT('Ctrl Pts',(36.0312648426329,-5.72595682639403,-39.1443516267843));
#1608=CARTESIAN_POINT('Ctrl Pts',(35.9378349197002,-5.69949122613778,-38.7362792695375));
#1609=CARTESIAN_POINT('Ctrl Pts',(35.8444049967675,-5.67302562588153,-38.3282069122906));
#1610=CARTESIAN_POINT('Ctrl Pts',(35.9733049003669,-5.64656002562528,-37.8692311841347));
#1611=CARTESIAN_POINT('Ctrl Pts',(36.2655257198584,-5.62009442536903,-37.5694659561574));
#1612=CARTESIAN_POINT('Ctrl Pts',(36.4992900765573,-5.59892305903955,-37.3296663901964));
#1613=CARTESIAN_POINT('Ctrl Pts',(36.8375688216409,-5.57775169271006,-37.1917508233526));
#1614=CARTESIAN_POINT('Ctrl Pts',(37.1736053900865,-5.55658032638058,-37.1886583669567));
#1615=CARTESIAN_POINT('Ctrl Pts',(37.1720942747329,-5.69341967361941,-37.1871501077787));
#1616=CARTESIAN_POINT('Ctrl Pts',(37.1506114969254,-5.69477737498161,-37.1870626732559));
#1617=CARTESIAN_POINT('Ctrl Pts',(37.1291328679652,-5.6961350763438,-37.1875619550644));
#1618=CARTESIAN_POINT('Ctrl Pts',(37.1076849492355,-5.697492777706,-37.1886607079206));
#1619=CARTESIAN_POINT('Ctrl Pts',(36.6896018131083,-5.72395837796225,-37.2100786387565));
#1620=CARTESIAN_POINT('Ctrl Pts',(36.2831877958536,-5.7504239782185,-37.4592805629937));
#1621=CARTESIAN_POINT('Ctrl Pts',(36.0744946147986,-5.77688957847475,-37.8221846724404));
#1622=CARTESIAN_POINT('Ctrl Pts',(35.8658014337436,-5.803355178731,-38.1850887818871));
#1623=CARTESIAN_POINT('Ctrl Pts',(35.8548290888882,-5.82982077898726,-38.6616950765432));
#1624=CARTESIAN_POINT('Ctrl Pts',(36.0466005949583,-5.85628637924351,-39.0338186123901));
#1625=CARTESIAN_POINT('Ctrl Pts',(36.2383721010284,-5.88275197949977,-39.405942148237));
#1626=CARTESIAN_POINT('Ctrl Pts',(36.632887458024,-5.90921757975602,-39.6735829252748));
#1627=CARTESIAN_POINT('Ctrl Pts',(37.0495420200908,-5.93568318001227,-39.7142180380941));
#1628=CARTESIAN_POINT('Ctrl Pts',(37.4661965821576,-5.96214878026852,-39.7548531509135));
#1629=CARTESIAN_POINT('Ctrl Pts',(37.9049903492957,-5.98861438052478,-39.5684825995145));
#1630=CARTESIAN_POINT('Ctrl Pts',(38.1650485226632,-6.01507998078103,-39.2404247038268));
#1631=CARTESIAN_POINT('Ctrl Pts',(38.4251066960306,-6.04154558103728,-38.9123668081392));
#1632=CARTESIAN_POINT('Ctrl Pts',(38.5064292756274,-6.06801118129353,-38.4426215681628));
#1633=CARTESIAN_POINT('Ctrl Pts',(38.3717877091168,-6.09447678154979,-38.0462330150607));
#1634=CARTESIAN_POINT('Ctrl Pts',(38.2371461426063,-6.12094238180604,-37.6498444619585));
#1635=CARTESIAN_POINT('Ctrl Pts',(37.8865404299884,-6.14740798206229,-37.3268125957305));
#1636=CARTESIAN_POINT('Ctrl Pts',(37.4804738807117,-6.17387358231855,-37.2250177328048));
#1637=CARTESIAN_POINT('Ctrl Pts',(37.3805074617938,-6.1803889460855,-37.1999576338406));
#1638=CARTESIAN_POINT('Ctrl Pts',(37.2771797972,-6.18690430985246,-37.1883057696866));
#1639=CARTESIAN_POINT('Ctrl Pts',(37.1736432283028,-6.19341967361941,-37.1892463222326));
#1640=CARTESIAN_POINT('Origin',(37.172486398045,-5.49999999999999,-38.4536004984283));
#1641=CARTESIAN_POINT('',(37.172186926417,-6.69341967361941,-37.1910876737971));
#1642=CARTESIAN_POINT('',(37.1713587215178,-6.55658032638058,-37.1887213940292));
#1643=CARTESIAN_POINT('',(37.172486398045,-5.49999999999999,-37.1891004984283));
#1644=CARTESIAN_POINT('Ctrl Pts',(37.1713587215178,-6.55658032638058,-37.1887213940292));
#1645=CARTESIAN_POINT('Ctrl Pts',(37.5053587971581,-6.53553996219551,-37.1918021586665));
#1646=CARTESIAN_POINT('Ctrl Pts',(37.8415775737715,-6.51449959801044,-37.3278320665972));
#1647=CARTESIAN_POINT('Ctrl Pts',(38.0750695892243,-6.49345923382537,-37.5649975823202));
#1648=CARTESIAN_POINT('Ctrl Pts',(38.3687672785632,-6.46699363356912,-37.8633159801617));
#1649=CARTESIAN_POINT('Ctrl Pts',(38.4999323287979,-6.44052803331287,-38.3216495196879));
#1650=CARTESIAN_POINT('Ctrl Pts',(38.4085188696981,-6.41406243305662,-38.73017831745));
#1651=CARTESIAN_POINT('Ctrl Pts',(38.3171054105984,-6.38759683280036,-39.1387071152121));
#1652=CARTESIAN_POINT('Ctrl Pts',(38.0031134421641,-6.36113123254411,-39.4974311712101));
#1653=CARTESIAN_POINT('Ctrl Pts',(37.6102849189448,-6.33466563228785,-39.6421306897995));
#1654=CARTESIAN_POINT('Ctrl Pts',(37.2174563957256,-6.3082000320316,-39.7868302083889));
#1655=CARTESIAN_POINT('Ctrl Pts',(36.7457913177214,-6.28173443177535,-39.7175051895698));
#1656=CARTESIAN_POINT('Ctrl Pts',(36.4112125958343,-6.2552688315191,-39.4658918391733));
#1657=CARTESIAN_POINT('Ctrl Pts',(36.0766338739472,-6.22880323126285,-39.2142784887767));
#1658=CARTESIAN_POINT('Ctrl Pts',(35.8791415081771,-6.20233763100659,-38.7803768068028));
#1659=CARTESIAN_POINT('Ctrl Pts',(35.9091452587927,-6.17587203075034,-38.3628220508943));
#1660=CARTESIAN_POINT('Ctrl Pts',(35.9391490094082,-6.14940643049408,-37.9452672949858));
#1661=CARTESIAN_POINT('Ctrl Pts',(36.1966488764094,-6.12294083023784,-37.5440594651428));
#1662=CARTESIAN_POINT('Ctrl Pts',(36.5637643476562,-6.09647522998158,-37.3428669453246));
#1663=CARTESIAN_POINT('Ctrl Pts',(36.7482306761987,-6.08317692878125,-37.2417727437236));
#1664=CARTESIAN_POINT('Ctrl Pts',(36.9603728705244,-6.06987862758092,-37.1911786229544));
#1665=CARTESIAN_POINT('Ctrl Pts',(37.1725035598272,-6.05658032638058,-37.1911529524685));
#1666=CARTESIAN_POINT('Ctrl Pts',(37.1736432283028,-6.19341967361941,-37.1892463222326));
#1667=CARTESIAN_POINT('Ctrl Pts',(36.8566111931514,-6.21336991010871,-37.1921263219371));
#1668=CARTESIAN_POINT('Ctrl Pts',(36.5376204660147,-6.23332014659801,-37.3130731362446));
#1669=CARTESIAN_POINT('Ctrl Pts',(36.3071737146921,-6.2532703830873,-37.5286648997263));
#1670=CARTESIAN_POINT('Ctrl Pts',(36.0014674838849,-6.27973598334356,-37.8146647891967));
#1671=CARTESIAN_POINT('Ctrl Pts',(35.851582408206,-6.30620158359981,-38.2672224277608));
#1672=CARTESIAN_POINT('Ctrl Pts',(35.9261341699825,-6.33266718385606,-38.679162072922));
#1673=CARTESIAN_POINT('Ctrl Pts',(36.000685931759,-6.35913278411232,-39.0911017180832));
#1674=CARTESIAN_POINT('Ctrl Pts',(36.2996745309909,-6.38559838436857,-39.4624233698415));
#1675=CARTESIAN_POINT('Ctrl Pts',(36.6862263887014,-6.41206398462482,-39.6231401966433));
#1676=CARTESIAN_POINT('Ctrl Pts',(37.0727782464118,-6.43852958488108,-39.7838570234451));
#1677=CARTESIAN_POINT('Ctrl Pts',(37.5468933626007,-6.46499518513733,-39.7339690252904));
#1678=CARTESIAN_POINT('Ctrl Pts',(37.8915272202517,-6.49146078539358,-39.4963143611706));
#1679=CARTESIAN_POINT('Ctrl Pts',(38.2361610779026,-6.51792638564983,-39.2586596970508));
#1680=CARTESIAN_POINT('Ctrl Pts',(38.4513136770157,-6.54439198590608,-38.8332383669658));
#1681=CARTESIAN_POINT('Ctrl Pts',(38.4384906157497,-6.57085758616234,-38.4148034189407));
#1682=CARTESIAN_POINT('Ctrl Pts',(38.4256675544837,-6.59732318641859,-37.9963684709156));
#1683=CARTESIAN_POINT('Ctrl Pts',(38.1848688328386,-6.62378878667485,-37.5849199049503));
#1684=CARTESIAN_POINT('Ctrl Pts',(37.8263293436889,-6.6502543869311,-37.3688141996179));
#1685=CARTESIAN_POINT('Ctrl Pts',(37.631403859433,-6.66464281582721,-37.2513250232866));
#1686=CARTESIAN_POINT('Ctrl Pts',(37.4016775040377,-6.67903124472331,-37.1915737219917));
#1687=CARTESIAN_POINT('Ctrl Pts',(37.172186926417,-6.69341967361941,-37.1910876737971));
#1688=CARTESIAN_POINT('Origin',(37.172486398045,-5.49999999999999,-38.4536004984283));
#1689=CARTESIAN_POINT('',(37.1714810930526,-7.19341967361941,-37.1881477395483));
#1690=CARTESIAN_POINT('',(37.173158139089,-7.05658032638058,-37.1874474774389));
#1691=CARTESIAN_POINT('',(37.172486398045,-5.49999999999999,-37.1891004984283));
#1692=CARTESIAN_POINT('Ctrl Pts',(37.173158139089,-7.05658032638058,-37.1874474774389));
#1693=CARTESIAN_POINT('Ctrl Pts',(37.2119140134536,-7.05413249732262,-37.187198078814));
#1694=CARTESIAN_POINT('Ctrl Pts',(37.2506486893916,-7.05168466826465,-37.1888232405452));
#1695=CARTESIAN_POINT('Ctrl Pts',(37.2892035655039,-7.04923683920669,-37.1923912526593));
#1696=CARTESIAN_POINT('Ctrl Pts',(37.7060537274046,-7.02277123895043,-37.2309681222394));
#1697=CARTESIAN_POINT('Ctrl Pts',(38.101885927843,-6.99630563869418,-37.4966573059086));
#1698=CARTESIAN_POINT('Ctrl Pts',(38.2954928390138,-6.96984003843792,-37.86782919039));
#1699=CARTESIAN_POINT('Ctrl Pts',(38.4890997501847,-6.94337443818167,-38.2390010748714));
#1700=CARTESIAN_POINT('Ctrl Pts',(38.4804813720879,-6.91690883792542,-38.715655660165));
#1701=CARTESIAN_POINT('Ctrl Pts',(38.2735830231569,-6.89044323766917,-39.0795859579634));
#1702=CARTESIAN_POINT('Ctrl Pts',(38.0666846742258,-6.86397763741292,-39.4435162557619));
#1703=CARTESIAN_POINT('Ctrl Pts',(37.6615063544604,-6.83751203715666,-39.6947222660651));
#1704=CARTESIAN_POINT('Ctrl Pts',(37.2435341314901,-6.81104643690041,-39.7182047015268));
#1705=CARTESIAN_POINT('Ctrl Pts',(36.8255619085198,-6.78458083664416,-39.7416871369885));
#1706=CARTESIAN_POINT('Ctrl Pts',(36.3947957823445,-6.7581152363879,-39.5374459976087));
#1707=CARTESIAN_POINT('Ctrl Pts',(36.1484355696228,-6.73164963613165,-39.1989805710289));
#1708=CARTESIAN_POINT('Ctrl Pts',(35.9020753569012,-6.7051840358754,-38.860515144449));
#1709=CARTESIAN_POINT('Ctrl Pts',(35.8401210576331,-6.67871843561914,-38.3878254306693));
#1710=CARTESIAN_POINT('Ctrl Pts',(35.9909346554381,-6.65225283536289,-37.9973033996585));
#1711=CARTESIAN_POINT('Ctrl Pts',(36.1417482532432,-6.62578723510663,-37.6067813686478));
#1712=CARTESIAN_POINT('Ctrl Pts',(36.5053297481214,-6.59932163485038,-37.2984270204062));
#1713=CARTESIAN_POINT('Ctrl Pts',(36.9152356597819,-6.57285603459413,-37.2134014743639));
#1714=CARTESIAN_POINT('Ctrl Pts',(36.9992630884516,-6.56743079852295,-37.1959719184538));
#1715=CARTESIAN_POINT('Ctrl Pts',(37.0852371486113,-6.56200556245176,-37.1879270220644));
#1716=CARTESIAN_POINT('Ctrl Pts',(37.1713587215178,-6.55658032638058,-37.1887213940292));
#1717=CARTESIAN_POINT('Ctrl Pts',(37.172186926417,-6.69341967361941,-37.1910876737971));
#1718=CARTESIAN_POINT('Ctrl Pts',(36.9795601252925,-6.70549684497956,-37.1906797010172));
#1719=CARTESIAN_POINT('Ctrl Pts',(36.7870994382962,-6.71757401633971,-37.2320262823599));
#1720=CARTESIAN_POINT('Ctrl Pts',(36.615524310606,-6.72965118769985,-37.316030655636));
#1721=CARTESIAN_POINT('Ctrl Pts',(36.2395390233268,-6.7561167879561,-37.5001156616864));
#1722=CARTESIAN_POINT('Ctrl Pts',(35.9638487054227,-6.78258238821236,-37.8890485184867));
#1723=CARTESIAN_POINT('Ctrl Pts',(35.9146611519683,-6.80904798846862,-38.3047801936035));
#1724=CARTESIAN_POINT('Ctrl Pts',(35.8654735985139,-6.83551358872487,-38.7205118687203));
#1725=CARTESIAN_POINT('Ctrl Pts',(36.0427888095092,-6.86197918898112,-39.1630423621536));
#1726=CARTESIAN_POINT('Ctrl Pts',(36.3654340940892,-6.88844478923738,-39.4297862276727));
#1727=CARTESIAN_POINT('Ctrl Pts',(36.6880793786692,-6.91491038949363,-39.6965300931918));
#1728=CARTESIAN_POINT('Ctrl Pts',(37.1560547368339,-6.94137598974988,-39.7874873307966));
#1729=CARTESIAN_POINT('Ctrl Pts',(37.5551259751186,-6.96784159000613,-39.6610187843465));
#1730=CARTESIAN_POINT('Ctrl Pts',(37.9541972134032,-6.99430719026239,-39.5345502378965));
#1731=CARTESIAN_POINT('Ctrl Pts',(38.2843643318078,-7.02077279051864,-39.1906559073914));
#1732=CARTESIAN_POINT('Ctrl Pts',(38.3944813642261,-7.04723839077489,-38.7867666416534));
#1733=CARTESIAN_POINT('Ctrl Pts',(38.5045983966444,-7.07370399103114,-38.3828773759154));
#1734=CARTESIAN_POINT('Ctrl Pts',(38.3946653430764,-7.1001695912874,-37.9189931749445));
#1735=CARTESIAN_POINT('Ctrl Pts',(38.115006731545,-7.12663519154365,-37.6074750859474));
#1736=CARTESIAN_POINT('Ctrl Pts',(37.8797723726249,-7.1488966855689,-37.345442182487));
#1737=CARTESIAN_POINT('Ctrl Pts',(37.5244520180567,-7.17115817959416,-37.1912129385284));
#1738=CARTESIAN_POINT('Ctrl Pts',(37.1714810930526,-7.19341967361941,-37.1881477395483));
#1739=CARTESIAN_POINT('Origin',(37.172486398045,-5.49999999999999,-38.4536004984283));
#1740=CARTESIAN_POINT('',(37.1733830896552,-7.69341967361941,-37.1879152159488));
#1741=CARTESIAN_POINT('',(37.1731939558967,-7.55658032638058,-37.1907498059233));
#1742=CARTESIAN_POINT('',(37.172486398045,-5.49999999999999,-37.1891004984283));
#1743=CARTESIAN_POINT('',(37.9976976969815,-7.99999999999999,-39.4117166511507));
#1744=CARTESIAN_POINT('Ctrl Pts',(37.1733830896552,-7.69341967361941,-37.1879152159488));
#1745=CARTESIAN_POINT('Ctrl Pts',(36.8121811710736,-7.71621631497751,-37.1908680983862));
#1746=CARTESIAN_POINT('Ctrl Pts',(36.4487243273607,-7.73901295633561,-37.3535065537933));
#1747=CARTESIAN_POINT('Ctrl Pts',(36.2132002808378,-7.76180959769372,-37.6266511497153));
#1748=CARTESIAN_POINT('Ctrl Pts',(35.9397702975305,-7.78827519794997,-37.9437564449328));
#1749=CARTESIAN_POINT('Ctrl Pts',(35.8387666737386,-7.81474079820623,-38.4098006512943));
#1750=CARTESIAN_POINT('Ctrl Pts',(35.9572479227669,-7.84120639846248,-38.8113727348007));
#1751=CARTESIAN_POINT('Ctrl Pts',(36.0757291717952,-7.86767199871873,-39.2129448183072));
#1752=CARTESIAN_POINT('Ctrl Pts',(36.4136952936435,-7.89413759897498,-39.5500447789586));
#1753=CARTESIAN_POINT('Ctrl Pts',(36.8145256858688,-7.92060319923124,-39.6683492170906));
#1754=CARTESIAN_POINT('Ctrl Pts',(37.215356078094,-7.94706879948749,-39.7866536552226));
#1755=CARTESIAN_POINT('Ctrl Pts',(37.679050740696,-7.97353439974374,-39.6861625708352));
#1756=CARTESIAN_POINT('Ctrl Pts',(37.9976976969815,-7.99999999999999,-39.4117166511507));
#1757=CARTESIAN_POINT('',(37.9990695507881,-8.,-37.4936483903385));
#1758=CARTESIAN_POINT('Origin',(37.172486398045,-7.99999999999999,-38.4536004984283));
#1759=CARTESIAN_POINT('Ctrl Pts',(37.9990711958617,-7.99999999999999,-37.4936461887324));
#1760=CARTESIAN_POINT('Ctrl Pts',(38.3078949728738,-7.974200549221,-37.7605347455116));
#1761=CARTESIAN_POINT('Ctrl Pts',(38.4769784343734,-7.94840109844202,-38.1907090554657));
#1762=CARTESIAN_POINT('Ctrl Pts',(38.4309448256074,-7.92260164766303,-38.5962777001895));
#1763=CARTESIAN_POINT('Ctrl Pts',(38.3837226153987,-7.89613604740678,-39.0123182477066));
#1764=CARTESIAN_POINT('Ctrl Pts',(38.1101311457968,-7.86967044715052,-39.4024660745381));
#1765=CARTESIAN_POINT('Ctrl Pts',(37.7351032871806,-7.84320484689427,-39.5883702462855));
#1766=CARTESIAN_POINT('Ctrl Pts',(37.3600754285645,-7.81673924663801,-39.7742744180329));
#1767=CARTESIAN_POINT('Ctrl Pts',(36.8836111809341,-7.79027364638177,-39.7559349346962));
#1768=CARTESIAN_POINT('Ctrl Pts',(36.5239870205338,-7.76380804612551,-39.5416203045142));
#1769=CARTESIAN_POINT('Ctrl Pts',(36.1643628601335,-7.73734244586926,-39.3273056743322));
#1770=CARTESIAN_POINT('Ctrl Pts',(35.9215787869631,-7.71087684561301,-38.9170158973049));
#1771=CARTESIAN_POINT('Ctrl Pts',(35.9067002944461,-7.68441124535676,-38.4986405595916));
#1772=CARTESIAN_POINT('Ctrl Pts',(35.891821801929,-7.6579456451005,-38.0802652218783));
#1773=CARTESIAN_POINT('Ctrl Pts',(36.1048488900651,-7.63148004484424,-37.653804323479));
#1774=CARTESIAN_POINT('Ctrl Pts',(36.4482993560706,-7.60501444458799,-37.4144549953606));
#1775=CARTESIAN_POINT('Ctrl Pts',(36.6578130934988,-7.58886973851885,-37.2684456657818));
#1776=CARTESIAN_POINT('Ctrl Pts',(36.9158615178156,-7.57272503244972,-37.1920665023987));
#1777=CARTESIAN_POINT('Ctrl Pts',(37.1731939558967,-7.55658032638058,-37.1907498059233));
#1778=CARTESIAN_POINT('Origin',(27.1980617036712,-5.5,-37.7388613738053));
#1779=CARTESIAN_POINT('',(27.1983689072454,-3.19341967361941,-36.4763978411313));
#1780=CARTESIAN_POINT('',(27.1963185387382,-3.05658032638058,-36.4752496155579));
#1781=CARTESIAN_POINT('',(27.1980617036712,-5.5,-36.4743613738053));
#1782=CARTESIAN_POINT('',(28.0232730026077,-3.,-36.7807452210829));
#1783=CARTESIAN_POINT('Ctrl Pts',(27.1963185387382,-3.05658032638058,-36.4752496155579));
#1784=CARTESIAN_POINT('Ctrl Pts',(27.4954680071903,-3.03772021758705,-36.4779225404719));
#1785=CARTESIAN_POINT('Ctrl Pts',(27.7961964880348,-3.01886010879352,-36.5851675711119));
#1786=CARTESIAN_POINT('Ctrl Pts',(28.0232730026078,-2.99999999999999,-36.7807452210829));
#1787=CARTESIAN_POINT('',(28.0246476091951,-3.,-38.6988108634142));
#1788=CARTESIAN_POINT('Origin',(27.1980617036712,-3.,-37.7388613738053));
#1789=CARTESIAN_POINT('Ctrl Pts',(28.0246491801131,-3.,-38.6988129585751));
#1790=CARTESIAN_POINT('Ctrl Pts',(28.3334767202929,-3.02579945077899,-38.4319235863307));
#1791=CARTESIAN_POINT('Ctrl Pts',(28.5025497324076,-3.05159890155797,-38.0017513990148));
#1792=CARTESIAN_POINT('Ctrl Pts',(28.4565140173328,-3.07739835233696,-37.5961842959897));
#1793=CARTESIAN_POINT('Ctrl Pts',(28.4092896464297,-3.10386395259321,-37.1801453299783));
#1794=CARTESIAN_POINT('Ctrl Pts',(28.1357047956132,-3.13032955284947,-36.7899984733254));
#1795=CARTESIAN_POINT('Ctrl Pts',(27.7606791031497,-3.15679515310572,-36.6040945836808));
#1796=CARTESIAN_POINT('Ctrl Pts',(27.5876855311946,-3.16900332661029,-36.5183399845794));
#1797=CARTESIAN_POINT('Ctrl Pts',(27.3931070248604,-3.18121150011485,-36.4760449129097));
#1798=CARTESIAN_POINT('Ctrl Pts',(27.1983689072454,-3.19341967361941,-36.4763978411313));
#1799=CARTESIAN_POINT('Origin',(27.1980617036712,-5.5,-37.7388613738053));
#1800=CARTESIAN_POINT('',(27.1969043649043,-3.69341967361941,-36.4744477447731));
#1801=CARTESIAN_POINT('',(27.1981483498567,-3.55658032638058,-36.4722727643233));
#1802=CARTESIAN_POINT('',(27.1980617036712,-5.5,-36.4743613738053));
#1803=CARTESIAN_POINT('Ctrl Pts',(27.1981483498567,-3.55658032638058,-36.4722727643233));
#1804=CARTESIAN_POINT('Ctrl Pts',(27.2023807913586,-3.55631275271416,-36.4722689335207));
#1805=CARTESIAN_POINT('Ctrl Pts',(27.2066131946162,-3.55604517904773,-36.472288309358));
#1806=CARTESIAN_POINT('Ctrl Pts',(27.2108453604645,-3.55577760538131,-36.4723309977348));
#1807=CARTESIAN_POINT('Ctrl Pts',(27.6294471274294,-3.52931200512505,-36.4765532873575));
#1808=CARTESIAN_POINT('Ctrl Pts',(28.0457262940172,-3.5028464048688,-36.708844620256));
#1809=CARTESIAN_POINT('Ctrl Pts',(28.2691671149844,-3.47638080461255,-37.062868145828));
#1810=CARTESIAN_POINT('Ctrl Pts',(28.4926079359516,-3.44991520435629,-37.4168916714));
#1811=CARTESIAN_POINT('Ctrl Pts',(28.523210411298,-3.42344960410004,-37.8926473896453));
#1812=CARTESIAN_POINT('Ctrl Pts',(28.3468614245201,-3.39698400384379,-38.2723328226382));
#1813=CARTESIAN_POINT('Ctrl Pts',(28.1705124377422,-3.37051840358754,-38.652018255631));
#1814=CARTESIAN_POINT('Ctrl Pts',(27.7872119888399,-3.34405280333128,-38.9356334033712));
#1815=CARTESIAN_POINT('Ctrl Pts',(27.3726368744868,-3.31758720307503,-38.9933561877682));
#1816=CARTESIAN_POINT('Ctrl Pts',(26.9580617601338,-3.29112160281878,-39.0510789721652));
#1817=CARTESIAN_POINT('Ctrl Pts',(26.5122119803301,-3.26465600256252,-38.8829093932189));
#1818=CARTESIAN_POINT('Ctrl Pts',(26.2387810215522,-3.23819040230627,-38.5658068519666));
#1819=CARTESIAN_POINT('Ctrl Pts',(25.9653500627743,-3.21172480205002,-38.2487043107143));
#1820=CARTESIAN_POINT('Ctrl Pts',(25.8643379250222,-3.18525920179377,-37.7826688071559));
#1821=CARTESIAN_POINT('Ctrl Pts',(25.9828227348518,-3.15879360153751,-37.3810929816073));
#1822=CARTESIAN_POINT('Ctrl Pts',(26.1013075446813,-3.13232800128126,-36.9795171560588));
#1823=CARTESIAN_POINT('Ctrl Pts',(26.4392893020925,-3.10586240102501,-36.6424010085202));
#1824=CARTESIAN_POINT('Ctrl Pts',(26.8401189275027,-3.07939680076875,-36.5240965448551));
#1825=CARTESIAN_POINT('Ctrl Pts',(26.9553064261631,-3.07179130930603,-36.4900990696535));
#1826=CARTESIAN_POINT('Ctrl Pts',(27.0756840952523,-3.06418581784331,-36.4741717369604));
#1827=CARTESIAN_POINT('Ctrl Pts',(27.1963185387382,-3.05658032638058,-36.4752496155579));
#1828=CARTESIAN_POINT('Ctrl Pts',(27.1983689072454,-3.19341967361941,-36.4763978411313));
#1829=CARTESIAN_POINT('Ctrl Pts',(26.970942220803,-3.2076771003711,-36.4768100115732));
#1830=CARTESIAN_POINT('Ctrl Pts',(26.7432978413451,-3.22193452712279,-36.5353895724772));
#1831=CARTESIAN_POINT('Ctrl Pts',(26.5495628188357,-3.23619195387448,-36.6508438926521));
#1832=CARTESIAN_POINT('Ctrl Pts',(26.1899387610959,-3.26265755413073,-36.8651580139042));
#1833=CARTESIAN_POINT('Ctrl Pts',(25.9471571797267,-3.28912315438699,-37.2754471790448));
#1834=CARTESIAN_POINT('Ctrl Pts',(25.932279147292,-3.31558875464324,-37.6938215783007));
#1835=CARTESIAN_POINT('Ctrl Pts',(25.9174011148572,-3.34205435489949,-38.1121959775567));
#1836=CARTESIAN_POINT('Ctrl Pts',(26.1304266313568,-3.36851995515574,-38.538655610928));
#1837=CARTESIAN_POINT('Ctrl Pts',(26.4738760501105,-3.394985555412,-38.7780043325043));
#1838=CARTESIAN_POINT('Ctrl Pts',(26.8173254688643,-3.42145115566825,-39.0173530540805));
#1839=CARTESIAN_POINT('Ctrl Pts',(27.2911987898722,-3.4479167559245,-39.0695908638618));
#1840=CARTESIAN_POINT('Ctrl Pts',(27.678541571374,-3.47438235618075,-38.9107876821671));
#1841=CARTESIAN_POINT('Ctrl Pts',(28.0658843528758,-3.50084795643701,-38.7519845004723));
#1842=CARTESIAN_POINT('Ctrl Pts',(28.3666965948715,-3.52731355669326,-38.3821403273016));
#1843=CARTESIAN_POINT('Ctrl Pts',(28.4432802415418,-3.55377915694951,-37.970573768851));
#1844=CARTESIAN_POINT('Ctrl Pts',(28.519863888212,-3.58024475720577,-37.5590072104005));
#1845=CARTESIAN_POINT('Ctrl Pts',(28.3722189395568,-3.60671035746202,-37.1057182666701));
#1846=CARTESIAN_POINT('Ctrl Pts',(28.067930360911,-3.63317595771827,-36.8182133665806));
#1847=CARTESIAN_POINT('Ctrl Pts',(27.8370460619668,-3.65325719635198,-36.6000639782744));
#1848=CARTESIAN_POINT('Ctrl Pts',(27.5159776089678,-3.6733384349857,-36.4773611378582));
#1849=CARTESIAN_POINT('Ctrl Pts',(27.1969043649043,-3.69341967361941,-36.4744477447731));
#1850=CARTESIAN_POINT('Origin',(27.1980617036712,-5.5,-37.7388613738053));
#1851=CARTESIAN_POINT('',(27.1984896375313,-4.19341967361941,-36.4724424430756));
#1852=CARTESIAN_POINT('',(27.1991234379384,-4.05658032638058,-36.4752462223726));
#1853=CARTESIAN_POINT('',(27.1980617036712,-5.5,-36.4743613738053));
#1854=CARTESIAN_POINT('Ctrl Pts',(27.1991234379384,-4.05658032638058,-36.4752462223726));
#1855=CARTESIAN_POINT('Ctrl Pts',(27.3286784895261,-4.04843968758501,-36.4742160302073));
#1856=CARTESIAN_POINT('Ctrl Pts',(27.4579490245379,-4.04029904878943,-36.4925454170228));
#1857=CARTESIAN_POINT('Ctrl Pts',(27.580700308495,-4.03215840999386,-36.5314461831895));
#1858=CARTESIAN_POINT('Ctrl Pts',(27.9797705158496,-4.0056928097376,-36.6579144067384));
#1859=CARTESIAN_POINT('Ctrl Pts',(28.3099367552289,-3.97922720948135,-37.0018078609039));
#1860=CARTESIAN_POINT('Ctrl Pts',(28.4200535188772,-3.9527616092251,-37.4056960878129));
#1861=CARTESIAN_POINT('Ctrl Pts',(28.5301702825255,-3.92629600896885,-37.8095843147219));
#1862=CARTESIAN_POINT('Ctrl Pts',(28.4202375704428,-3.89983040871259,-38.2734673143744));
#1863=CARTESIAN_POINT('Ctrl Pts',(28.140579651305,-3.87336480845634,-38.5849846105469));
#1864=CARTESIAN_POINT('Ctrl Pts',(27.8609217321671,-3.84689920820009,-38.8965019067195));
#1865=CARTESIAN_POINT('Ctrl Pts',(27.4115386059742,-3.82043360794383,-39.0556534994122));
#1866=CARTESIAN_POINT('Ctrl Pts',(26.9981560946667,-3.79396800768758,-38.9895818213425));
#1867=CARTESIAN_POINT('Ctrl Pts',(26.5847735833593,-3.76750240743133,-38.9235101432728));
#1868=CARTESIAN_POINT('Ctrl Pts',(26.2073916869373,-3.74103680717507,-38.6322151944408));
#1869=CARTESIAN_POINT('Ctrl Pts',(26.0387649167764,-3.71457120691882,-38.2490480483264));
#1870=CARTESIAN_POINT('Ctrl Pts',(25.8701381466154,-3.68810560666257,-37.8658809022119));
#1871=CARTESIAN_POINT('Ctrl Pts',(25.9102665027156,-3.66164000640632,-37.3908415588151));
#1872=CARTESIAN_POINT('Ctrl Pts',(26.1407928644366,-3.63517440615007,-37.0413985102902));
#1873=CARTESIAN_POINT('Ctrl Pts',(26.3689885484773,-3.60897637956024,-36.6954884161209));
#1874=CARTESIAN_POINT('Ctrl Pts',(26.7837517596096,-3.58277835297041,-36.4726478366227));
#1875=CARTESIAN_POINT('Ctrl Pts',(27.1981483498567,-3.55658032638058,-36.4722727643233));
#1876=CARTESIAN_POINT('Ctrl Pts',(27.1969043649043,-3.69341967361941,-36.4744477447731));
#1877=CARTESIAN_POINT('Ctrl Pts',(27.0954624662578,-3.69980403524195,-36.4735214993685));
#1878=CARTESIAN_POINT('Ctrl Pts',(26.9942222380967,-3.70618839686449,-36.4847032570702));
#1879=CARTESIAN_POINT('Ctrl Pts',(26.8961458822536,-3.71257275848703,-36.508775281706));
#1880=CARTESIAN_POINT('Ctrl Pts',(26.4895821908787,-3.73903835874329,-36.6085629533691));
#1881=CARTESIAN_POINT('Ctrl Pts',(26.1373870167654,-3.76550395899954,-36.9298591531439));
#1882=CARTESIAN_POINT('Ctrl Pts',(26.0007899889345,-3.79196955925579,-37.3255770971872));
#1883=CARTESIAN_POINT('Ctrl Pts',(25.8641929611037,-3.81843515951204,-37.7212950412304));
#1884=CARTESIAN_POINT('Ctrl Pts',(25.9431940795553,-3.8449007597683,-38.1914347295422));
#1885=CARTESIAN_POINT('Ctrl Pts',(26.2016281931132,-3.87136636002455,-38.5207720778126));
#1886=CARTESIAN_POINT('Ctrl Pts',(26.460062306671,-3.8978319602808,-38.8501094260831));
#1887=CARTESIAN_POINT('Ctrl Pts',(26.897929415335,-3.92429756053705,-39.0386444343123));
#1888=CARTESIAN_POINT('Ctrl Pts',(27.3147786007903,-3.95076316079331,-39.0000676569588));
#1889=CARTESIAN_POINT('Ctrl Pts',(27.7316277862455,-3.97722876104956,-38.9614908796053));
#1890=CARTESIAN_POINT('Ctrl Pts',(28.127459048492,-4.00369436130581,-38.6958023166693));
#1891=CARTESIAN_POINT('Ctrl Pts',(28.3210655027448,-4.03015996156206,-38.3246313038136));
#1892=CARTESIAN_POINT('Ctrl Pts',(28.5146719569976,-4.05662556181832,-37.9534602909579));
#1893=CARTESIAN_POINT('Ctrl Pts',(28.5060536032569,-4.08309116207457,-37.4768068281826));
#1894=CARTESIAN_POINT('Ctrl Pts',(28.2991557416338,-4.10955676233082,-37.1128773863243));
#1895=CARTESIAN_POINT('Ctrl Pts',(28.0922578800108,-4.13602236258708,-36.7489479444659));
#1896=CARTESIAN_POINT('Ctrl Pts',(27.6870805105054,-4.16248796284333,-36.4977425235246));
#1897=CARTESIAN_POINT('Ctrl Pts',(27.2691092695206,-4.18895356309958,-36.4742601430014));
#1898=CARTESIAN_POINT('Ctrl Pts',(27.2455981741329,-4.19044226660619,-36.4729392471257));
#1899=CARTESIAN_POINT('Ctrl Pts',(27.2220465974025,-4.1919309701128,-36.472338894243));
#1900=CARTESIAN_POINT('Ctrl Pts',(27.1984896375313,-4.19341967361941,-36.4724424430756));
#1901=CARTESIAN_POINT('Origin',(27.1980617036712,-5.5,-37.7388613738053));
#1902=CARTESIAN_POINT('',(27.1989537230865,-4.69341967361941,-36.4757152445764));
#1903=CARTESIAN_POINT('',(27.1973789990586,-4.55658032638058,-36.4760463393059));
#1904=CARTESIAN_POINT('',(27.1980617036712,-5.5,-36.4743613738053));
#1905=CARTESIAN_POINT('Ctrl Pts',(27.1973789990586,-4.55658032638058,-36.4760463393059));
#1906=CARTESIAN_POINT('Ctrl Pts',(27.4526370954386,-4.54056662245586,-36.4772970003917));
#1907=CARTESIAN_POINT('Ctrl Pts',(27.7085714837459,-4.52455291853113,-36.5523513811496));
#1908=CARTESIAN_POINT('Ctrl Pts',(27.9171006819683,-4.50853921460641,-36.6961501852766));
#1909=CARTESIAN_POINT('Ctrl Pts',(28.2617336555674,-4.48207361435016,-36.9338042399063));
#1910=CARTESIAN_POINT('Ctrl Pts',(28.4768857021404,-4.4556080140939,-37.3592244789931));
#1911=CARTESIAN_POINT('Ctrl Pts',(28.4640626740921,-4.42914241383765,-37.7776583538262));
#1912=CARTESIAN_POINT('Ctrl Pts',(28.4512396460437,-4.4026768135814,-38.1960922286592));
#1913=CARTESIAN_POINT('Ctrl Pts',(28.210441543374,-4.37621121332515,-38.6075397392387));
#1914=CARTESIAN_POINT('Ctrl Pts',(27.8519029731431,-4.34974561306889,-38.823644890409));
#1915=CARTESIAN_POINT('Ctrl Pts',(27.4933644029122,-4.32328001281264,-39.0397500415793));
#1916=CARTESIAN_POINT('Ctrl Pts',(27.0170853651201,-4.29681441255639,-39.0605128333405));
#1917=CARTESIAN_POINT('Ctrl Pts',(26.641101043288,-4.27034881230013,-38.8764282992438));
#1918=CARTESIAN_POINT('Ctrl Pts',(26.2651167214558,-4.24388321204388,-38.692343765147));
#1919=CARTESIAN_POINT('Ctrl Pts',(25.9894271155836,-4.21741761178763,-38.3034119051922));
#1920=CARTESIAN_POINT('Ctrl Pts',(25.940239686109,-4.19095201153137,-37.8876812966379));
#1921=CARTESIAN_POINT('Ctrl Pts',(25.8910522566344,-4.16448641127512,-37.4719506880836));
#1922=CARTESIAN_POINT('Ctrl Pts',(26.0683670035574,-4.13802081101887,-37.0294213309297));
#1923=CARTESIAN_POINT('Ctrl Pts',(26.3910114646839,-4.11155521076262,-36.7626781488189));
#1924=CARTESIAN_POINT('Ctrl Pts',(26.6144126820527,-4.09323024930194,-36.5779833569098));
#1925=CARTESIAN_POINT('Ctrl Pts',(26.9074889130567,-4.07490528784126,-36.4775652334723));
#1926=CARTESIAN_POINT('Ctrl Pts',(27.1991234379384,-4.05658032638058,-36.4752462223726));
#1927=CARTESIAN_POINT('Ctrl Pts',(27.1984896375313,-4.19341967361941,-36.4724424430756));
#1928=CARTESIAN_POINT('Ctrl Pts',(26.8032599952117,-4.21839657036906,-36.4741797456929));
#1929=CARTESIAN_POINT('Ctrl Pts',(26.406515061101,-4.2433734671187,-36.6740572304233));
#1930=CARTESIAN_POINT('Ctrl Pts',(26.1740132827214,-4.26835036386834,-36.9934830534879));
#1931=CARTESIAN_POINT('Ctrl Pts',(25.9276536493715,-4.29481596412459,-37.3319476846024));
#1932=CARTESIAN_POINT('Ctrl Pts',(25.8656994951359,-4.32128156438085,-37.8046362869363));
#1933=CARTESIAN_POINT('Ctrl Pts',(26.0165127382917,-4.3477471646371,-38.1951573998985));
#1934=CARTESIAN_POINT('Ctrl Pts',(26.1673259814476,-4.37421276489335,-38.5856785128607));
#1935=CARTESIAN_POINT('Ctrl Pts',(26.5309066219949,-4.4006783651496,-38.8940321364511));
#1936=CARTESIAN_POINT('Ctrl Pts',(26.9408115701938,-4.42714396540586,-38.979057482671));
#1937=CARTESIAN_POINT('Ctrl Pts',(27.3507165183926,-4.45360956566211,-39.0640828288908));
#1938=CARTESIAN_POINT('Ctrl Pts',(27.8069457742431,-4.48007516591836,-38.9257798977399));
#1939=CARTESIAN_POINT('Ctrl Pts',(28.1006427731685,-4.50654076617462,-38.6274622011122));
#1940=CARTESIAN_POINT('Ctrl Pts',(28.3943397720939,-4.53300636643087,-38.3291445044845));
#1941=CARTESIAN_POINT('Ctrl Pts',(28.5255045140943,-4.55947196668712,-37.8708120423799));
#1942=CARTESIAN_POINT('Ctrl Pts',(28.4340912698942,-4.58593756694338,-37.462284204929));
#1943=CARTESIAN_POINT('Ctrl Pts',(28.3426780256941,-4.61240316719963,-37.0537563674781));
#1944=CARTESIAN_POINT('Ctrl Pts',(28.0286867952934,-4.63886876745588,-36.6950331546808));
#1945=CARTESIAN_POINT('Ctrl Pts',(27.6358591954574,-4.66533436771214,-36.5503339762199));
#1946=CARTESIAN_POINT('Ctrl Pts',(27.4969029251368,-4.67469613634789,-36.4991490335994));
#1947=CARTESIAN_POINT('Ctrl Pts',(27.3480820673767,-4.68405790498365,-36.4747443551638));
#1948=CARTESIAN_POINT('Ctrl Pts',(27.1989537230865,-4.69341967361941,-36.4757152445764));
#1949=CARTESIAN_POINT('Origin',(27.1980617036712,-5.5,-37.7388613738053));
#1950=CARTESIAN_POINT('',(27.1971479373047,-5.19341967361942,-36.4756694795995));
#1951=CARTESIAN_POINT('',(27.1973596534748,-5.05658032638058,-36.4727556526035));
#1952=CARTESIAN_POINT('',(27.1980617036712,-5.5,-36.4743613738053));
#1953=CARTESIAN_POINT('Ctrl Pts',(27.1973596534748,-5.05658032638058,-36.4727556526035));
#1954=CARTESIAN_POINT('Ctrl Pts',(27.5755867702253,-5.03269355732671,-36.4752774628057));
#1955=CARTESIAN_POINT('Ctrl Pts',(27.9559040068307,-5.00880678827284,-36.6559482979159));
#1956=CARTESIAN_POINT('Ctrl Pts',(28.1906212826862,-4.98492001921896,-36.9520391863614));
#1957=CARTESIAN_POINT('Ctrl Pts',(28.4506787890831,-4.95845441896271,-37.2800962406847));
#1958=CARTESIAN_POINT('Ctrl Pts',(28.5320011600978,-4.93198881870646,-37.7498402759142));
#1959=CARTESIAN_POINT('Ctrl Pts',(28.3973599389073,-4.9055232184502,-38.1462278124049));
#1960=CARTESIAN_POINT('Ctrl Pts',(28.2627187177168,-4.87905761819395,-38.5426153488955));
#1961=CARTESIAN_POINT('Ctrl Pts',(27.912113904321,-4.8525920179377,-38.8656463866473));
#1962=CARTESIAN_POINT('Ctrl Pts',(27.5060483964628,-4.82612641768144,-38.9674409885024));
#1963=CARTESIAN_POINT('Ctrl Pts',(27.0999828886046,-4.79966081742519,-39.0692355903575));
#1964=CARTESIAN_POINT('Ctrl Pts',(26.6384566862839,-4.77319521716894,-38.9497937563158));
#1965=CARTESIAN_POINT('Ctrl Pts',(26.332751239542,-4.74672961691269,-38.6637946003424));
#1966=CARTESIAN_POINT('Ctrl Pts',(26.0270457928002,-4.72026401665643,-38.377795444369));
#1967=CARTESIAN_POINT('Ctrl Pts',(25.877161101637,-4.69379841640018,-37.9252389664638));
#1968=CARTESIAN_POINT('Ctrl Pts',(25.951712672163,-4.66733281614393,-37.5133003778016));
#1969=CARTESIAN_POINT('Ctrl Pts',(26.026264242689,-4.64086721588767,-37.1013617891395));
#1970=CARTESIAN_POINT('Ctrl Pts',(26.3252520749042,-4.61440161563142,-36.7300410897204));
#1971=CARTESIAN_POINT('Ctrl Pts',(26.7118029413242,-4.58793601537517,-36.5693246750972));
#1972=CARTESIAN_POINT('Ctrl Pts',(26.8644610916615,-4.57748411904364,-36.5058539323916));
#1973=CARTESIAN_POINT('Ctrl Pts',(27.0307759961751,-4.56703222271211,-36.475230052201));
#1974=CARTESIAN_POINT('Ctrl Pts',(27.1973789990586,-4.55658032638058,-36.4760463393059));
#1975=CARTESIAN_POINT('Ctrl Pts',(27.1989537230865,-4.69341967361941,-36.4757152445764));
#1976=CARTESIAN_POINT('Ctrl Pts',(26.9264981444646,-4.71052350523991,-36.4774890471218));
#1977=CARTESIAN_POINT('Ctrl Pts',(26.653016212,-4.7276273368604,-36.5639635081588));
#1978=CARTESIAN_POINT('Ctrl Pts',(26.4367896909388,-4.74473116848089,-36.726572412585));
#1979=CARTESIAN_POINT('Ctrl Pts',(26.1022117555276,-4.77119676873714,-36.9781851715353));
#1980=CARTESIAN_POINT('Ctrl Pts',(25.9047198539765,-4.7976623689934,-37.4120858335603));
#1981=CARTESIAN_POINT('Ctrl Pts',(25.9347235340615,-4.82412796924965,-37.8296396079509));
#1982=CARTESIAN_POINT('Ctrl Pts',(25.9647272141464,-4.85059356950591,-38.2471933823414));
#1983=CARTESIAN_POINT('Ctrl Pts',(26.2222264758673,-4.87705916976216,-38.6484002690977));
#1984=CARTESIAN_POINT('Ctrl Pts',(26.5893410841636,-4.90352477001841,-38.8495923159879));
#1985=CARTESIAN_POINT('Ctrl Pts',(26.9564556924599,-4.92999037027466,-39.0507843628782));
#1986=CARTESIAN_POINT('Ctrl Pts',(27.4331856473315,-4.95645597053091,-39.0519615699024));
#1987=CARTESIAN_POINT('Ctrl Pts',(27.8012893945607,-4.98292157078717,-38.8525850251009));
#1988=CARTESIAN_POINT('Ctrl Pts',(28.1693931417898,-5.00938717104342,-38.6532084802993));
#1989=CARTESIAN_POINT('Ctrl Pts',(28.4288706813764,-5.03585277129968,-38.253278183672));
#1990=CARTESIAN_POINT('Ctrl Pts',(28.4609361452055,-5.06231837155593,-37.8358776789151));
#1991=CARTESIAN_POINT('Ctrl Pts',(28.4930016090345,-5.08878397181218,-37.4184771741581));
#1992=CARTESIAN_POINT('Ctrl Pts',(28.297654997106,-5.11524957206843,-36.9836064612716));
#1993=CARTESIAN_POINT('Ctrl Pts',(27.9643237678305,-5.14171517232469,-36.730344409367));
#1994=CARTESIAN_POINT('Ctrl Pts',(27.7472529940867,-5.15895000608959,-36.5654159996096));
#1995=CARTESIAN_POINT('Ctrl Pts',(27.4716653117937,-5.17618483985451,-36.4775047067653));
#1996=CARTESIAN_POINT('Ctrl Pts',(27.1971479373047,-5.19341967361942,-36.4756694795995));
#1997=CARTESIAN_POINT('Origin',(27.1980617036712,-5.5,-37.7388613738053));
#1998=CARTESIAN_POINT('',(27.1976695813228,-5.69341967361941,-36.4724140946134));
#1999=CARTESIAN_POINT('',(27.1991806929617,-5.55658032638059,-36.4739223521664));
#2000=CARTESIAN_POINT('',(27.1980617036712,-5.5,-36.4743613738053));
#2001=CARTESIAN_POINT('Ctrl Pts',(27.1991806929617,-5.55658032638059,-36.4739223521664));
#2002=CARTESIAN_POINT('Ctrl Pts',(27.2832117280797,-5.55128609245381,-36.4731490365919));
#2003=CARTESIAN_POINT('Ctrl Pts',(27.367102553764,-5.54599185852704,-36.4808065786274));
#2004=CARTESIAN_POINT('Ctrl Pts',(27.4491837860263,-5.54069762460027,-36.4974100569011));
#2005=CARTESIAN_POINT('Ctrl Pts',(27.859503600308,-5.51423202434402,-36.5804099819011));
#2006=CARTESIAN_POINT('Ctrl Pts',(28.2246026134274,-5.48776642408776,-36.8869642141488));
#2007=CARTESIAN_POINT('Ctrl Pts',(28.3773426473252,-5.46130082383151,-37.2767357107808));
#2008=CARTESIAN_POINT('Ctrl Pts',(28.5300826812229,-5.43483522357526,-37.6665072074128));
#2009=CARTESIAN_POINT('Ctrl Pts',(28.470463735899,-5.40836962331901,-38.139495968429));
#2010=CARTESIAN_POINT('Ctrl Pts',(28.2257786868267,-5.38190402306276,-38.4791731155881));
#2011=CARTESIAN_POINT('Ctrl Pts',(27.9810936377544,-5.3554384228065,-38.8188502627471));
#2012=CARTESIAN_POINT('Ctrl Pts',(27.5513424849338,-5.32897282255025,-39.0252157960489));
#2013=CARTESIAN_POINT('Ctrl Pts',(27.1332604210571,-5.302507222294,-39.0037979201432));
#2014=CARTESIAN_POINT('Ctrl Pts',(26.7151783571805,-5.27604162203774,-38.9823800442375));
#2015=CARTESIAN_POINT('Ctrl Pts',(26.3087653822479,-5.24957602178149,-38.7331787591243));
#2016=CARTESIAN_POINT('Ctrl Pts',(26.1000727364253,-5.22311042152524,-38.3702755804116));
#2017=CARTESIAN_POINT('Ctrl Pts',(25.8913800906027,-5.19664482126899,-38.007372401699));
#2018=CARTESIAN_POINT('Ctrl Pts',(25.8804077738901,-5.17017922101273,-37.5307673293869));
#2019=CARTESIAN_POINT('Ctrl Pts',(26.072178788126,-5.14371362075648,-37.158644747919));
#2020=CARTESIAN_POINT('Ctrl Pts',(26.263949802362,-5.11724802050022,-36.7865221664511));
#2021=CARTESIAN_POINT('Ctrl Pts',(26.6584641475465,-5.09078242024397,-36.5188820758273));
#2022=CARTESIAN_POINT('Ctrl Pts',(27.0751176410283,-5.06431681998772,-36.4782470672241));
#2023=CARTESIAN_POINT('Ctrl Pts',(27.1157167213125,-5.06173798878534,-36.4742875564977));
#2024=CARTESIAN_POINT('Ctrl Pts',(27.1565260066948,-5.05915915758296,-36.4724833963256));
#2025=CARTESIAN_POINT('Ctrl Pts',(27.1973596534748,-5.05658032638058,-36.4727556526035));
#2026=CARTESIAN_POINT('Ctrl Pts',(27.1971479373047,-5.19341967361942,-36.4756694795995));
#2027=CARTESIAN_POINT('Ctrl Pts',(27.0501197839561,-5.20265044011076,-36.4746865543415));
#2028=CARTESIAN_POINT('Ctrl Pts',(26.9033986529804,-5.2118812066021,-36.4983949168058));
#2029=CARTESIAN_POINT('Ctrl Pts',(26.7661392650053,-5.22111197309345,-36.548186344461));
#2030=CARTESIAN_POINT('Ctrl Pts',(26.3726018380784,-5.2475775733497,-36.6909437223825));
#2031=CARTESIAN_POINT('Ctrl Pts',(26.0568428308472,-5.27404317360595,-37.0481118691485));
#2032=CARTESIAN_POINT('Ctrl Pts',(25.9634131275335,-5.3005087738622,-37.4561832671688));
#2033=CARTESIAN_POINT('Ctrl Pts',(25.8699834242198,-5.32697437411845,-37.8642546651891));
#2034=CARTESIAN_POINT('Ctrl Pts',(25.9988830248235,-5.35343997437471,-38.3232293144637));
#2035=CARTESIAN_POINT('Ctrl Pts',(26.2911031574123,-5.37990557463096,-38.6229938378042));
#2036=CARTESIAN_POINT('Ctrl Pts',(26.5833232900012,-5.40637117488721,-38.9227583611448));
#2037=CARTESIAN_POINT('Ctrl Pts',(27.0388639545751,-5.43283677514347,-39.0633127585514));
#2038=CARTESIAN_POINT('Ctrl Pts',(27.4491838131098,-5.45930237539972,-38.9803128245999));
#2039=CARTESIAN_POINT('Ctrl Pts',(27.8595036716444,-5.48576797565597,-38.8973128906484));
#2040=CARTESIAN_POINT('Ctrl Pts',(28.2246027241398,-5.51223357591222,-38.5907586253388));
#2041=CARTESIAN_POINT('Ctrl Pts',(28.3773427745105,-5.53869917616848,-38.20098708667));
#2042=CARTESIAN_POINT('Ctrl Pts',(28.5300828248813,-5.56516477642473,-37.8112155480012));
#2043=CARTESIAN_POINT('Ctrl Pts',(28.4704638731275,-5.59163037668098,-37.3382267359731));
#2044=CARTESIAN_POINT('Ctrl Pts',(28.2257787976659,-5.61809597693723,-36.9985495521799));
#2045=CARTESIAN_POINT('Ctrl Pts',(27.9936462151404,-5.6432038758313,-36.6762980141562));
#2046=CARTESIAN_POINT('Ctrl Pts',(27.5949484697357,-5.66831177472536,-36.4740310126092));
#2047=CARTESIAN_POINT('Ctrl Pts',(27.1976695813228,-5.69341967361941,-36.4724140946134));
#2048=CARTESIAN_POINT('Origin',(27.1980617036712,-5.5,-37.7388613738053));
#2049=CARTESIAN_POINT('',(27.1992185310862,-6.19341967361941,-36.474510303917));
#2050=CARTESIAN_POINT('',(27.1980788654126,-6.05658032638058,-36.4764169315445));
#2051=CARTESIAN_POINT('',(27.1980617036712,-5.5,-36.4743613738053));
#2052=CARTESIAN_POINT('Ctrl Pts',(27.1980788654126,-6.05658032638058,-36.4764169315445));
#2053=CARTESIAN_POINT('Ctrl Pts',(27.4081193296726,-6.04341302732466,-36.4763915140026));
#2054=CARTESIAN_POINT('Ctrl Pts',(27.6181485144938,-6.03024572826874,-36.5259430281642));
#2055=CARTESIAN_POINT('Ctrl Pts',(27.8012893295026,-6.01707842921282,-36.6251378426247));
#2056=CARTESIAN_POINT('Ctrl Pts',(28.1693930370318,-5.99061282895657,-36.8245143659236));
#2057=CARTESIAN_POINT('Ctrl Pts',(28.4288705486338,-5.96414722870032,-37.2244446194184));
#2058=CARTESIAN_POINT('Ctrl Pts',(28.4609360090046,-5.93768162844406,-37.6418450791587));
#2059=CARTESIAN_POINT('Ctrl Pts',(28.4930014693754,-5.91121602818781,-38.059245538899));
#2060=CARTESIAN_POINT('Ctrl Pts',(28.2976548785149,-5.88475042793156,-38.4941162048847));
#2061=CARTESIAN_POINT('Ctrl Pts',(27.9643236851891,-5.85828482767531,-38.7473782294751));
#2062=CARTESIAN_POINT('Ctrl Pts',(27.6309924918632,-5.83181922741906,-39.0006402540655));
#2063=CARTESIAN_POINT('Ctrl Pts',(27.159676696072,-5.8053536271628,-39.0722936372605));
#2064=CARTESIAN_POINT('Ctrl Pts',(26.766139311588,-5.77888802690654,-38.9295362747353));
#2065=CARTESIAN_POINT('Ctrl Pts',(26.3726019271041,-5.75242242665029,-38.7867789122101));
#2066=CARTESIAN_POINT('Ctrl Pts',(26.0568429539275,-5.72595682639404,-38.4296108039646));
#2067=CARTESIAN_POINT('Ctrl Pts',(25.9634132606902,-5.69949122613779,-38.0215394499548));
#2068=CARTESIAN_POINT('Ctrl Pts',(25.8699835674529,-5.67302562588154,-37.613468095945));
#2069=CARTESIAN_POINT('Ctrl Pts',(25.9988831541548,-5.64656002562528,-37.1544934961709));
#2070=CARTESIAN_POINT('Ctrl Pts',(26.2911032552278,-5.62009442536903,-36.8547290051599));
#2071=CARTESIAN_POINT('Ctrl Pts',(26.5248670372222,-5.59892305903955,-36.6149300287409));
#2072=CARTESIAN_POINT('Ctrl Pts',(26.8631449506548,-5.57775169271007,-36.4770148009596));
#2073=CARTESIAN_POINT('Ctrl Pts',(27.1991806929617,-5.55658032638059,-36.4739223521664));
#2074=CARTESIAN_POINT('Ctrl Pts',(27.1976695813228,-5.69341967361941,-36.4724140946134));
#2075=CARTESIAN_POINT('Ctrl Pts',(27.1761868562949,-5.69477737498161,-36.4723266603053));
#2076=CARTESIAN_POINT('Ctrl Pts',(27.1547082801042,-5.6961350763438,-36.4728259408873));
#2077=CARTESIAN_POINT('Ctrl Pts',(27.1332604140684,-5.697492777706,-36.473924691044));
#2078=CARTESIAN_POINT('Ctrl Pts',(26.7151783051016,-5.72395837796225,-36.4953425692596));
#2079=CARTESIAN_POINT('Ctrl Pts',(26.3087652863374,-5.7504239782185,-36.7445438812491));
#2080=CARTESIAN_POINT('Ctrl Pts',(26.1000726180073,-5.77688957847475,-37.1074470991009));
#2081=CARTESIAN_POINT('Ctrl Pts',(25.8913799496771,-5.80335517873101,-37.4703503169526));
#2082=CARTESIAN_POINT('Ctrl Pts',(25.8804076317811,-5.82982077898726,-37.9469554406665));
#2083=CARTESIAN_POINT('Ctrl Pts',(26.0721786666996,-5.85628637924351,-38.3190780622678));
#2084=CARTESIAN_POINT('Ctrl Pts',(26.263949701618,-5.88275197949977,-38.6912006838691));
#2085=CARTESIAN_POINT('Ctrl Pts',(26.6584640893511,-5.90921757975602,-38.9588408033579));
#2086=CARTESIAN_POINT('Ctrl Pts',(27.0751176277688,-5.93568318001227,-38.9994758163436));
#2087=CARTESIAN_POINT('Ctrl Pts',(27.4917711661866,-5.96214878026853,-39.0401108293294));
#2088=CARTESIAN_POINT('Ctrl Pts',(27.9305638552892,-5.98861438052478,-38.8537407358122));
#2089=CARTESIAN_POINT('Ctrl Pts',(28.1906213897335,-6.01507998078103,-38.5256836461079));
#2090=CARTESIAN_POINT('Ctrl Pts',(28.4506789241778,-6.04154558103728,-38.1976265564037));
#2091=CARTESIAN_POINT('Ctrl Pts',(28.5320013039638,-6.06801118129353,-37.7278824705124));
#2092=CARTESIAN_POINT('Ctrl Pts',(28.3973600682519,-6.09447678154979,-37.3314948912713));
#2093=CARTESIAN_POINT('Ctrl Pts',(28.26271883254,-6.12094238180604,-36.9351073120303));
#2094=CARTESIAN_POINT('Ctrl Pts',(27.9121139813302,-6.1474079820623,-36.6120762394395));
#2095=CARTESIAN_POINT('Ctrl Pts',(27.5060484296785,-6.17387358231855,-36.5102816266059));
#2096=CARTESIAN_POINT('Ctrl Pts',(27.4060822563583,-6.1803889460855,-36.4852215892099));
#2097=CARTESIAN_POINT('Ctrl Pts',(27.3027548456177,-6.18690430985246,-36.4735697536822));
#2098=CARTESIAN_POINT('Ctrl Pts',(27.1992185310862,-6.19341967361941,-36.474510303917));
#2099=CARTESIAN_POINT('Origin',(27.1980617036712,-5.5,-37.7388613738053));
#2100=CARTESIAN_POINT('',(27.1977622316876,-6.69341967361942,-36.4763516508161));
#2101=CARTESIAN_POINT('',(27.1969340300253,-6.55658032638058,-36.4739853790224));
#2102=CARTESIAN_POINT('',(27.1980617036712,-5.5,-36.4743613738053));
#2103=CARTESIAN_POINT('Ctrl Pts',(27.1969340300253,-6.55658032638058,-36.4739853790224));
#2104=CARTESIAN_POINT('Ctrl Pts',(27.5309332845271,-6.53553996219552,-36.4770661360903));
#2105=CARTESIAN_POINT('Ctrl Pts',(27.8671512344379,-6.51449959801045,-36.6130957096601));
#2106=CARTESIAN_POINT('Ctrl Pts',(28.100642675823,-6.49345923382538,-36.8502606423351));
#2107=CARTESIAN_POINT('Ctrl Pts',(28.3943396430712,-6.46699363356912,-37.1485783067904));
#2108=CARTESIAN_POINT('Ctrl Pts',(28.5255043709298,-6.44052803331287,-37.6069107194614));
#2109=CARTESIAN_POINT('Ctrl Pts',(28.4340911365896,-6.41406243305661,-38.0154385128521));
#2110=CARTESIAN_POINT('Ctrl Pts',(28.3426779022494,-6.38759683280036,-38.4239663062427));
#2111=CARTESIAN_POINT('Ctrl Pts',(28.0286867057104,-6.36113123254411,-38.782689480353));
#2112=CARTESIAN_POINT('Ctrl Pts',(27.6358591482403,-6.33466563228786,-38.9273886432083));
#2113=CARTESIAN_POINT('Ctrl Pts',(27.2430315907702,-6.30820003203161,-39.0720878060637));
#2114=CARTESIAN_POINT('Ctrl Pts',(26.7713676723689,-6.28173443177535,-39.002762957664));
#2115=CARTESIAN_POINT('Ctrl Pts',(26.4367897730422,-6.2552688315191,-38.75115022585));
#2116=CARTESIAN_POINT('Ctrl Pts',(26.1022118737155,-6.22880323126284,-38.4995374940359));
#2117=CARTESIAN_POINT('Ctrl Pts',(25.9047199934633,-6.20233763100659,-38.0656368788075));
#2118=CARTESIAN_POINT('Ctrl Pts',(25.9347236703122,-6.17587203075034,-37.6480831494501));
#2119=CARTESIAN_POINT('Ctrl Pts',(25.9647273471611,-6.14940643049409,-37.2305294200928));
#2120=CARTESIAN_POINT('Ctrl Pts',(26.2222265811111,-6.12294083023783,-36.8293225766065));
#2121=CARTESIAN_POINT('Ctrl Pts',(26.5893411498142,-6.09647522998158,-36.6281305514147));
#2122=CARTESIAN_POINT('Ctrl Pts',(26.773807024851,-6.08317692878125,-36.5270365983512));
#2123=CARTESIAN_POINT('Ctrl Pts',(26.9859486976292,-6.06987862758092,-36.4764426019668));
#2124=CARTESIAN_POINT('Ctrl Pts',(27.1980788654126,-6.05658032638058,-36.4764169315445));
#2125=CARTESIAN_POINT('Ctrl Pts',(27.1992185310862,-6.19341967361941,-36.474510303917));
#2126=CARTESIAN_POINT('Ctrl Pts',(26.8821872748102,-6.21336991010871,-36.4773902965444));
#2127=CARTESIAN_POINT('Ctrl Pts',(26.5631973313546,-6.233320146598,-36.598336813704));
#2128=CARTESIAN_POINT('Ctrl Pts',(26.3327511462197,-6.2532703830873,-36.8139280475142));
#2129=CARTESIAN_POINT('Ctrl Pts',(26.0270456665063,-6.27973598334355,-37.0999272343325));
#2130=CARTESIAN_POINT('Ctrl Pts',(25.8771609591731,-6.30620158359981,-37.5524837610455));
#2131=CARTESIAN_POINT('Ctrl Pts',(25.9517125377417,-6.33266718385607,-37.9644223941354));
#2132=CARTESIAN_POINT('Ctrl Pts',(26.0262641163104,-6.35913278411232,-38.3763610272253));
#2133=CARTESIAN_POINT('Ctrl Pts',(26.3252519807807,-6.38559838436857,-38.7476817666922));
#2134=CARTESIAN_POINT('Ctrl Pts',(26.7118028888861,-6.41206398462482,-38.9083981986482));
#2135=CARTESIAN_POINT('Ctrl Pts',(27.0983537969914,-6.43852958488107,-39.0691146306041));
#2136=CARTESIAN_POINT('Ctrl Pts',(27.5724677487317,-6.46499518513733,-39.0192267550492));
#2137=CARTESIAN_POINT('Ctrl Pts',(27.9171007595073,-6.49146078539358,-38.7815726747894));
#2138=CARTESIAN_POINT('Ctrl Pts',(28.261733770283,-6.51792638564984,-38.5439185945296));
#2139=CARTESIAN_POINT('Ctrl Pts',(28.476885840094,-6.54439198590609,-38.118498309565));
#2140=CARTESIAN_POINT('Ctrl Pts',(28.4640628106478,-6.57085758616234,-37.7000643896019));
#2141=CARTESIAN_POINT('Ctrl Pts',(28.4512397812015,-6.59732318641859,-37.2816304696389));
#2142=CARTESIAN_POINT('Ctrl Pts',(28.2104416524979,-6.62378878667485,-36.8701829146776));
#2143=CARTESIAN_POINT('Ctrl Pts',(27.8519030436267,-6.6502543869311,-36.6540777402041));
#2144=CARTESIAN_POINT('Ctrl Pts',(27.6569780379476,-6.66464281582721,-36.5365888524825));
#2145=CARTESIAN_POINT('Ctrl Pts',(27.427252246058,-6.67903124472331,-36.4768376978799));
#2146=CARTESIAN_POINT('Ctrl Pts',(27.1977622316876,-6.69341967361942,-36.4763516508161));
#2147=CARTESIAN_POINT('Origin',(27.1980617036712,-5.5,-37.7388613738053));
#2148=CARTESIAN_POINT('',(27.1970563357043,-7.19341967361941,-36.4734117094691));
#2149=CARTESIAN_POINT('',(27.198733446014,-7.05658032638059,-36.4727114640895));
#2150=CARTESIAN_POINT('',(27.1980617036712,-5.5,-36.4743613738053));
#2151=CARTESIAN_POINT('Ctrl Pts',(27.198733446014,-7.05658032638059,-36.4727114640895));
#2152=CARTESIAN_POINT('Ctrl Pts',(27.237489225603,-7.05413249732262,-36.4724620658443));
#2153=CARTESIAN_POINT('Ctrl Pts',(27.2762238067441,-7.05168466826465,-36.474087223382));
#2154=CARTESIAN_POINT('Ctrl Pts',(27.3147785884015,-7.04923683920669,-36.4776552265743));
#2155=CARTESIAN_POINT('Ctrl Pts',(27.7316277290674,-7.02277123895043,-36.5162319996925));
#2156=CARTESIAN_POINT('Ctrl Pts',(28.1274589482408,-6.99630563869418,-36.7819205341593));
#2157=CARTESIAN_POINT('Ctrl Pts',(28.3210653815235,-6.96984003843793,-37.153091507026));
#2158=CARTESIAN_POINT('Ctrl Pts',(28.5146718148061,-6.94337443818167,-37.5242624798927));
#2159=CARTESIAN_POINT('Ctrl Pts',(28.506053462198,-6.91690883792542,-38.0009158911594));
#2160=CARTESIAN_POINT('Ctrl Pts',(28.2991556229366,-6.89044323766917,-38.3648452937448));
#2161=CARTESIAN_POINT('Ctrl Pts',(28.0922577836753,-6.86397763741292,-38.7287746963303));
#2162=CARTESIAN_POINT('Ctrl Pts',(27.6870804577607,-6.83751203715666,-38.9799800902344));
#2163=CARTESIAN_POINT('Ctrl Pts',(27.2691092618286,-6.8110464369004,-39.0034624682377));
#2164=CARTESIAN_POINT('Ctrl Pts',(26.8511380658965,-6.78458083664415,-39.0269448462409));
#2165=CARTESIAN_POINT('Ctrl Pts',(26.420372999947,-6.7581152363879,-38.8227042083432));
#2166=CARTESIAN_POINT('Ctrl Pts',(26.1740133931804,-6.73164963613165,-38.4842396137252));
#2167=CARTESIAN_POINT('Ctrl Pts',(25.9276537864137,-6.7051840358754,-38.1457750191071));
#2168=CARTESIAN_POINT('Ctrl Pts',(25.86569963883,-6.67871843561915,-37.6730864677688));
#2169=CARTESIAN_POINT('Ctrl Pts',(26.0165128657136,-6.6522528353629,-37.282565396928));
#2170=CARTESIAN_POINT('Ctrl Pts',(26.1673260925972,-6.62578723510664,-36.8920443260872));
#2171=CARTESIAN_POINT('Ctrl Pts',(26.5309066939481,-6.59932163485039,-36.583690735744));
#2172=CARTESIAN_POINT('Ctrl Pts',(26.9408115979425,-6.57285603459413,-36.4986653986922));
#2173=CARTESIAN_POINT('Ctrl Pts',(27.0248388200487,-6.56743079852295,-36.4812358856235));
#2174=CARTESIAN_POINT('Ctrl Pts',(27.1108126688486,-6.56200556245177,-36.4731910090094));
#2175=CARTESIAN_POINT('Ctrl Pts',(27.1969340300253,-6.55658032638058,-36.4739853790224));
#2176=CARTESIAN_POINT('Ctrl Pts',(27.1977622316876,-6.69341967361942,-36.4763516508161));
#2177=CARTESIAN_POINT('Ctrl Pts',(27.0051359033366,-6.70549684497957,-36.4759436789854));
#2178=CARTESIAN_POINT('Ctrl Pts',(26.8126756889339,-6.71757401633971,-36.5172901587239));
#2179=CARTESIAN_POINT('Ctrl Pts',(26.6411009832824,-6.72965118769986,-36.6012943256876));
#2180=CARTESIAN_POINT('Ctrl Pts',(26.2651166208478,-6.75611678795611,-36.78537887963));
#2181=CARTESIAN_POINT('Ctrl Pts',(25.9894269850174,-6.78258238821236,-37.1743107815004));
#2182=CARTESIAN_POINT('Ctrl Pts',(25.9402395503356,-6.80904798846861,-37.5900414349072));
#2183=CARTESIAN_POINT('Ctrl Pts',(25.8910521156538,-6.83551358872487,-38.0057720883141));
#2184=CARTESIAN_POINT('Ctrl Pts',(26.0683668821206,-6.86197918898112,-38.4483014932574));
#2185=CARTESIAN_POINT('Ctrl Pts',(26.3910113778634,-6.88844478923738,-38.7150447041037));
#2186=CARTESIAN_POINT('Ctrl Pts',(26.7136558736062,-6.91491038949363,-38.9817879149499));
#2187=CARTESIAN_POINT('Ctrl Pts',(27.1816300986249,-6.94137598974988,-39.0727449316991));
#2188=CARTESIAN_POINT('Ctrl Pts',(27.5807003493523,-6.96784159000613,-38.9462766945776));
#2189=CARTESIAN_POINT('Ctrl Pts',(27.9797706000797,-6.99430719026238,-38.8198084574561));
#2190=CARTESIAN_POINT('Ctrl Pts',(28.3099368765157,-7.02077279051864,-38.4759149664638));
#2191=CARTESIAN_POINT('Ctrl Pts',(28.4200536514308,-7.04723839077489,-38.0720266958588));
#2192=CARTESIAN_POINT('Ctrl Pts',(28.5301704263459,-7.07370399103115,-37.6681384252538));
#2193=CARTESIAN_POINT('Ctrl Pts',(28.4202376997401,-7.1001695912874,-37.2042553750359));
#2194=CARTESIAN_POINT('Ctrl Pts',(28.1405797515475,-7.12663519154365,-36.8927380455451));
#2195=CARTESIAN_POINT('Ctrl Pts',(27.9053459505935,-7.14889668556891,-36.6307057809422));
#2196=CARTESIAN_POINT('Ctrl Pts',(27.5500263919881,-7.17115817959416,-36.476476899022));
#2197=CARTESIAN_POINT('Ctrl Pts',(27.1970563357043,-7.19341967361941,-36.4734117094691));
#2198=CARTESIAN_POINT('Origin',(27.1980617036712,-5.5,-37.7388613738053));
#2199=CARTESIAN_POINT('',(27.198957276505,-7.69341967361941,-36.4731788713265));
#2200=CARTESIAN_POINT('',(27.1987691363979,-7.55658032638058,-36.4760138067825));
#2201=CARTESIAN_POINT('',(27.1980617036712,-5.5,-36.4743613738053));
#2202=CARTESIAN_POINT('',(28.0232730026077,-8.,-38.6969775265277));
#2203=CARTESIAN_POINT('Ctrl Pts',(27.198957276505,-7.69341967361941,-36.4731788713265));
#2204=CARTESIAN_POINT('Ctrl Pts',(26.8377579344595,-7.71621631497751,-36.4761329968527));
#2205=CARTESIAN_POINT('Ctrl Pts',(26.4743056371559,-7.73901295633562,-36.6387734030148));
#2206=CARTESIAN_POINT('Ctrl Pts',(26.2387807879961,-7.76180959769372,-36.9119157292097));
#2207=CARTESIAN_POINT('Ctrl Pts',(25.9653498728731,-7.78827519794997,-37.2290183894035));
#2208=CARTESIAN_POINT('Ctrl Pts',(25.8643381078821,-7.81474079820623,-37.6950542724235));
#2209=CARTESIAN_POINT('Ctrl Pts',(25.9828227664787,-7.84120639846248,-38.0966299385238));
#2210=CARTESIAN_POINT('Ctrl Pts',(26.1013074250753,-7.86767199871873,-38.4982056046241));
#2211=CARTESIAN_POINT('Ctrl Pts',(26.4392885072596,-7.89413759897498,-38.8353210538046));
#2212=CARTESIAN_POINT('Ctrl Pts',(26.8401181625713,-7.92060319923124,-38.9536255142016));
#2213=CARTESIAN_POINT('Ctrl Pts',(27.240947817883,-7.94706879948749,-39.0719299745986));
#2214=CARTESIAN_POINT('Ctrl Pts',(27.7046260463222,-7.97353439974374,-38.9714234462122));
#2215=CARTESIAN_POINT('Ctrl Pts',(28.0232730026077,-8.,-38.6969775265277));
#2216=CARTESIAN_POINT('',(28.0246477509981,-8.,-36.7789120069365));
#2217=CARTESIAN_POINT('Origin',(27.1980617036712,-7.99999999999999,-37.7388613738053));
#2218=CARTESIAN_POINT('Ctrl Pts',(28.0246493182852,-8.,-36.7789099169738));
#2219=CARTESIAN_POINT('Ctrl Pts',(28.3334770324094,-7.97420054922101,-37.045799327315));
#2220=CARTESIAN_POINT('Ctrl Pts',(28.5025495461661,-7.94840109844202,-37.4759714145049));
#2221=CARTESIAN_POINT('Ctrl Pts',(28.456513730603,-7.92260164766303,-37.8815384457179));
#2222=CARTESIAN_POINT('Ctrl Pts',(28.4092892566171,-7.89613604740678,-38.2975773380629));
#2223=CARTESIAN_POINT('Ctrl Pts',(28.1357047213989,-7.86967044715053,-38.6877241508442));
#2224=CARTESIAN_POINT('Ctrl Pts',(27.7606791306119,-7.84320484689427,-38.8736280279804));
#2225=CARTESIAN_POINT('Ctrl Pts',(27.385653539825,-7.81673924663802,-39.0595319051166));
#2226=CARTESIAN_POINT('Ctrl Pts',(26.9091868934693,-7.79027364638177,-39.0411928466076));
#2227=CARTESIAN_POINT('Ctrl Pts',(26.5495628389916,-7.76380804612551,-38.8268787485983));
#2228=CARTESIAN_POINT('Ctrl Pts',(26.1899387845138,-7.73734244586926,-38.6125646505889));
#2229=CARTESIAN_POINT('Ctrl Pts',(25.9471573219141,-7.71087684561301,-38.2022755130792));
#2230=CARTESIAN_POINT('Ctrl Pts',(25.9322793114894,-7.68441124535676,-37.7839011568638));
#2231=CARTESIAN_POINT('Ctrl Pts',(25.9174013010647,-7.6579456451005,-37.3655268006483));
#2232=CARTESIAN_POINT('Ctrl Pts',(26.130426742815,-7.63148004484425,-36.9390672257272));
#2233=CARTESIAN_POINT('Ctrl Pts',(26.4738761129718,-7.605014444588,-36.6997185320297));
#2234=CARTESIAN_POINT('Ctrl Pts',(26.6833891819037,-7.58886973851886,-36.5537095894641));
#2235=CARTESIAN_POINT('Ctrl Pts',(26.9414371425966,-7.57272503244972,-36.477330556674));
#2236=CARTESIAN_POINT('Ctrl Pts',(27.1987691363979,-7.55658032638058,-36.4760138067825));
#2237=CARTESIAN_POINT('Origin',(37.172486398045,-9.10421172358872,-38.4536004984283));
#2238=CARTESIAN_POINT('',(37.1725917144926,-3.39578827641127,-36.9080482056916));
#2239=CARTESIAN_POINT('',(37.1728595592894,-3.35421172358872,-36.9130817044017));
#2240=CARTESIAN_POINT('',(37.172486398045,-9.10421172358872,-36.9106004984283));
#2241=CARTESIAN_POINT('',(35.6818369698265,-2.99999999999999,-38.8521143402855));
#2242=CARTESIAN_POINT('Ctrl Pts',(37.1728595592894,-3.35421172358872,-36.9130817044017));
#2243=CARTESIAN_POINT('Ctrl Pts',(37.4104875199176,-3.34200355008416,-36.9126509113206));
#2244=CARTESIAN_POINT('Ctrl Pts',(38.1626435469254,-3.30332977632334,-37.0761451840666));
#2245=CARTESIAN_POINT('Ctrl Pts',(38.9843409865061,-3.23819040230627,-38.2479038287785));
#2246=CARTESIAN_POINT('Ctrl Pts',(38.3285292889313,-3.15879360153751,-39.8657049711832));
#2247=CARTESIAN_POINT('Ctrl Pts',(36.6110968665017,-3.07939680076876,-40.1881028575217));
#2248=CARTESIAN_POINT('Ctrl Pts',(35.8143733250321,-3.02646560025625,-39.3478693714901));
#2249=CARTESIAN_POINT('Ctrl Pts',(35.6818369698265,-2.99999999999999,-38.8521143402855));
#2250=CARTESIAN_POINT('',(35.6818369698265,-2.99999999999999,-38.0550866565711));
#2251=CARTESIAN_POINT('Origin',(37.172486398045,-2.99999999999999,-38.4536004984283));
#2252=CARTESIAN_POINT('Ctrl Pts',(37.1725917144926,-3.39578827641127,-36.9080482056916));
#2253=CARTESIAN_POINT('Ctrl Pts',(37.1777563461041,-3.39552070274484,-36.908043529957));
#2254=CARTESIAN_POINT('Ctrl Pts',(37.6937478940524,-3.36878752882217,-36.910405601156));
#2255=CARTESIAN_POINT('Ctrl Pts',(38.7148139587147,-3.31558875464324,-37.4801765278322));
#2256=CARTESIAN_POINT('Ctrl Pts',(38.8268349495279,-3.23619195387447,-39.2217996787469));
#2257=CARTESIAN_POINT('Ctrl Pts',(37.4236815318957,-3.15679515310572,-40.2600360466225));
#2258=CARTESIAN_POINT('Ctrl Pts',(35.8052144102019,-3.07806450181422,-39.649588014498));
#2259=CARTESIAN_POINT('Ctrl Pts',(35.5513589550682,-3.02579945077898,-38.5355604610329));
#2260=CARTESIAN_POINT('Ctrl Pts',(35.6791885200629,-2.99999999999999,-38.0541779396644));
#2261=CARTESIAN_POINT('Origin',(37.172486398045,-9.10421172358872,-38.4536004984283));
#2262=CARTESIAN_POINT('',(37.17378196556,-3.89578827641127,-36.9116764417857));
#2263=CARTESIAN_POINT('',(37.171074158802,-3.85421172358872,-36.9107021039032));
#2264=CARTESIAN_POINT('',(37.172486398045,-9.10421172358872,-36.9106004984283));
#2265=CARTESIAN_POINT('Ctrl Pts',(37.171074158802,-3.85421172358872,-36.9107021039032));
#2266=CARTESIAN_POINT('Ctrl Pts',(37.5604226524029,-3.83413048495501,-36.9142571490901));
#2267=CARTESIAN_POINT('Ctrl Pts',(38.4685472169948,-3.78758364606504,-37.2613154198365));
#2268=CARTESIAN_POINT('Ctrl Pts',(38.9655769852946,-3.71457120691882,-38.7872589420901));
#2269=CARTESIAN_POINT('Ctrl Pts',(37.8643790014792,-3.63517440615006,-40.1411635337713));
#2270=CARTESIAN_POINT('Ctrl Pts',(36.1296521218239,-3.55577760538131,-39.9499349283741));
#2271=CARTESIAN_POINT('Ctrl Pts',(35.3498160536143,-3.47638080461254,-38.388774183844));
#2272=CARTESIAN_POINT('Ctrl Pts',(36.1019262893106,-3.40919217734836,-37.1177557838837));
#2273=CARTESIAN_POINT('Ctrl Pts',(36.8953435785784,-3.36846915034041,-36.9135848100298));
#2274=CARTESIAN_POINT('Ctrl Pts',(37.1728595592894,-3.35421172358872,-36.9130817044017));
#2275=CARTESIAN_POINT('Ctrl Pts',(37.17378196556,-3.89578827641127,-36.9116764417857));
#2276=CARTESIAN_POINT('Ctrl Pts',(37.3318712768574,-3.88764763761569,-36.9104193518902));
#2277=CARTESIAN_POINT('Ctrl Pts',(38.0024405113977,-3.85304139856387,-37.0054999737716));
#2278=CARTESIAN_POINT('Ctrl Pts',(38.9321346980993,-3.79196955925579,-37.9738476483106));
#2279=CARTESIAN_POINT('Ctrl Pts',(38.5296989209456,-3.71257275848703,-39.6720048141607));
#2280=CARTESIAN_POINT('Ctrl Pts',(36.8846225118017,-3.63317595771827,-40.2546180427726));
#2281=CARTESIAN_POINT('Ctrl Pts',(35.5031231224405,-3.55377915694951,-39.1882618425385));
#2282=CARTESIAN_POINT('Ctrl Pts',(35.649528974066,-3.47464992984718,-37.4551244048504));
#2283=CARTESIAN_POINT('Ctrl Pts',(36.6669247776421,-3.42198630300109,-36.9085060049298));
#2284=CARTESIAN_POINT('Ctrl Pts',(37.1725917144926,-3.39578827641127,-36.9080482056916));
#2285=CARTESIAN_POINT('Origin',(37.172486398045,-9.10421172358872,-38.4536004984283));
#2286=CARTESIAN_POINT('',(37.1716533288948,-4.39578827641127,-36.9126527810438));
#2287=CARTESIAN_POINT('',(37.1730085843869,-4.35421172358872,-36.9082551362968));
#2288=CARTESIAN_POINT('',(37.172486398045,-9.10421172358872,-36.9106004984283));
#2289=CARTESIAN_POINT('Ctrl Pts',(37.1730085843869,-4.35421172358872,-36.9082551362968));
#2290=CARTESIAN_POINT('Ctrl Pts',(37.2017539211628,-4.35272302008211,-36.9081287810132));
#2291=CARTESIAN_POINT('Ctrl Pts',(37.7413994899,-4.32476871631925,-36.9218848776922));
#2292=CARTESIAN_POINT('Ctrl Pts',(38.7580445634908,-4.27034881230014,-37.5521934119377));
#2293=CARTESIAN_POINT('Ctrl Pts',(38.7895941698484,-4.19095201153137,-39.2970999442174));
#2294=CARTESIAN_POINT('Ctrl Pts',(37.3405570390217,-4.11155521076262,-40.2697178651934));
#2295=CARTESIAN_POINT('Ctrl Pts',(35.7376375012748,-4.03215840999385,-39.5795394041746));
#2296=CARTESIAN_POINT('Ctrl Pts',(35.4484344901275,-3.9527616092251,-37.8584780963615));
#2297=CARTESIAN_POINT('Ctrl Pts',(36.4116390455883,-3.89344604709005,-36.9797781106875));
#2298=CARTESIAN_POINT('Ctrl Pts',(37.0472898830569,-3.86059608521126,-36.9095718601732));
#2299=CARTESIAN_POINT('Ctrl Pts',(37.171074158802,-3.85421172358872,-36.9107021039032));
#2300=CARTESIAN_POINT('Ctrl Pts',(37.1716533288948,-4.39578827641127,-36.9126527810438));
#2301=CARTESIAN_POINT('Ctrl Pts',(37.4831315502052,-4.37977457248655,-36.91417889794));
#2302=CARTESIAN_POINT('Ctrl Pts',(38.3115741117688,-4.33729526830557,-37.1571249275581));
#2303=CARTESIAN_POINT('Ctrl Pts',(38.9955079140373,-4.26835036386834,-38.5094675396881));
#2304=CARTESIAN_POINT('Ctrl Pts',(38.1140075867423,-4.18895356309958,-40.0156717386209));
#2305=CARTESIAN_POINT('Ctrl Pts',(36.3704717430323,-4.10955676233083,-40.0916790126102));
#2306=CARTESIAN_POINT('Ctrl Pts',(35.3612425258263,-4.03015996156206,-38.6678988599579));
#2307=CARTESIAN_POINT('Ctrl Pts',(35.9437932098731,-3.95890379958888,-37.214010946407));
#2308=CARTESIAN_POINT('Ctrl Pts',(36.8179154777304,-3.91411323787195,-36.914506210366));
#2309=CARTESIAN_POINT('Ctrl Pts',(37.17378196556,-3.89578827641127,-36.9116764417857));
#2310=CARTESIAN_POINT('Origin',(37.172486398045,-9.10421172358872,-38.4536004984283));
#2311=CARTESIAN_POINT('',(37.171629722589,-4.89578827641127,-36.9086373266513));
#2312=CARTESIAN_POINT('',(37.1735748831063,-4.85421172358872,-36.9122487658441));
#2313=CARTESIAN_POINT('',(37.172486398045,-9.10421172358872,-36.9106004984283));
#2314=CARTESIAN_POINT('Ctrl Pts',(37.1735748831063,-4.85421172358873,-36.9122487658441));
#2315=CARTESIAN_POINT('Ctrl Pts',(37.3555484699586,-4.84484995495297,-36.9110640398323));
#2316=CARTESIAN_POINT('Ctrl Pts',(38.050523137178,-4.80902258606096,-37.0250308152548));
#2317=CARTESIAN_POINT('Ctrl Pts',(38.9523495713843,-4.74672961691268,-38.0553337172647));
#2318=CARTESIAN_POINT('Ctrl Pts',(38.4721889687713,-4.66733281614393,-39.7331717400434));
#2319=CARTESIAN_POINT('Ctrl Pts',(36.8020502462032,-4.58793601537517,-40.2394634290316));
#2320=CARTESIAN_POINT('Ctrl Pts',(35.4710744308799,-4.50853921460641,-39.1106596096797));
#2321=CARTESIAN_POINT('Ctrl Pts',(35.6936202485071,-4.43063111734426,-37.4127125725081));
#2322=CARTESIAN_POINT('Ctrl Pts',(36.690730343288,-4.37918862033836,-36.9103750768083));
#2323=CARTESIAN_POINT('Ctrl Pts',(37.1730085843869,-4.35421172358872,-36.9082551362968));
#2324=CARTESIAN_POINT('Ctrl Pts',(37.171629722589,-4.89578827641127,-36.9086373266513));
#2325=CARTESIAN_POINT('Ctrl Pts',(37.6331606644034,-4.87190150735739,-36.9117145609008));
#2326=CARTESIAN_POINT('Ctrl Pts',(38.6114260098711,-4.82154913804727,-37.3764424246854));
#2327=CARTESIAN_POINT('Ctrl Pts',(38.8994570334739,-4.74473116848089,-39.0402017763284));
#2328=CARTESIAN_POINT('Ctrl Pts',(37.6159824021277,-4.66533436771212,-40.2227358609146));
#2329=CARTESIAN_POINT('Ctrl Pts',(35.9264529101485,-4.58593756694338,-39.7854898276345));
#2330=CARTESIAN_POINT('Ctrl Pts',(35.3777633556908,-4.50654076617461,-38.1287962045214));
#2331=CARTESIAN_POINT('Ctrl Pts',(36.2515258136141,-4.44315766933058,-37.0436480752554));
#2332=CARTESIAN_POINT('Ctrl Pts',(36.9683563219081,-4.4062401727428,-36.9116567082012));
#2333=CARTESIAN_POINT('Ctrl Pts',(37.1716533288948,-4.39578827641127,-36.9126527810438));
#2334=CARTESIAN_POINT('Origin',(37.172486398045,-9.10421172358872,-38.4536004984283));
#2335=CARTESIAN_POINT('',(37.1738518426635,-5.39578827641127,-36.9100609896417));
#2336=CARTESIAN_POINT('',(37.171371376323,-5.35421172358872,-36.9121929212059));
#2337=CARTESIAN_POINT('',(37.172486398045,-9.10421172358872,-36.9106004984283));
#2338=CARTESIAN_POINT('Ctrl Pts',(37.171371376323,-5.35421172358872,-36.9121929212059));
#2339=CARTESIAN_POINT('Ctrl Pts',(37.5063506958213,-5.33697688982381,-36.9144323537675));
#2340=CARTESIAN_POINT('Ctrl Pts',(38.3590317494673,-5.29327645580265,-37.1864339656908));
#2341=CARTESIAN_POINT('Ctrl Pts',(38.9910057699,-5.22311042152524,-38.5933024548806));
#2342=CARTESIAN_POINT('Ctrl Pts',(38.0411248037465,-5.14371362075648,-40.0573450736108));
#2343=CARTESIAN_POINT('Ctrl Pts',(36.2959382613754,-5.06431681998772,-40.0530356195081));
#2344=CARTESIAN_POINT('Ctrl Pts',(35.3532992649815,-4.98492001921896,-38.5843197305513));
#2345=CARTESIAN_POINT('Ctrl Pts',(35.9910207291232,-4.91488498708596,-37.1832103011113));
#2346=CARTESIAN_POINT('Ctrl Pts',(36.8411114662035,-4.87131555520922,-36.9144132451224));
#2347=CARTESIAN_POINT('Ctrl Pts',(37.1735748831063,-4.85421172358873,-36.9122487658441));
#2348=CARTESIAN_POINT('Ctrl Pts',(37.1738518426635,-5.39578827641127,-36.9100609896417));
#2349=CARTESIAN_POINT('Ctrl Pts',(37.2763905583249,-5.3904940424845,-36.9091173527377));
#2350=CARTESIAN_POINT('Ctrl Pts',(37.8904886227595,-5.35873420830148,-36.9651721323159));
#2351=CARTESIAN_POINT('Ctrl Pts',(38.8706324479469,-5.30050877386221,-37.788146796793));
#2352=CARTESIAN_POINT('Ctrl Pts',(38.65238272364,-5.22111197309344,-39.5196377873103));
#2353=CARTESIAN_POINT('Ctrl Pts',(37.0791735681504,-5.14171517232469,-40.2750892718188));
#2354=CARTESIAN_POINT('Ctrl Pts',(35.5913995182735,-5.06231837155592,-39.3628270458159));
#2355=CARTESIAN_POINT('Ctrl Pts',(35.5512326705544,-4.98292157078717,-37.6180976637263));
#2356=CARTESIAN_POINT('Ctrl Pts',(36.5609520379584,-4.92741153907228,-36.9331000551663));
#2357=CARTESIAN_POINT('Ctrl Pts',(37.1218025403974,-4.89836710761365,-36.9083051064301));
#2358=CARTESIAN_POINT('Ctrl Pts',(37.171629722589,-4.89578827641127,-36.9086373266513));
#2359=CARTESIAN_POINT('Origin',(37.172486398045,-9.10421172358872,-38.4536004984283));
#2360=CARTESIAN_POINT('',(37.1725073396267,-5.89578827641127,-36.9131049955291));
#2361=CARTESIAN_POINT('',(37.1720079114727,-5.85421172358873,-36.9082205436854));
#2362=CARTESIAN_POINT('',(37.172486398045,-9.10421172358872,-36.9106004984283));
#2363=CARTESIAN_POINT('Ctrl Pts',(37.1720079114727,-5.85421172358872,-36.9082205436854));
#2364=CARTESIAN_POINT('Ctrl Pts',(37.6567867417351,-5.82910382469467,-36.9101935848852));
#2365=CARTESIAN_POINT('Ctrl Pts',(38.6561149956661,-5.77753032554435,-37.4171719458451));
#2366=CARTESIAN_POINT('Ctrl Pts',(38.8706326282987,-5.69949122613779,-39.1190542707383));
#2367=CARTESIAN_POINT('Ctrl Pts',(37.534098293648,-5.62009442536903,-40.2412710998969));
#2368=CARTESIAN_POINT('Ctrl Pts',(35.8664803284085,-5.54069762460027,-39.7267373679241));
#2369=CARTESIAN_POINT('Ctrl Pts',(35.3946118292928,-5.46130082383152,-38.0465484622086));
#2370=CARTESIAN_POINT('Ctrl Pts',(36.2996083452791,-5.39913885682766,-37.0228692605311));
#2371=CARTESIAN_POINT('Ctrl Pts',(36.9919605435934,-5.36344249008006,-36.910993508474));
#2372=CARTESIAN_POINT('Ctrl Pts',(37.171371376323,-5.35421172358872,-36.9121929212059));
#2373=CARTESIAN_POINT('Ctrl Pts',(37.1725073396267,-5.89578827641127,-36.9131049955291));
#2374=CARTESIAN_POINT('Ctrl Pts',(37.428808828856,-5.88262097735535,-36.9130739798199));
#2375=CARTESIAN_POINT('Ctrl Pts',(38.2002218253372,-5.84298807804317,-37.0950709820528));
#2376=CARTESIAN_POINT('Ctrl Pts',(38.991005576764,-5.77688957847476,-38.3138985568131));
#2377=CARTESIAN_POINT('Ctrl Pts',(38.2758916248492,-5.69749277770599,-39.9058489417987));
#2378=CARTESIAN_POINT('Ctrl Pts',(36.5505249325232,-5.61809597693724,-40.168153667975));
#2379=CARTESIAN_POINT('Ctrl Pts',(35.3946120181122,-5.53869917616847,-38.860652491417));
#2380=CARTESIAN_POINT('Ctrl Pts',(35.8350159505648,-5.46459660932649,-37.2924999177086));
#2381=CARTESIAN_POINT('Ctrl Pts',(36.7638048477156,-5.41695964274075,-36.9138345445795));
#2382=CARTESIAN_POINT('Ctrl Pts',(37.1738518426635,-5.39578827641127,-36.9100609896417));
#2383=CARTESIAN_POINT('Origin',(37.172486398045,-9.10421172358872,-38.4536004984283));
#2384=CARTESIAN_POINT('',(37.1711103562249,-6.39578827641127,-36.9101378981216));
#2385=CARTESIAN_POINT('',(37.1738980145636,-6.35421172358872,-36.9107784392192));
#2386=CARTESIAN_POINT('',(37.172486398045,-9.10421172358872,-36.9106004984283));
#2387=CARTESIAN_POINT('Ctrl Pts',(37.1738980145636,-6.35421172358872,-36.9107784392192));
#2388=CARTESIAN_POINT('Ctrl Pts',(37.3002380112488,-6.34769635982177,-36.9096307345308));
#2389=CARTESIAN_POINT('Ctrl Pts',(37.9384844253135,-6.31471539579855,-36.9816033329893));
#2390=CARTESIAN_POINT('Ctrl Pts',(38.8994572168884,-6.2552688315191,-37.8669991582282));
#2391=CARTESIAN_POINT('Ctrl Pts',(38.6017567653633,-6.17587203075034,-39.5866122193989));
#2392=CARTESIAN_POINT('Ctrl Pts',(36.9954488586158,-6.09647522998158,-40.2688655072012));
#2393=CARTESIAN_POINT('Ctrl Pts',(35.5512324983687,-6.01707842921282,-39.289103421865));
#2394=CARTESIAN_POINT('Ctrl Pts',(35.591399350354,-5.93768162844406,-37.5443738544761));
#2395=CARTESIAN_POINT('Ctrl Pts',(36.6086900623422,-5.88339272656937,-36.9205991021962));
#2396=CARTESIAN_POINT('Ctrl Pts',(37.1457936559116,-5.85556942495092,-36.9081138521325));
#2397=CARTESIAN_POINT('Ctrl Pts',(37.1720079114727,-5.85421172358872,-36.9082205436854));
#2398=CARTESIAN_POINT('Ctrl Pts',(37.1711103562249,-6.39578827641127,-36.9101378981216));
#2399=CARTESIAN_POINT('Ctrl Pts',(37.5786723306916,-6.3747479122262,-36.9138971862476));
#2400=CARTESIAN_POINT('Ctrl Pts',(38.5049985197763,-6.32724194778488,-37.2886771657723));
#2401=CARTESIAN_POINT('Ctrl Pts',(38.9523493823581,-6.25327038308731,-38.8518672372914));
#2402=CARTESIAN_POINT('Ctrl Pts',(37.8029078466663,-6.17387358231854,-40.1650611125107));
#2403=CARTESIAN_POINT('Ctrl Pts',(36.0762667663331,-6.09447678154979,-39.9112805572605));
#2404=CARTESIAN_POINT('Ctrl Pts',(35.3532994581878,-6.01507998078102,-38.3228812801887));
#2405=CARTESIAN_POINT('Ctrl Pts',(36.1396095335486,-5.94885047906819,-37.0977398360661));
#2406=CARTESIAN_POINT('Ctrl Pts',(36.913655893526,-5.9090865776116,-36.9131363198152));
#2407=CARTESIAN_POINT('Ctrl Pts',(37.1725073396267,-5.89578827641127,-36.9131049955291));
#2408=CARTESIAN_POINT('Origin',(37.172486398045,-9.10421172358872,-38.4536004984283));
#2409=CARTESIAN_POINT('',(37.1733060868001,-6.89578827641127,-36.908583407573));
#2410=CARTESIAN_POINT('',(37.1721209692416,-6.85421172358872,-36.9130253395466));
#2411=CARTESIAN_POINT('',(37.172486398045,-9.10421172358872,-36.9106004984283));
#2412=CARTESIAN_POINT('Ctrl Pts',(37.1721209692416,-6.85421172358872,-36.9130253395466));
#2413=CARTESIAN_POINT('Ctrl Pts',(37.452155734974,-6.83982329469262,-36.9136184375017));
#2414=CARTESIAN_POINT('Ctrl Pts',(38.2480940923162,-6.79896926554026,-37.1206401896203));
#2415=CARTESIAN_POINT('Ctrl Pts',(38.9955081077193,-6.73164963613165,-38.3977334512415));
#2416=CARTESIAN_POINT('Ctrl Pts',(38.2078913569923,-6.65225283536288,-39.9550884033674));
#2417=CARTESIAN_POINT('Ctrl Pts',(36.472281334977,-6.57285603459414,-40.137715167668));
#2418=CARTESIAN_POINT('Ctrl Pts',(35.3777631650722,-6.49345923382536,-38.7784048268303));
#2419=CARTESIAN_POINT('Ctrl Pts',(35.8814268776867,-6.42057779682358,-37.2576606207857));
#2420=CARTESIAN_POINT('Ctrl Pts',(36.7870412093136,-6.37416196007802,-36.9142927449084));
#2421=CARTESIAN_POINT('Ctrl Pts',(37.1738980145636,-6.35421172358872,-36.9107784392192));
#2422=CARTESIAN_POINT('Ctrl Pts',(37.1733060868001,-6.89578827641127,-36.908583407573));
#2423=CARTESIAN_POINT('Ctrl Pts',(37.2205977547674,-6.8933404473533,-36.908279080109));
#2424=CARTESIAN_POINT('Ctrl Pts',(37.7788950683722,-6.86442701803908,-36.9317031415395));
#2425=CARTESIAN_POINT('Ctrl Pts',(38.7895939976929,-6.80904798846862,-37.6101011424328));
#2426=CARTESIAN_POINT('Ctrl Pts',(38.7580443953127,-6.72965118769986,-39.355007489071));
#2427=CARTESIAN_POINT('Ctrl Pts',(37.2747937490541,-6.6502543869311,-40.2746062409048));
#2428=CARTESIAN_POINT('Ctrl Pts',(35.6978729123081,-6.57085758616234,-39.5269334578369));
#2429=CARTESIAN_POINT('Ctrl Pts',(35.4710746115474,-6.49146078539358,-37.7965414569776));
#2430=CARTESIAN_POINT('Ctrl Pts',(36.4493381783788,-6.43310434880989,-36.9668737516399));
#2431=CARTESIAN_POINT('Ctrl Pts',(37.0660209240425,-6.40121351248245,-36.9091685695794));
#2432=CARTESIAN_POINT('Ctrl Pts',(37.1711103562249,-6.39578827641127,-36.9101378981216));
#2433=CARTESIAN_POINT('Origin',(37.172486398045,-9.10421172358872,-38.4536004984283));
#2434=CARTESIAN_POINT('',(37.1733497920863,-7.39578827641127,-36.9126130579101));
#2435=CARTESIAN_POINT('',(37.1712596794975,-7.35421172358872,-36.90943789902));
#2436=CARTESIAN_POINT('',(37.172486398045,-9.10421172358872,-36.9106004984283));
#2437=CARTESIAN_POINT('Ctrl Pts',(37.1712596794975,-7.35421172358872,-36.90943789902));
#2438=CARTESIAN_POINT('Ctrl Pts',(37.6019707410091,-7.33195022956346,-36.9131781932282));
#2439=CARTESIAN_POINT('Ctrl Pts',(38.55100826799,-7.28322313528196,-37.3251144597348));
#2440=CARTESIAN_POINT('Ctrl Pts',(38.9321348879575,-7.2080304407442,-38.9333534000186));
#2441=CARTESIAN_POINT('Ctrl Pts',(37.72348040706,-7.12863363997544,-40.1922595731365));
#2442=CARTESIAN_POINT('Ctrl Pts',(36.0103464150122,-7.04923683920669,-39.8592891873138));
#2443=CARTESIAN_POINT('Ctrl Pts',(35.3612423330057,-6.96984003843792,-38.2393021140811));
#2444=CARTESIAN_POINT('Ctrl Pts',(36.1875773318353,-6.90483166656527,-37.0735417993474));
#2445=CARTESIAN_POINT('Ctrl Pts',(36.9370690482173,-6.86628889494887,-36.912527512738));
#2446=CARTESIAN_POINT('Ctrl Pts',(37.1721209692416,-6.85421172358872,-36.9130253395466));
#2447=CARTESIAN_POINT('Ctrl Pts',(37.1733497920863,-7.39578827641127,-36.9126130579101));
#2448=CARTESIAN_POINT('Ctrl Pts',(37.374087430242,-7.38546738222415,-36.9115859408369));
#2449=CARTESIAN_POINT('Ctrl Pts',(38.0882987521475,-7.34868088778078,-37.0413433041038));
#2450=CARTESIAN_POINT('Ctrl Pts',(38.9655767770972,-7.28542879308117,-38.1199420967401));
#2451=CARTESIAN_POINT('Ctrl Pts',(38.4250857626434,-7.20603199231241,-39.7793171513548));
#2452=CARTESIAN_POINT('Ctrl Pts',(36.7377312593101,-7.12663519154365,-40.2249059148535));
#2453=CARTESIAN_POINT('Ctrl Pts',(35.4484346759813,-7.0472383907749,-39.048722836044));
#2454=CARTESIAN_POINT('Ctrl Pts',(35.7287214308655,-6.9702894190641,-37.3807225842623));
#2455=CARTESIAN_POINT('Ctrl Pts',(36.7092865683098,-6.91980604760955,-36.9115694279309));
#2456=CARTESIAN_POINT('Ctrl Pts',(37.1733060868001,-6.89578827641127,-36.908583407573));
#2457=CARTESIAN_POINT('Origin',(37.172486398045,-9.10421172358872,-38.4536004984283));
#2458=CARTESIAN_POINT('',(37.1707498911115,-7.89578827641127,-36.9121559619194));
#2459=CARTESIAN_POINT('',(37.1735805816389,-7.85421172358872,-36.9091541632239));
#2460=CARTESIAN_POINT('',(37.172486398045,-9.10421172358872,-36.9106004984283));
#2461=CARTESIAN_POINT('',(35.6818369698265,-7.99999999999999,-38.055086656571));
#2462=CARTESIAN_POINT('Ctrl Pts',(35.6818369698265,-7.99999999999999,-38.055086656571));
#2463=CARTESIAN_POINT('Ctrl Pts',(35.8143733250321,-7.97353439974374,-37.5593316253665));
#2464=CARTESIAN_POINT('Ctrl Pts',(36.3372388057225,-7.9387971585475,-37.0079100531387));
#2465=CARTESIAN_POINT('Ctrl Pts',(37.0100868192297,-7.90405991735126,-36.9109405027641));
#2466=CARTESIAN_POINT('Ctrl Pts',(37.1707498911115,-7.89578827641127,-36.9121559619194));
#2467=CARTESIAN_POINT('',(35.6791917229806,-8.,-38.8530221608752));
#2468=CARTESIAN_POINT('Origin',(37.172486398045,-7.99999999999999,-38.4536004984283));
#2469=CARTESIAN_POINT('Ctrl Pts',(35.6791885446207,-7.99999999999999,-38.8530232516544));
#2470=CARTESIAN_POINT('Ctrl Pts',(35.5513591248624,-7.97420054922101,-38.3716408827783));
#2471=CARTESIAN_POINT('Ctrl Pts',(35.7873934171453,-7.92560445708391,-37.3358162818804));
#2472=CARTESIAN_POINT('Ctrl Pts',(36.7328256900839,-7.87700836494682,-36.912757403715));
#2473=CARTESIAN_POINT('Ctrl Pts',(37.1735805816389,-7.85421172358872,-36.9091541632239));
#2474=CARTESIAN_POINT('Origin',(27.1980617036712,-9.10421172358872,-37.7388613738053));
#2475=CARTESIAN_POINT('',(27.1981674332594,-3.39578827641127,-36.1933127582018));
#2476=CARTESIAN_POINT('',(27.1984365673446,-3.35421172358872,-36.1983463631956));
#2477=CARTESIAN_POINT('',(27.1980617036713,-9.10421172358872,-36.1958613738053));
#2478=CARTESIAN_POINT('',(25.7074122754527,-3.,-38.1373752156625));
#2479=CARTESIAN_POINT('Ctrl Pts',(27.1984365673446,-3.35421172358872,-36.1983463631956));
#2480=CARTESIAN_POINT('Ctrl Pts',(27.4360648120895,-3.34200355008416,-36.1979157042427));
#2481=CARTESIAN_POINT('Ctrl Pts',(28.1882206263585,-3.30332977632334,-36.3614100421869));
#2482=CARTESIAN_POINT('Ctrl Pts',(29.0098973228774,-3.23819040230627,-37.5331656396735));
#2483=CARTESIAN_POINT('Ctrl Pts',(28.3541274149223,-3.15879360153751,-39.1509584019406));
#2484=CARTESIAN_POINT('Ctrl Pts',(26.6366178004435,-3.07939680076875,-39.4733722728573));
#2485=CARTESIAN_POINT('Ctrl Pts',(25.8399486306583,-3.02646560025625,-38.633130246867));
#2486=CARTESIAN_POINT('Ctrl Pts',(25.7074122754527,-3.,-38.1373752156625));
#2487=CARTESIAN_POINT('',(25.7074122754527,-3.,-37.340347531948));
#2488=CARTESIAN_POINT('Origin',(27.1980617036712,-3.,-37.7388613738053));
#2489=CARTESIAN_POINT('Ctrl Pts',(27.1981674332594,-3.39578827641127,-36.1933127582018));
#2490=CARTESIAN_POINT('Ctrl Pts',(27.2033320495009,-3.39552070274484,-36.1933080836834));
#2491=CARTESIAN_POINT('Ctrl Pts',(27.7193220514505,-3.36878752882217,-36.1956702731434));
#2492=CARTESIAN_POINT('Ctrl Pts',(28.7403829507641,-3.31558875464324,-36.765440793288));
#2493=CARTESIAN_POINT('Ctrl Pts',(28.8524105176908,-3.23619195387448,-38.5070566254414));
#2494=CARTESIAN_POINT('Ctrl Pts',(27.4492489692773,-3.15679515310572,-39.5452966561963));
#2495=CARTESIAN_POINT('Ctrl Pts',(25.8308047174998,-3.07806450181422,-38.9348374820564));
#2496=CARTESIAN_POINT('Ctrl Pts',(25.5769300003651,-3.02579945077898,-37.8208297165017));
#2497=CARTESIAN_POINT('Ctrl Pts',(25.7047629475284,-3.,-37.3394436277094));
#2498=CARTESIAN_POINT('Origin',(27.1980617036712,-9.10421172358872,-37.7388613738053));
#2499=CARTESIAN_POINT('',(27.1993572797679,-3.89578827641127,-36.1969411059835));
#2500=CARTESIAN_POINT('',(27.1966494666468,-3.85421172358873,-36.1959667675605));
#2501=CARTESIAN_POINT('',(27.1980617036713,-9.10421172358872,-36.1958613738053));
#2502=CARTESIAN_POINT('Ctrl Pts',(27.1966494666468,-3.85421172358873,-36.1959667675605));
#2503=CARTESIAN_POINT('Ctrl Pts',(27.5859970471846,-3.83413048495501,-36.1995218213605));
#2504=CARTESIAN_POINT('Ctrl Pts',(28.494119520104,-3.78758364606504,-36.546579297211));
#2505=CARTESIAN_POINT('Ctrl Pts',(28.9911474502283,-3.71457120691882,-38.072518840031));
#2506=CARTESIAN_POINT('Ctrl Pts',(27.8899534065762,-3.63517440615006,-39.426420522599));
#2507=CARTESIAN_POINT('Ctrl Pts',(26.155228532756,-3.5557776053813,-39.2351917195327));
#2508=CARTESIAN_POINT('Ctrl Pts',(25.3753984687967,-3.47638080461255,-37.6740358137392));
#2509=CARTESIAN_POINT('Ctrl Pts',(26.127500649391,-3.40919217734835,-36.4030193962817));
#2510=CARTESIAN_POINT('Ctrl Pts',(26.9209202548252,-3.36846915034041,-36.1988493121809));
#2511=CARTESIAN_POINT('Ctrl Pts',(27.1984365673446,-3.35421172358872,-36.1983463631956));
#2512=CARTESIAN_POINT('Ctrl Pts',(27.1993572797679,-3.89578827641127,-36.1969411059835));
#2513=CARTESIAN_POINT('Ctrl Pts',(27.3574462039275,-3.8876476376157,-36.1956840189839));
#2514=CARTESIAN_POINT('Ctrl Pts',(28.0280137901864,-3.85304139856387,-36.2907644073594));
#2515=CARTESIAN_POINT('Ctrl Pts',(28.9577056039606,-3.79196955925579,-37.2591097165261));
#2516=CARTESIAN_POINT('Ctrl Pts',(28.5552710256838,-3.71257275848703,-38.9572626666181));
#2517=CARTESIAN_POINT('Ctrl Pts',(26.9101982766548,-3.63317595771827,-39.5398745468668));
#2518=CARTESIAN_POINT('Ctrl Pts',(25.5287029832287,-3.55377915694951,-38.4735207958636));
#2519=CARTESIAN_POINT('Ctrl Pts',(25.6751072171408,-3.47464992984718,-36.7403879714195));
#2520=CARTESIAN_POINT('Ctrl Pts',(26.6925020012695,-3.4219863030011,-36.1937704383582));
#2521=CARTESIAN_POINT('Ctrl Pts',(27.1981674332594,-3.39578827641127,-36.1933127582018));
#2522=CARTESIAN_POINT('Origin',(27.1980617036712,-9.10421172358872,-37.7388613738053));
#2523=CARTESIAN_POINT('',(27.1972286366746,-4.39578827641127,-36.1979174447957));
#2524=CARTESIAN_POINT('',(27.1985838878911,-4.35421172358872,-36.1935198078773));
#2525=CARTESIAN_POINT('',(27.1980617036713,-9.10421172358872,-36.1958613738053));
#2526=CARTESIAN_POINT('Ctrl Pts',(27.1985838878911,-4.35421172358873,-36.1935198078773));
#2527=CARTESIAN_POINT('Ctrl Pts',(27.2273291540685,-4.35272302008211,-36.193393452916));
#2528=CARTESIAN_POINT('Ctrl Pts',(27.7669733975491,-4.32476871631925,-36.2071495160821));
#2529=CARTESIAN_POINT('Ctrl Pts',(28.7836159790676,-4.27034881230014,-36.8374565047202));
#2530=CARTESIAN_POINT('Ctrl Pts',(28.815165492287,-4.19095201153137,-38.5823587421158));
#2531=CARTESIAN_POINT('Ctrl Pts',(27.3661319510148,-4.11155521076262,-39.554974288048));
#2532=CARTESIAN_POINT('Ctrl Pts',(25.7632162958104,-4.03215840999386,-38.8647974963573));
#2533=CARTESIAN_POINT('Ctrl Pts',(25.4740140994383,-3.9527616092251,-37.1437404641746));
#2534=CARTESIAN_POINT('Ctrl Pts',(26.4372161429088,-3.89344604709006,-36.2650425746833));
#2535=CARTESIAN_POINT('Ctrl Pts',(27.0728654811889,-3.86059608521126,-36.194836521092));
#2536=CARTESIAN_POINT('Ctrl Pts',(27.1966494666468,-3.85421172358873,-36.1959667675605));
#2537=CARTESIAN_POINT('Ctrl Pts',(27.1972286366746,-4.39578827641127,-36.1979174447957));
#2538=CARTESIAN_POINT('Ctrl Pts',(27.5087060923601,-4.37977457248655,-36.1994435579278));
#2539=CARTESIAN_POINT('Ctrl Pts',(28.3371466175312,-4.33729526830557,-36.4423889902423));
#2540=CARTESIAN_POINT('Ctrl Pts',(29.0210787360952,-4.26835036386834,-37.7947282778904));
#2541=CARTESIAN_POINT('Ctrl Pts',(28.1395805808891,-4.18895356309959,-39.3009287733211));
#2542=CARTESIAN_POINT('Ctrl Pts',(26.3960490143098,-4.10955676233082,-39.3769358615478));
#2543=CARTESIAN_POINT('Ctrl Pts',(25.3868222957788,-4.03015996156207,-37.9531592069566));
#2544=CARTESIAN_POINT('Ctrl Pts',(25.9693715182138,-3.95890379958888,-36.4992748719632));
#2545=CARTESIAN_POINT('Ctrl Pts',(26.8434916634038,-3.91411323787195,-36.1997708680451));
#2546=CARTESIAN_POINT('Ctrl Pts',(27.1993572797679,-3.89578827641127,-36.1969411059835));
#2547=CARTESIAN_POINT('Origin',(27.1980617036712,-9.10421172358872,-37.7388613738053));
#2548=CARTESIAN_POINT('',(27.1972050303197,-4.89578827641127,-36.1939020002867));
#2549=CARTESIAN_POINT('',(27.199150186042,-4.85421172358873,-36.1975134280559));
#2550=CARTESIAN_POINT('',(27.1980617036713,-9.10421172358872,-36.1958613738053));
#2551=CARTESIAN_POINT('Ctrl Pts',(27.199150186042,-4.85421172358873,-36.1975134280559));
#2552=CARTESIAN_POINT('Ctrl Pts',(27.3811233258124,-4.84484995495296,-36.196328704953));
#2553=CARTESIAN_POINT('Ctrl Pts',(28.0760962855925,-4.80902258606095,-36.3102952003765));
#2554=CARTESIAN_POINT('Ctrl Pts',(28.9779205042955,-4.74672961691269,-37.3405955711824));
#2555=CARTESIAN_POINT('Ctrl Pts',(28.4977610810296,-4.66733281614393,-39.0184294716032));
#2556=CARTESIAN_POINT('Ctrl Pts',(26.827626462341,-4.58793601537517,-39.5247199170735));
#2557=CARTESIAN_POINT('Ctrl Pts',(25.496653915806,-4.50853921460641,-38.3959188703354));
#2558=CARTESIAN_POINT('Ctrl Pts',(25.7191991889161,-4.43063111734426,-36.6979760059645));
#2559=CARTESIAN_POINT('Ctrl Pts',(26.7163068312687,-4.37918862033837,-36.1956397429809));
#2560=CARTESIAN_POINT('Ctrl Pts',(27.1985838878911,-4.35421172358873,-36.1935198078773));
#2561=CARTESIAN_POINT('Ctrl Pts',(27.1972050303197,-4.89578827641127,-36.1939020002867));
#2562=CARTESIAN_POINT('Ctrl Pts',(27.6587348374734,-4.8719015073574,-36.1969792269708));
#2563=CARTESIAN_POINT('Ctrl Pts',(28.6369977779125,-4.82154913804727,-36.6617059482311));
#2564=CARTESIAN_POINT('Ctrl Pts',(28.9250280933445,-4.74473116848089,-38.3254612095611));
#2565=CARTESIAN_POINT('Ctrl Pts',(27.6415566174972,-4.66533436771214,-39.5079923869063));
#2566=CARTESIAN_POINT('Ctrl Pts',(25.95203127899,-4.58593756694337,-39.0707474285997));
#2567=CARTESIAN_POINT('Ctrl Pts',(25.4033430738543,-4.50654076617462,-37.4140578784033));
#2568=CARTESIAN_POINT('Ctrl Pts',(26.277103383073,-4.44315766933058,-36.328912416998));
#2569=CARTESIAN_POINT('Ctrl Pts',(26.9939321293996,-4.4062401727428,-36.1969213744099));
#2570=CARTESIAN_POINT('Ctrl Pts',(27.1972286366746,-4.39578827641127,-36.1979174447957));
#2571=CARTESIAN_POINT('Origin',(27.1980617036712,-9.10421172358872,-37.7388613738053));
#2572=CARTESIAN_POINT('',(27.1994271449328,-5.39578827641127,-36.195325659777));
#2573=CARTESIAN_POINT('',(27.1969466846885,-5.35421172358873,-36.1974575835645));
#2574=CARTESIAN_POINT('',(27.1980617036713,-9.10421172358872,-36.1958613738053));
#2575=CARTESIAN_POINT('Ctrl Pts',(27.1969466846885,-5.35421172358873,-36.1974575835645));
#2576=CARTESIAN_POINT('Ctrl Pts',(27.5319251811983,-5.33697688982382,-36.1996970106241));
#2577=CARTESIAN_POINT('Ctrl Pts',(28.3846041399485,-5.29327645580265,-36.4716979542844));
#2578=CARTESIAN_POINT('Ctrl Pts',(29.0165766077292,-5.22311042152524,-37.8785629870345));
#2579=CARTESIAN_POINT('Ctrl Pts',(28.0666979752685,-5.14371362075647,-39.3426020088518));
#2580=CARTESIAN_POINT('Ctrl Pts',(26.3215157205427,-5.06431681998772,-39.3382925653443));
#2581=CARTESIAN_POINT('Ctrl Pts',(25.3788790400317,-4.98492001921896,-37.8695802847633));
#2582=CARTESIAN_POINT('Ctrl Pts',(26.0165989374389,-4.91488498708596,-36.4684742976404));
#2583=CARTESIAN_POINT('Ctrl Pts',(26.8666875859521,-4.87131555520922,-36.1996779020199));
#2584=CARTESIAN_POINT('Ctrl Pts',(27.199150186042,-4.85421172358873,-36.1975134280559));
#2585=CARTESIAN_POINT('Ctrl Pts',(27.1994271449328,-5.39578827641127,-36.195325659777));
#2586=CARTESIAN_POINT('Ctrl Pts',(27.301965608505,-5.3904940424845,-36.194382025193));
#2587=CARTESIAN_POINT('Ctrl Pts',(27.9160621631928,-5.35873420830148,-36.2504366669617));
#2588=CARTESIAN_POINT('Ctrl Pts',(28.8962035787184,-5.30050877386221,-37.0734093081733));
#2589=CARTESIAN_POINT('Ctrl Pts',(28.6779543909726,-5.22111197309344,-38.8048960418579));
#2590=CARTESIAN_POINT('Ctrl Pts',(27.1047491031856,-5.14171517232469,-39.5603456691051));
#2591=CARTESIAN_POINT('Ctrl Pts',(25.6169787109648,-5.06231837155593,-38.6480856858792));
#2592=CARTESIAN_POINT('Ctrl Pts',(25.5768119620027,-4.98292157078717,-36.9033605931685));
#2593=CARTESIAN_POINT('Ctrl Pts',(26.5865288470234,-4.92741153907228,-36.2183646686608));
#2594=CARTESIAN_POINT('Ctrl Pts',(27.1473779706268,-4.89836710761365,-36.1935697808822));
#2595=CARTESIAN_POINT('Ctrl Pts',(27.1972050303197,-4.89578827641127,-36.1939020002867));
#2596=CARTESIAN_POINT('Origin',(27.1980617036712,-9.10421172358872,-37.7388613738053));
#2597=CARTESIAN_POINT('',(27.1980826452031,-5.89578827641127,-36.1983696581798));
#2598=CARTESIAN_POINT('',(27.1975832182749,-5.85421172358873,-36.1934852158036));
#2599=CARTESIAN_POINT('',(27.1980617036713,-9.10421172358872,-36.1958613738053));
#2600=CARTESIAN_POINT('Ctrl Pts',(27.1975832182749,-5.85421172358873,-36.1934852158036));
#2601=CARTESIAN_POINT('Ctrl Pts',(27.6823608575166,-5.82910382469467,-36.1954582521559));
#2602=CARTESIAN_POINT('Ctrl Pts',(28.6816866562632,-5.77753032554435,-36.7024353675544));
#2603=CARTESIAN_POINT('Ctrl Pts',(28.8962037618629,-5.69949122613779,-38.4043135112062));
#2604=CARTESIAN_POINT('Ctrl Pts',(27.5596727108537,-5.62009442536903,-39.5265275832649));
#2605=CARTESIAN_POINT('Ctrl Pts',(25.8920588426744,-5.54069762460028,-39.0119951154158));
#2606=CARTESIAN_POINT('Ctrl Pts',(25.4201915028604,-5.46130082383151,-37.3318103376444));
#2607=CARTESIAN_POINT('Ctrl Pts',(26.3251857954218,-5.39913885682767,-36.3081336509767));
#2608=CARTESIAN_POINT('Ctrl Pts',(27.0175362927416,-5.36344249008007,-36.1962581737794));
#2609=CARTESIAN_POINT('Ctrl Pts',(27.1969466846885,-5.35421172358873,-36.1974575835645));
#2610=CARTESIAN_POINT('Ctrl Pts',(27.1980826452031,-5.89578827641127,-36.1983696581798));
#2611=CARTESIAN_POINT('Ctrl Pts',(27.4543835043198,-5.88262097735535,-36.1983386425475));
#2612=CARTESIAN_POINT('Ctrl Pts',(28.2257946042951,-5.84298807804318,-36.3803351973471));
#2613=CARTESIAN_POINT('Ctrl Pts',(29.0165764116026,-5.77688957847476,-37.5991597756429));
#2614=CARTESIAN_POINT('Ctrl Pts',(28.3014642177765,-5.697492777706,-39.1911062468552));
#2615=CARTESIAN_POINT('Ctrl Pts',(26.5761017672288,-5.61809597693723,-39.4534103281598));
#2616=CARTESIAN_POINT('Ctrl Pts',(25.4201916946036,-5.53869917616848,-38.1459123660656));
#2617=CARTESIAN_POINT('Ctrl Pts',(25.8605945443333,-5.46459660932649,-36.577763647626));
#2618=CARTESIAN_POINT('Ctrl Pts',(26.7893811580766,-5.41695964274075,-36.1990992054376));
#2619=CARTESIAN_POINT('Ctrl Pts',(27.1994271449328,-5.39578827641127,-36.195325659777));
#2620=CARTESIAN_POINT('Origin',(27.1980617036712,-9.10421172358872,-37.7388613738053));
#2621=CARTESIAN_POINT('',(27.196685665367,-6.39578827641127,-36.1954025679927));
#2622=CARTESIAN_POINT('',(27.1994733167209,-6.35421172358873,-36.1960431050528));
#2623=CARTESIAN_POINT('',(27.1980617036713,-9.10421172358872,-36.1958613738053));
#2624=CARTESIAN_POINT('Ctrl Pts',(27.1994733167209,-6.35421172358873,-36.1960431050528));
#2625=CARTESIAN_POINT('Ctrl Pts',(27.3258130030175,-6.34769635982177,-36.1948954031846));
#2626=CARTESIAN_POINT('Ctrl Pts',(27.9640578490521,-6.31471539579856,-36.2668678248209));
#2627=CARTESIAN_POINT('Ctrl Pts',(28.9250282795995,-6.2552688315191,-37.1522614747849));
#2628=CARTESIAN_POINT('Ctrl Pts',(28.6273285595287,-6.17587203075034,-38.8718703111557));
#2629=CARTESIAN_POINT('Ctrl Pts',(27.0210245991841,-6.09647522998158,-39.5541219227738));
#2630=CARTESIAN_POINT('Ctrl Pts',(25.5768117871508,-6.01707842921282,-38.5743622445506));
#2631=CARTESIAN_POINT('Ctrl Pts',(25.6169785404453,-5.93768162844406,-36.8296369636714));
#2632=CARTESIAN_POINT('Ctrl Pts',(26.6342667531223,-5.88339272656937,-36.2058637439023));
#2633=CARTESIAN_POINT('Ctrl Pts',(27.1713690271179,-5.85556942495092,-36.1933785245127));
#2634=CARTESIAN_POINT('Ctrl Pts',(27.1975832182749,-5.85421172358873,-36.1934852158036));
#2635=CARTESIAN_POINT('Ctrl Pts',(27.196685665367,-6.39578827641127,-36.1954025679927));
#2636=CARTESIAN_POINT('Ctrl Pts',(27.6042466378433,-6.3747479122262,-36.1991618468822));
#2637=CARTESIAN_POINT('Ctrl Pts',(28.5305705492558,-6.32724194778488,-36.5739409051995));
#2638=CARTESIAN_POINT('Ctrl Pts',(28.9779203123433,-6.2532703830873,-38.1371271334722));
#2639=CARTESIAN_POINT('Ctrl Pts',(27.828481602356,-6.17387358231854,-39.4503177803339));
#2640=CARTESIAN_POINT('Ctrl Pts',(26.1018447670223,-6.09447678154979,-39.1965378489443));
#2641=CARTESIAN_POINT('Ctrl Pts',(25.3788792362296,-6.01507998078103,-37.6081424769456));
#2642=CARTESIAN_POINT('Ctrl Pts',(26.1651873784845,-5.94885047906819,-36.3830040447943));
#2643=CARTESIAN_POINT('Ctrl Pts',(26.939231835484,-5.9090865776116,-36.1984009823883));
#2644=CARTESIAN_POINT('Ctrl Pts',(27.1980826452031,-5.89578827641127,-36.1983696581798));
#2645=CARTESIAN_POINT('Origin',(27.1980617036712,-9.10421172358872,-37.7388613738053));
#2646=CARTESIAN_POINT('',(27.1988813940112,-6.89578827641127,-36.1938480794665));
#2647=CARTESIAN_POINT('',(27.1976962744337,-6.85421172358873,-36.1982899996873));
#2648=CARTESIAN_POINT('',(27.1980617036713,-9.10421172358872,-36.1958613738053));
#2649=CARTESIAN_POINT('Ctrl Pts',(27.1976962744337,-6.85421172358873,-36.1982899996873));
#2650=CARTESIAN_POINT('Ctrl Pts',(27.4777303528629,-6.83982329469262,-36.1988830962625));
#2651=CARTESIAN_POINT('Ctrl Pts',(28.2736667578137,-6.79896926554026,-36.4059043401328));
#2652=CARTESIAN_POINT('Ctrl Pts',(29.0210789327885,-6.73164963613166,-37.6829944637037));
#2653=CARTESIAN_POINT('Ctrl Pts',(28.2334641196962,-6.65225283536288,-39.240345589921));
#2654=CARTESIAN_POINT('Ctrl Pts',(26.4978583604192,-6.57285603459414,-39.422971905416));
#2655=CARTESIAN_POINT('Ctrl Pts',(25.403342880282,-6.49345923382537,-38.0636649042361));
#2656=CARTESIAN_POINT('Ctrl Pts',(25.9070053551324,-6.42057779682357,-36.542924434381));
#2657=CARTESIAN_POINT('Ctrl Pts',(26.8126174618898,-6.37416196007802,-36.1995574021063));
#2658=CARTESIAN_POINT('Ctrl Pts',(27.1994733167209,-6.35421172358873,-36.1960431050528));
#2659=CARTESIAN_POINT('Ctrl Pts',(27.1988813940112,-6.89578827641127,-36.1938480794665));
#2660=CARTESIAN_POINT('Ctrl Pts',(27.2461729463291,-6.89334044735331,-36.1935437524657));
#2661=CARTESIAN_POINT('Ctrl Pts',(27.8044688935905,-6.86442701803908,-36.2169677534554));
#2662=CARTESIAN_POINT('Ctrl Pts',(28.8151653173963,-6.80904798846861,-36.8953640967064));
#2663=CARTESIAN_POINT('Ctrl Pts',(28.7836158083233,-6.72965118769986,-38.6402661455427));
#2664=CARTESIAN_POINT('Ctrl Pts',(27.3003688002895,-6.6502543869311,-39.5598626409024));
#2665=CARTESIAN_POINT('Ctrl Pts',(25.7234518447495,-6.57085758616234,-38.812191693628));
#2666=CARTESIAN_POINT('Ctrl Pts',(25.496654099265,-6.49146078539358,-37.0818039481592));
#2667=CARTESIAN_POINT('Ctrl Pts',(26.4749152619444,-6.43310434880989,-36.2521382820464));
#2668=CARTESIAN_POINT('Ctrl Pts',(27.0915964915468,-6.40121351248246,-36.1944332418321));
#2669=CARTESIAN_POINT('Ctrl Pts',(27.196685665367,-6.39578827641127,-36.1954025679927));
#2670=CARTESIAN_POINT('Origin',(27.1980617036712,-9.10421172358872,-37.7388613738053));
#2671=CARTESIAN_POINT('',(27.1989249450293,-7.39578827641127,-36.1978777471416));
#2672=CARTESIAN_POINT('',(27.1968349082793,-7.35421172358873,-36.1947025504991));
#2673=CARTESIAN_POINT('',(27.1980617036713,-9.10421172358872,-36.1958613738053));
#2674=CARTESIAN_POINT('Ctrl Pts',(27.1968349082793,-7.35421172358872,-36.1947025504991));
#2675=CARTESIAN_POINT('Ctrl Pts',(27.6275449097391,-7.33195022956347,-36.1984428332038));
#2676=CARTESIAN_POINT('Ctrl Pts',(28.5765803107554,-7.28322313528197,-36.6103781327293));
#2677=CARTESIAN_POINT('Ctrl Pts',(28.9577057971784,-7.20803044074421,-38.2186130834702));
#2678=CARTESIAN_POINT('Ctrl Pts',(27.7490543985051,-7.12863363997544,-39.4775161833538));
#2679=CARTESIAN_POINT('Ctrl Pts',(26.035924554605,-7.04923683920669,-39.1445466060253));
#2680=CARTESIAN_POINT('Ctrl Pts',(25.3868220998996,-6.96984003843793,-37.5245635174665));
#2681=CARTESIAN_POINT('Ctrl Pts',(26.213155054329,-6.90483166656528,-36.3588060649734));
#2682=CARTESIAN_POINT('Ctrl Pts',(26.9626449303092,-6.86628889494887,-36.1977921740369));
#2683=CARTESIAN_POINT('Ctrl Pts',(27.1976962744337,-6.85421172358873,-36.1982899996873));
#2684=CARTESIAN_POINT('Ctrl Pts',(27.1989249450293,-7.39578827641127,-36.1978777471416));
#2685=CARTESIAN_POINT('Ctrl Pts',(27.399662236615,-7.38546738222416,-36.1968505884));
#2686=CARTESIAN_POINT('Ctrl Pts',(28.1138723576332,-7.34868088778079,-36.3266074760857));
#2687=CARTESIAN_POINT('Ctrl Pts',(28.9911472364935,-7.28542879308117,-37.4052039508095));
#2688=CARTESIAN_POINT('Ctrl Pts',(28.4506582258869,-7.20603199231241,-39.0645746741414));
#2689=CARTESIAN_POINT('Ctrl Pts',(26.7633075060955,-7.12663519154366,-39.5101624893065));
#2690=CARTESIAN_POINT('Ctrl Pts',(25.474014288582,-7.04723839077488,-38.333982217846));
#2691=CARTESIAN_POINT('Ctrl Pts',(25.7543002526657,-6.97028941906411,-36.6659861128646));
#2692=CARTESIAN_POINT('Ctrl Pts',(26.7348630102576,-6.91980604760956,-36.1968340952793));
#2693=CARTESIAN_POINT('Ctrl Pts',(27.1988813940112,-6.89578827641127,-36.1938480794665));
#2694=CARTESIAN_POINT('Origin',(27.1980617036712,-9.10421172358872,-37.7388613738053));
#2695=CARTESIAN_POINT('',(27.1963029094423,-7.89578827641127,-36.1974147228987));
#2696=CARTESIAN_POINT('',(27.1991545220836,-7.85421172358872,-36.1944184308834));
#2697=CARTESIAN_POINT('',(27.1980617036713,-9.10421172358872,-36.1958613738053));
#2698=CARTESIAN_POINT('',(25.7074122754527,-8.,-37.340347531948));
#2699=CARTESIAN_POINT('Ctrl Pts',(25.7074122754527,-8.,-37.340347531948));
#2700=CARTESIAN_POINT('Ctrl Pts',(25.8399486306583,-7.97353439974374,-36.8445925007434));
#2701=CARTESIAN_POINT('Ctrl Pts',(26.362778347546,-7.9387971585475,-36.2931653088222));
#2702=CARTESIAN_POINT('Ctrl Pts',(27.0356362975443,-7.90405991735126,-36.1961984290091));
#2703=CARTESIAN_POINT('Ctrl Pts',(27.1963029094423,-7.89578827641127,-36.1974147228987));
#2704=CARTESIAN_POINT('',(25.7047660230285,-8.,-38.1382783118064));
#2705=CARTESIAN_POINT('Origin',(27.1980617036712,-7.99999999999999,-37.7388613738053));
#2706=CARTESIAN_POINT('Ctrl Pts',(25.7047629988573,-7.99999999999999,-38.1382793438762));
#2707=CARTESIAN_POINT('Ctrl Pts',(25.5769302008553,-7.97420054922101,-37.656893413084));
#2708=CARTESIAN_POINT('Ctrl Pts',(25.8129823278199,-7.92560445708393,-36.6210871407618));
#2709=CARTESIAN_POINT('Ctrl Pts',(26.7584027745342,-7.87700836494683,-36.1980231882475));
#2710=CARTESIAN_POINT('Ctrl Pts',(27.1991545220836,-7.85421172358872,-36.1944184308834));
#2711=CARTESIAN_POINT('Origin',(27.1980617036712,-9.10421172358872,-37.7388613738053));
#2712=CARTESIAN_POINT('Ctrl Pts',(27.1991545220836,-7.85421172358872,-36.1944184308834));
#2713=CARTESIAN_POINT('Ctrl Pts',(27.2700904121845,-7.85054276469057,-36.1938382705694));
#2714=CARTESIAN_POINT('Ctrl Pts',(27.8521290614926,-7.82040820553617,-36.2305285489783));
#2715=CARTESIAN_POINT('Ctrl Pts',(28.8524104977108,-7.76380804612553,-36.9706659449648));
#2716=CARTESIAN_POINT('Ctrl Pts',(28.7403832329885,-7.68441124535675,-38.7122821056607));
#2717=CARTESIAN_POINT('Ctrl Pts',(27.2164949764085,-7.605014444588,-39.5626392496339));
#2718=CARTESIAN_POINT('Ctrl Pts',(25.6756021529708,-7.52561764381923,-38.7431954445742));
#2719=CARTESIAN_POINT('Ctrl Pts',(25.5287027822937,-7.44622084305049,-37.0042018670328));
#2720=CARTESIAN_POINT('Ctrl Pts',(26.5228507448859,-7.38908553630698,-36.2368352455196));
#2721=CARTESIAN_POINT('Ctrl Pts',(27.1154948778736,-7.35841582981972,-36.1939961942318));
#2722=CARTESIAN_POINT('Ctrl Pts',(27.1968349082793,-7.35421172358872,-36.1947025504991));
#2723=CARTESIAN_POINT('Ctrl Pts',(27.1963029094423,-7.89578827641127,-36.1974147228987));
#2724=CARTESIAN_POINT('Ctrl Pts',(27.5496985441855,-7.87759431709501,-36.2000900326353));
#2725=CARTESIAN_POINT('Ctrl Pts',(28.4224470534283,-7.83293475752249,-36.4953079670112));
#2726=CARTESIAN_POINT('Ctrl Pts',(29.0098964621031,-7.76180959769372,-37.944557064377));
#2727=CARTESIAN_POINT('Ctrl Pts',(28.0083758503791,-7.68241279692496,-39.372781339873));
#2728=CARTESIAN_POINT('Ctrl Pts',(26.2641574984767,-7.60301599615621,-39.3056468979292));
#2729=CARTESIAN_POINT('Ctrl Pts',(25.3753987872279,-7.52361919538744,-37.8036868998805));
#2730=CARTESIAN_POINT('Ctrl Pts',(26.0538574810833,-7.4545432888058,-36.4454678824439));
#2731=CARTESIAN_POINT('Ctrl Pts',(26.884916826061,-7.41193298248041,-36.1994845048187));
#2732=CARTESIAN_POINT('Ctrl Pts',(27.1989249450293,-7.39578827641127,-36.1978777471416));
#2733=CARTESIAN_POINT('Ctrl Pts',(28.0232730026077,-8.,-38.6969775265277));
#2734=CARTESIAN_POINT('Ctrl Pts',(27.7046260463222,-7.97353439974374,-38.9714234462122));
#2735=CARTESIAN_POINT('Ctrl Pts',(26.7772695894439,-7.92060319923124,-39.1724365029851));
#2736=CARTESIAN_POINT('Ctrl Pts',(25.7633263428911,-7.84120639846248,-38.1610901554436));
#2737=CARTESIAN_POINT('Ctrl Pts',(26.0663616378641,-7.76180959769372,-36.7629825063834));
#2738=CARTESIAN_POINT('Ctrl Pts',(27.4039118336293,-7.68241279692496,-36.2584741942811));
#2739=CARTESIAN_POINT('Ctrl Pts',(28.5538128702707,-7.6030159961562,-37.1093194944995));
#2740=CARTESIAN_POINT('Ctrl Pts',(28.4620056918901,-7.52361919538745,-38.5365869184788));
#2741=CARTESIAN_POINT('Ctrl Pts',(27.2131679080628,-7.44422239461869,-39.2334609356881));
#2742=CARTESIAN_POINT('Ctrl Pts',(25.9503947549605,-7.36482559384992,-38.5619206301159));
#2743=CARTESIAN_POINT('Ctrl Pts',(25.8300096258476,-7.28542879308118,-37.1368024325779));
#2744=CARTESIAN_POINT('Ctrl Pts',(26.9621554637959,-7.2060319923124,-36.2629174985272));
#2745=CARTESIAN_POINT('Ctrl Pts',(28.3103049731343,-7.12663519154366,-36.740372324818));
#2746=CARTESIAN_POINT('Ctrl Pts',(28.6401031529518,-7.04723839077489,-38.1320214754716));
#2747=CARTESIAN_POINT('Ctrl Pts',(27.6496043236436,-6.96784159000613,-39.1637019484483));
#2748=CARTESIAN_POINT('Ctrl Pts',(26.2456816485875,-6.88844478923738,-38.8908308982008));
#2749=CARTESIAN_POINT('Ctrl Pts',(25.7137373491869,-6.80904798846861,-37.5632426833708));
#2750=CARTESIAN_POINT('Ctrl Pts',(26.5408062566782,-6.72965118769987,-36.3964469777596));
#2751=CARTESIAN_POINT('Ctrl Pts',(27.9696435237943,-6.6502543869311,-36.4587353597162));
#2752=CARTESIAN_POINT('Ctrl Pts',(28.6920379099051,-6.57085758616234,-37.6930780246003));
#2753=CARTESIAN_POINT('Ctrl Pts',(28.0465817004719,-6.49146078539358,-38.9693388794943));
#2754=CARTESIAN_POINT('Ctrl Pts',(26.6242398452511,-6.41206398462482,-39.119002506159));
#2755=CARTESIAN_POINT('Ctrl Pts',(25.72727625184,-6.33266718385607,-38.0050402877585));
#2756=CARTESIAN_POINT('Ctrl Pts',(26.1769303738395,-6.2532703830873,-36.6473707076195));
#2757=CARTESIAN_POINT('Ctrl Pts',(27.5615091301204,-6.17387358231855,-36.2890451668486));
#2758=CARTESIAN_POINT('Ctrl Pts',(28.6133236837498,-6.09447678154979,-37.2581383846211));
#2759=CARTESIAN_POINT('Ctrl Pts',(28.3693565443918,-6.01507998078103,-38.6673706422949));
#2760=CARTESIAN_POINT('Ctrl Pts',(27.0529784770841,-5.93568318001228,-39.2264809228466));
#2761=CARTESIAN_POINT('Ctrl Pts',(25.869435313885,-5.85628637924351,-38.4235605643804));
#2762=CARTESIAN_POINT('Ctrl Pts',(25.9023522675732,-5.77688957847475,-36.9937451932387));
#2763=CARTESIAN_POINT('Ctrl Pts',(27.1215913238658,-5.697492777706,-36.24614125727));
#2764=CARTESIAN_POINT('Ctrl Pts',(28.4108449213737,-5.61809597693723,-36.8652379239451));
#2765=CARTESIAN_POINT('Ctrl Pts',(28.5897017766351,-5.53869917616848,-38.2842043600292));
#2766=CARTESIAN_POINT('Ctrl Pts',(27.4944046191491,-5.45930237539972,-39.203867155958));
#2767=CARTESIAN_POINT('Ctrl Pts',(26.1277826254272,-5.37990557463096,-38.7822039637382));
#2768=CARTESIAN_POINT('Ctrl Pts',(25.741083823616,-5.3005087738622,-37.4052800159145));
#2769=CARTESIAN_POINT('Ctrl Pts',(26.6883608453096,-5.22111197309345,-36.3337755756166));
#2770=CARTESIAN_POINT('Ctrl Pts',(28.1023083851775,-5.14171517232468,-36.5487357483851));
#2771=CARTESIAN_POINT('Ctrl Pts',(28.688348220963,-5.06231837155593,-37.8533478870447));
#2772=CARTESIAN_POINT('Ctrl Pts',(27.9099156022032,-4.98292157078716,-39.0531387769266));
#2773=CARTESIAN_POINT('Ctrl Pts',(26.4797257375882,-4.90352477001841,-39.049607155854));
#2774=CARTESIAN_POINT('Ctrl Pts',(25.7072279524255,-4.82412796924965,-37.8459864955852));
#2775=CARTESIAN_POINT('Ctrl Pts',(26.2997036570786,-4.74473116848089,-36.5442845095104));
#2776=CARTESIAN_POINT('Ctrl Pts',(27.7146955648928,-4.66533436771214,-36.3363099418835));
#2777=CARTESIAN_POINT('Ctrl Pts',(28.6566692560947,-4.58593756694338,-37.4124795802754));
#2778=CARTESIAN_POINT('Ctrl Pts',(28.2631750300935,-4.50654076617462,-38.7874769665891));
#2779=CARTESIAN_POINT('Ctrl Pts',(26.8944872625422,-4.42714396540586,-39.2023857600416));
#2780=CARTESIAN_POINT('Ctrl Pts',(25.8037453409003,-4.3477471646371,-38.2773248892702));
#2781=CARTESIAN_POINT('Ctrl Pts',(25.989607803607,-4.26835036386834,-36.8592590822684));
#2782=CARTESIAN_POINT('Ctrl Pts',(27.281903141,-4.18895356309959,-36.2465371025832));
#2783=CARTESIAN_POINT('Ctrl Pts',(28.4974352495161,-4.10955676233082,-37.0001533654073));
#2784=CARTESIAN_POINT('Ctrl Pts',(28.5232903107384,-4.03015996156206,-38.4301137537332));
#2785=CARTESIAN_POINT('Ctrl Pts',(27.3357965239991,-3.95076316079331,-39.2271794425414));
#2786=CARTESIAN_POINT('Ctrl Pts',(26.022195198007,-3.87136636002455,-38.6615744178539));
#2787=CARTESIAN_POINT('Ctrl Pts',(25.785191842652,-3.79196955925578,-37.2511553529187));
#2788=CARTESIAN_POINT('Ctrl Pts',(26.841777364992,-3.71257275848704,-36.2872667535944));
#2789=CARTESIAN_POINT('Ctrl Pts',(28.2245739909016,-3.63317595771827,-36.6524293229396));
#2790=CARTESIAN_POINT('Ctrl Pts',(28.6675088368672,-3.55377915694952,-38.0122961541309));
#2791=CARTESIAN_POINT('Ctrl Pts',(27.7650721108801,-3.47438235618075,-39.121828673643));
#2792=CARTESIAN_POINT('Ctrl Pts',(26.3434521478564,-3.39498555541199,-38.9651152442993));
#2793=CARTESIAN_POINT('Ctrl Pts',(25.7043755983576,-3.31558875464324,-37.6857363441854));
#2794=CARTESIAN_POINT('Ctrl Pts',(26.432720342465,-3.23619195387447,-36.4548688487637));
#2795=CARTESIAN_POINT('Ctrl Pts',(27.8621199447967,-3.15679515310573,-36.3998516166725));
#2796=CARTESIAN_POINT('Ctrl Pts',(28.6828744972462,-3.07739835233695,-37.5702921866312));
#2797=CARTESIAN_POINT('Ctrl Pts',(28.145466170215,-2.99800155156821,-38.8960854127406));
#2798=CARTESIAN_POINT('Ctrl Pts',(26.737954240527,-2.91860475079944,-39.1603059829118));
#2799=CARTESIAN_POINT('Ctrl Pts',(26.0850779183019,-2.86567355028694,-38.4717213802775));
#2800=CARTESIAN_POINT('Ctrl Pts',(25.9764633874157,-2.83920795003069,-38.0654464373363));
#2801=CARTESIAN_POINT('Ctrl Pts',(28.0838559330819,-8.05359734998977,-38.7673176737619));
#2802=CARTESIAN_POINT('Ctrl Pts',(27.7418154939111,-8.02713174973351,-39.0619120549285));
#2803=CARTESIAN_POINT('Ctrl Pts',(26.7463771144703,-7.974200549221,-39.2776824957297));
#2804=CARTESIAN_POINT('Ctrl Pts',(25.6579951716831,-7.89480374845225,-38.19208810343));
#2805=CARTESIAN_POINT('Ctrl Pts',(25.9832778186135,-7.81540694768349,-36.6913383085247));
#2806=CARTESIAN_POINT('Ctrl Pts',(27.4190243316373,-7.73601014691473,-36.1497914924233));
#2807=CARTESIAN_POINT('Ctrl Pts',(28.6533454127508,-7.65661334614597,-37.0631016446546));
#2808=CARTESIAN_POINT('Ctrl Pts',(28.5547982055895,-7.57721654537722,-38.5951519808728));
#2809=CARTESIAN_POINT('Ctrl Pts',(27.2142769308447,-7.49781974460845,-39.3431870403367));
#2810=CARTESIAN_POINT('Ctrl Pts',(25.8587972209639,-7.4184229438397,-38.6223455682687));
#2811=CARTESIAN_POINT('Ctrl Pts',(25.7295740113296,-7.33902614307095,-37.0926022440629));
#2812=CARTESIAN_POINT('Ctrl Pts',(26.9448363949135,-7.25962934230217,-36.1545610020819));
#2813=CARTESIAN_POINT('Ctrl Pts',(28.3919603706684,-7.18023254153343,-36.6670681993025));
#2814=CARTESIAN_POINT('Ctrl Pts',(28.7459707010273,-7.10083574076466,-38.1608853448045));
#2815=CARTESIAN_POINT('Ctrl Pts',(27.6827543485974,-7.0214389399959,-39.2683066934168));
#2816=CARTESIAN_POINT('Ctrl Pts',(26.1757626172599,-6.94204213922715,-38.9754028008089));
#2817=CARTESIAN_POINT('Ctrl Pts',(25.6047655994245,-6.86264533845838,-37.5503496280694));
#2818=CARTESIAN_POINT('Ctrl Pts',(26.4925538138187,-6.78324853768963,-36.2978935549841));
#2819=CARTESIAN_POINT('Ctrl Pts',(28.0262892432893,-6.70385173692087,-36.3647548417451));
#2820=CARTESIAN_POINT('Ctrl Pts',(28.8017182508662,-6.62445493615212,-37.6897168376347));
#2821=CARTESIAN_POINT('Ctrl Pts',(28.1088758402134,-6.54505813538335,-39.0596744496366));
#2822=CARTESIAN_POINT('Ctrl Pts',(26.5821126836405,-6.4656613346146,-39.2203256392447));
#2823=CARTESIAN_POINT('Ctrl Pts',(25.6192984613206,-6.38626453384583,-38.0245818265843));
#2824=CARTESIAN_POINT('Ctrl Pts',(26.1019639640971,-6.30686773307708,-36.5672388635355));
#2825=CARTESIAN_POINT('Ctrl Pts',(27.5881916418552,-6.22747093230831,-36.1826068345335));
#2826=CARTESIAN_POINT('Ctrl Pts',(28.7172252156998,-6.14807413153957,-37.2228460813424));
#2827=CARTESIAN_POINT('Ctrl Pts',(28.4553472161041,-6.06867733077079,-38.7355371985819));
#2828=CARTESIAN_POINT('Ctrl Pts',(27.0423271844508,-5.98928053000205,-39.335694589489));
#2829=CARTESIAN_POINT('Ctrl Pts',(25.7718941383069,-5.90988372923328,-38.4738277911038));
#2830=CARTESIAN_POINT('Ctrl Pts',(25.8072276918639,-5.83048692846453,-36.9390424500496));
#2831=CARTESIAN_POINT('Ctrl Pts',(27.1159772469512,-5.75109012769576,-36.1365531321994));
#2832=CARTESIAN_POINT('Ctrl Pts',(28.4998814644421,-5.67169332692701,-36.8011008128904));
#2833=CARTESIAN_POINT('Ctrl Pts',(28.6918691050444,-5.59229652615825,-38.3242407437549));
#2834=CARTESIAN_POINT('Ctrl Pts',(27.5161606497173,-5.51289972538949,-39.3114206317269));
#2835=CARTESIAN_POINT('Ctrl Pts',(26.0492080311763,-5.43350292462073,-38.8588010142974));
#2836=CARTESIAN_POINT('Ctrl Pts',(25.6341197166975,-5.35410612385197,-37.3807901231578));
#2837=CARTESIAN_POINT('Ctrl Pts',(26.6509411302566,-5.27470932308321,-36.2306211285899));
#2838=CARTESIAN_POINT('Ctrl Pts',(28.1686937023779,-5.19531252231446,-36.4613626136337));
#2839=CARTESIAN_POINT('Ctrl Pts',(28.7977576832184,-5.11591572154569,-37.8617529203746));
#2840=CARTESIAN_POINT('Ctrl Pts',(27.962176393225,-5.03651892077695,-39.1496265209017));
#2841=CARTESIAN_POINT('Ctrl Pts',(26.4269890652397,-4.95712212000817,-39.1458356256841));
#2842=CARTESIAN_POINT('Ctrl Pts',(25.5977783149609,-4.87772531923943,-37.8538510919779));
#2843=CARTESIAN_POINT('Ctrl Pts',(26.2337506543171,-4.79832851847066,-36.4565845868252));
#2844=CARTESIAN_POINT('Ctrl Pts',(27.7526242667117,-4.71893171770191,-36.2333415554883));
#2845=CARTESIAN_POINT('Ctrl Pts',(28.763753005495,-4.63953491693314,-37.388518243911));
#2846=CARTESIAN_POINT('Ctrl Pts',(28.3413703804055,-4.56013811616439,-38.8644611349271));
#2847=CARTESIAN_POINT('Ctrl Pts',(26.8722003291418,-4.48074131539562,-39.3098304790523));
#2848=CARTESIAN_POINT('Ctrl Pts',(25.7013815325355,-4.40134451462687,-38.3168562162919));
#2849=CARTESIAN_POINT('Ctrl Pts',(25.9008890976184,-4.32194771385811,-36.7946830342407));
#2850=CARTESIAN_POINT('Ctrl Pts',(27.2880583644865,-4.24255091308936,-36.136978038517));
#2851=CARTESIAN_POINT('Ctrl Pts',(28.5928288260333,-4.16315411232059,-36.9459210785116));
#2852=CARTESIAN_POINT('Ctrl Pts',(28.6205820379212,-4.08375731155184,-38.480862083194));
#2853=CARTESIAN_POINT('Ctrl Pts',(27.3459083330043,-4.00436051078307,-39.3364443910437));
#2854=CARTESIAN_POINT('Ctrl Pts',(25.9358688972748,-3.92496371001432,-38.7293154440217));
#2855=CARTESIAN_POINT('Ctrl Pts',(25.6814659282474,-3.84556690924556,-37.215350390004));
#2856=CARTESIAN_POINT('Ctrl Pts',(26.8156207317188,-3.7661701084768,-36.1806978589776));
#2857=CARTESIAN_POINT('Ctrl Pts',(28.2999354439117,-3.68677330770804,-36.5726688573627));
#2858=CARTESIAN_POINT('Ctrl Pts',(28.7753883746542,-3.60737650693929,-38.0323703827642));
#2859=CARTESIAN_POINT('Ctrl Pts',(27.8066992094454,-3.52797970617052,-39.2233592899617));
#2860=CARTESIAN_POINT('Ctrl Pts',(26.2807109428229,-3.44858290540177,-39.0551407360438));
#2861=CARTESIAN_POINT('Ctrl Pts',(25.5947165551706,-3.36918610463301,-37.68183616737));
#2862=CARTESIAN_POINT('Ctrl Pts',(26.3765327665863,-3.28978930386425,-36.3606044706896));
#2863=CARTESIAN_POINT('Ctrl Pts',(27.9108718151416,-3.21039250309549,-36.3015481456401));
#2864=CARTESIAN_POINT('Ctrl Pts',(28.7918821057899,-3.13099570232673,-37.5579166709786));
#2865=CARTESIAN_POINT('Ctrl Pts',(28.2150199184508,-3.05159890155797,-38.9810430758073));
#2866=CARTESIAN_POINT('Ctrl Pts',(26.7041754271658,-2.97220210078922,-39.2646614128936));
#2867=CARTESIAN_POINT('Ctrl Pts',(26.003368155754,-2.91927090027671,-38.5255243358073));
#2868=CARTESIAN_POINT('Ctrl Pts',(25.886779683428,-2.89280530002046,-38.0894226967784));
#2869=CARTESIAN_POINT('Ctrl Pts',(28.1444388635561,-8.10719469997954,-38.8376578209962));
#2870=CARTESIAN_POINT('Ctrl Pts',(27.7790049414999,-8.08072909972328,-39.1524006636448));
#2871=CARTESIAN_POINT('Ctrl Pts',(26.7154846394967,-8.02779789921078,-39.3829284884743));
#2872=CARTESIAN_POINT('Ctrl Pts',(25.5526640004752,-7.94840109844202,-38.2230860514163));
#2873=CARTESIAN_POINT('Ctrl Pts',(25.9001939993628,-7.86900429767326,-36.619694110666));
#2874=CARTESIAN_POINT('Ctrl Pts',(27.4341368296453,-7.7896074969045,-36.0411087905655));
#2875=CARTESIAN_POINT('Ctrl Pts',(28.7528779552308,-7.71021069613574,-37.0168837948097));
#2876=CARTESIAN_POINT('Ctrl Pts',(28.647590719289,-7.63081389536698,-38.6537170432668));
#2877=CARTESIAN_POINT('Ctrl Pts',(27.2153859536266,-7.55141709459823,-39.4529131449853));
#2878=CARTESIAN_POINT('Ctrl Pts',(25.7671996869674,-7.47202029382946,-38.6827705064214));
#2879=CARTESIAN_POINT('Ctrl Pts',(25.6291383968117,-7.39262349306071,-37.0484020555478));
#2880=CARTESIAN_POINT('Ctrl Pts',(26.9275173260311,-7.31322669229195,-36.0462045056367));
#2881=CARTESIAN_POINT('Ctrl Pts',(28.4736157682024,-7.23382989152319,-36.5937640737871));
#2882=CARTESIAN_POINT('Ctrl Pts',(28.8518382491029,-7.15443309075444,-38.1897492141373));
#2883=CARTESIAN_POINT('Ctrl Pts',(27.7159043735513,-7.07503628998567,-39.3729114383853));
#2884=CARTESIAN_POINT('Ctrl Pts',(26.1058435859324,-6.99563948921692,-39.0599747034171));
#2885=CARTESIAN_POINT('Ctrl Pts',(25.495793849662,-6.91624268844816,-37.537456572768));
#2886=CARTESIAN_POINT('Ctrl Pts',(26.4443013709592,-6.8368458876794,-36.1993401322086));
#2887=CARTESIAN_POINT('Ctrl Pts',(28.0829349627843,-6.75744908691064,-36.2707743237738));
#2888=CARTESIAN_POINT('Ctrl Pts',(28.9113985918274,-6.67805228614189,-37.6863556506692));
#2889=CARTESIAN_POINT('Ctrl Pts',(28.1711699799548,-6.59865548537311,-39.1500100197788));
#2890=CARTESIAN_POINT('Ctrl Pts',(26.5399855220298,-6.51925868460436,-39.3216487723304));
#2891=CARTESIAN_POINT('Ctrl Pts',(25.5113206708014,-6.43986188383561,-38.0441233654102));
#2892=CARTESIAN_POINT('Ctrl Pts',(26.0269975543545,-6.36046508306684,-36.4871070194515));
#2893=CARTESIAN_POINT('Ctrl Pts',(27.6148741535901,-6.28106828229809,-36.0761685022184));
#2894=CARTESIAN_POINT('Ctrl Pts',(28.8211267476496,-6.20167148152933,-37.1875537780637));
#2895=CARTESIAN_POINT('Ctrl Pts',(28.5413378878164,-6.12227468076057,-38.8037037548687));
#2896=CARTESIAN_POINT('Ctrl Pts',(27.0316758918175,-6.04287787999182,-39.4449082561315));
#2897=CARTESIAN_POINT('Ctrl Pts',(25.6743529627288,-5.96348107922305,-38.5240950178272));
#2898=CARTESIAN_POINT('Ctrl Pts',(25.7121031161546,-5.8840842784543,-36.8843397068605));
#2899=CARTESIAN_POINT('Ctrl Pts',(27.1103631700365,-5.80468747768553,-36.0269650071289));
#2900=CARTESIAN_POINT('Ctrl Pts',(28.5889180075106,-5.72529067691678,-36.7369637018357));
#2901=CARTESIAN_POINT('Ctrl Pts',(28.7940364334536,-5.64589387614802,-38.3642771274805));
#2902=CARTESIAN_POINT('Ctrl Pts',(27.5379166802855,-5.56649707537926,-39.4189741074959));
#2903=CARTESIAN_POINT('Ctrl Pts',(25.9706334369253,-5.48710027461051,-38.9353980648566));
#2904=CARTESIAN_POINT('Ctrl Pts',(25.527155609779,-5.40770347384174,-37.3563002304011));
#2905=CARTESIAN_POINT('Ctrl Pts',(26.6135214152035,-5.32830667307299,-36.1274666815633));
#2906=CARTESIAN_POINT('Ctrl Pts',(28.2350790195782,-5.24890987230423,-36.3739894788823));
#2907=CARTESIAN_POINT('Ctrl Pts',(28.9071671454739,-5.16951307153547,-37.8701579537045));
#2908=CARTESIAN_POINT('Ctrl Pts',(28.0144371842467,-5.09011627076671,-39.2461142648768));
#2909=CARTESIAN_POINT('Ctrl Pts',(26.3742523928912,-5.01071946999795,-39.2420640955142));
#2910=CARTESIAN_POINT('Ctrl Pts',(25.4883286774963,-4.93132266922919,-37.8617156883706));
#2911=CARTESIAN_POINT('Ctrl Pts',(26.1677976515555,-4.85192586846043,-36.3688846641401));
#2912=CARTESIAN_POINT('Ctrl Pts',(27.7905529685307,-4.77252906769167,-36.130373169093));
#2913=CARTESIAN_POINT('Ctrl Pts',(28.8708367548953,-4.69313226692292,-37.3645569075467));
#2914=CARTESIAN_POINT('Ctrl Pts',(28.4195657307175,-4.61373546615415,-38.9414453032651));
#2915=CARTESIAN_POINT('Ctrl Pts',(26.8499133957414,-4.5343386653854,-39.4172751980629));
#2916=CARTESIAN_POINT('Ctrl Pts',(25.5990177241707,-4.45494186461664,-38.3563875433136));
#2917=CARTESIAN_POINT('Ctrl Pts',(25.8121703916298,-4.37554506384789,-36.7301069862131));
#2918=CARTESIAN_POINT('Ctrl Pts',(27.294213587973,-4.29614826307912,-36.0274189744507));
#2919=CARTESIAN_POINT('Ctrl Pts',(28.6882224025505,-4.21675146231037,-36.891688791616));
#2920=CARTESIAN_POINT('Ctrl Pts',(28.7178737651041,-4.1373546615416,-38.5316104126549));
#2921=CARTESIAN_POINT('Ctrl Pts',(27.3560201420096,-4.05795786077285,-39.4457093395459));
#2922=CARTESIAN_POINT('Ctrl Pts',(25.8495425965426,-3.97856106000408,-38.7970564701894));
#2923=CARTESIAN_POINT('Ctrl Pts',(25.5777400138428,-3.89916425923533,-37.1795454270893));
#2924=CARTESIAN_POINT('Ctrl Pts',(26.7894640984455,-3.81976745846657,-36.0741289643608));
#2925=CARTESIAN_POINT('Ctrl Pts',(28.3752968969217,-3.74037065769781,-36.4929083917858));
#2926=CARTESIAN_POINT('Ctrl Pts',(28.8832679124413,-3.66097385692905,-38.0524446113976));
#2927=CARTESIAN_POINT('Ctrl Pts',(27.8483263080108,-3.5815770561603,-39.3248899062803));
#2928=CARTESIAN_POINT('Ctrl Pts',(26.2179697377895,-3.50218025539154,-39.1451662277883));
#2929=CARTESIAN_POINT('Ctrl Pts',(25.4850575119837,-3.42278345462278,-37.6779359905546));
#2930=CARTESIAN_POINT('Ctrl Pts',(26.3203451907075,-3.34338665385402,-36.2663400926155));
#2931=CARTESIAN_POINT('Ctrl Pts',(27.9596236854865,-3.26398985308526,-36.2032446746077));
#2932=CARTESIAN_POINT('Ctrl Pts',(28.9008897143337,-3.1845930523165,-37.5455411553261));
#2933=CARTESIAN_POINT('Ctrl Pts',(28.2845736666866,-3.10519625154774,-39.0660007388739));
#2934=CARTESIAN_POINT('Ctrl Pts',(26.6703966138046,-3.02579945077898,-39.3690168428755));
#2935=CARTESIAN_POINT('Ctrl Pts',(25.9216583932062,-2.97286825026648,-38.5793272913372));
#2936=CARTESIAN_POINT('Ctrl Pts',(25.7970959794404,-2.94640265001023,-38.1133989562204));
#2937=CARTESIAN_POINT('Ctrl Pts',(28.2050217940302,-8.16079204996931,-38.9079979682305));
#2938=CARTESIAN_POINT('Ctrl Pts',(27.8161943890888,-8.13432644971305,-39.2428892723611));
#2939=CARTESIAN_POINT('Ctrl Pts',(26.6845921645231,-8.08139524920055,-39.4881744812189));
#2940=CARTESIAN_POINT('Ctrl Pts',(25.4473328292673,-8.00199844843178,-38.2540839994027));
#2941=CARTESIAN_POINT('Ctrl Pts',(25.8171101801122,-7.92260164766305,-36.5480499128073));
#2942=CARTESIAN_POINT('Ctrl Pts',(27.4492493276532,-7.84320484689426,-35.9324260887077));
#2943=CARTESIAN_POINT('Ctrl Pts',(28.8524104977108,-7.76380804612553,-36.9706659449648));
#2944=CARTESIAN_POINT('Ctrl Pts',(28.7403832329885,-7.68441124535675,-38.7122821056607));
#2945=CARTESIAN_POINT('Ctrl Pts',(27.2164949764085,-7.605014444588,-39.5626392496339));
#2946=CARTESIAN_POINT('Ctrl Pts',(25.6756021529708,-7.52561764381923,-38.7431954445742));
#2947=CARTESIAN_POINT('Ctrl Pts',(25.5287027822937,-7.44622084305049,-37.0042018670328));
#2948=CARTESIAN_POINT('Ctrl Pts',(26.9101982571487,-7.36682404228172,-35.9378480091915));
#2949=CARTESIAN_POINT('Ctrl Pts',(28.5552711657365,-7.28742724151296,-36.5204599482716));
#2950=CARTESIAN_POINT('Ctrl Pts',(28.9577057971784,-7.20803044074421,-38.2186130834702));
#2951=CARTESIAN_POINT('Ctrl Pts',(27.7490543985051,-7.12863363997544,-39.4775161833538));
#2952=CARTESIAN_POINT('Ctrl Pts',(26.035924554605,-7.04923683920669,-39.1445466060253));
#2953=CARTESIAN_POINT('Ctrl Pts',(25.3868220998996,-6.96984003843793,-37.5245635174665));
#2954=CARTESIAN_POINT('Ctrl Pts',(26.3960489280997,-6.89044323766917,-36.1007867094332));
#2955=CARTESIAN_POINT('Ctrl Pts',(28.1395806822793,-6.81104643690041,-36.1767938058027));
#2956=CARTESIAN_POINT('Ctrl Pts',(29.0210789327885,-6.73164963613166,-37.6829944637037));
#2957=CARTESIAN_POINT('Ctrl Pts',(28.2334641196962,-6.65225283536288,-39.240345589921));
#2958=CARTESIAN_POINT('Ctrl Pts',(26.4978583604192,-6.57285603459414,-39.422971905416));
#2959=CARTESIAN_POINT('Ctrl Pts',(25.403342880282,-6.49345923382537,-38.0636649042361));
#2960=CARTESIAN_POINT('Ctrl Pts',(25.952031144612,-6.41406243305662,-36.4069751753674));
#2961=CARTESIAN_POINT('Ctrl Pts',(27.6415566653249,-6.33466563228786,-35.9697301699033));
#2962=CARTESIAN_POINT('Ctrl Pts',(28.9250282795995,-6.2552688315191,-37.1522614747849));
#2963=CARTESIAN_POINT('Ctrl Pts',(28.6273285595287,-6.17587203075034,-38.8718703111557));
#2964=CARTESIAN_POINT('Ctrl Pts',(27.0210245991841,-6.09647522998158,-39.5541219227738));
#2965=CARTESIAN_POINT('Ctrl Pts',(25.5768117871508,-6.01707842921282,-38.5743622445506));
#2966=CARTESIAN_POINT('Ctrl Pts',(25.6169785404453,-5.93768162844406,-36.8296369636714));
#2967=CARTESIAN_POINT('Ctrl Pts',(27.1047490931218,-5.85828482767531,-35.9173768820584));
#2968=CARTESIAN_POINT('Ctrl Pts',(28.677954550579,-5.77888802690655,-36.672826590781));
#2969=CARTESIAN_POINT('Ctrl Pts',(28.8962037618629,-5.69949122613779,-38.4043135112062));
#2970=CARTESIAN_POINT('Ctrl Pts',(27.5596727108537,-5.62009442536903,-39.5265275832649));
#2971=CARTESIAN_POINT('Ctrl Pts',(25.8920588426744,-5.54069762460028,-39.0119951154158));
#2972=CARTESIAN_POINT('Ctrl Pts',(25.4201915028604,-5.46130082383151,-37.3318103376444));
#2973=CARTESIAN_POINT('Ctrl Pts',(26.5761017001505,-5.38190402306276,-36.0243122345366));
#2974=CARTESIAN_POINT('Ctrl Pts',(28.3014643367785,-5.30250722229399,-36.2866163441309));
#2975=CARTESIAN_POINT('Ctrl Pts',(29.0165766077292,-5.22311042152524,-37.8785629870345));
#2976=CARTESIAN_POINT('Ctrl Pts',(28.0666979752685,-5.14371362075647,-39.3426020088518));
#2977=CARTESIAN_POINT('Ctrl Pts',(26.3215157205427,-5.06431681998772,-39.3382925653443));
#2978=CARTESIAN_POINT('Ctrl Pts',(25.3788790400317,-4.98492001921896,-37.8695802847633));
#2979=CARTESIAN_POINT('Ctrl Pts',(26.1018446487939,-4.9055232184502,-36.281184741455));
#2980=CARTESIAN_POINT('Ctrl Pts',(27.8284816703497,-4.82612641768144,-36.0274047826979));
#2981=CARTESIAN_POINT('Ctrl Pts',(28.9779205042955,-4.74672961691269,-37.3405955711824));
#2982=CARTESIAN_POINT('Ctrl Pts',(28.4977610810296,-4.66733281614393,-39.0184294716032));
#2983=CARTESIAN_POINT('Ctrl Pts',(26.827626462341,-4.58793601537517,-39.5247199170735));
#2984=CARTESIAN_POINT('Ctrl Pts',(25.496653915806,-4.50853921460641,-38.3959188703354));
#2985=CARTESIAN_POINT('Ctrl Pts',(25.7234516856411,-4.42914241383765,-36.6655309381854));
#2986=CARTESIAN_POINT('Ctrl Pts',(27.3003688114595,-4.34974561306889,-35.9178599103844));
#2987=CARTESIAN_POINT('Ctrl Pts',(28.7836159790676,-4.27034881230014,-36.8374565047202));
#2988=CARTESIAN_POINT('Ctrl Pts',(28.815165492287,-4.19095201153137,-38.5823587421158));
#2989=CARTESIAN_POINT('Ctrl Pts',(27.3661319510148,-4.11155521076262,-39.554974288048));
#2990=CARTESIAN_POINT('Ctrl Pts',(25.7632162958104,-4.03215840999386,-38.8647974963573));
#2991=CARTESIAN_POINT('Ctrl Pts',(25.4740140994383,-3.9527616092251,-37.1437404641746));
#2992=CARTESIAN_POINT('Ctrl Pts',(26.7633074651722,-3.87336480845634,-35.9675600697441));
#2993=CARTESIAN_POINT('Ctrl Pts',(28.4506583499318,-3.79396800768758,-36.4131479262088));
#2994=CARTESIAN_POINT('Ctrl Pts',(28.9911474502283,-3.71457120691882,-38.072518840031));
#2995=CARTESIAN_POINT('Ctrl Pts',(27.8899534065762,-3.63517440615006,-39.426420522599));
#2996=CARTESIAN_POINT('Ctrl Pts',(26.155228532756,-3.5557776053813,-39.2351917195327));
#2997=CARTESIAN_POINT('Ctrl Pts',(25.3753984687967,-3.47638080461255,-37.6740358137392));
#2998=CARTESIAN_POINT('Ctrl Pts',(26.2641576148288,-3.39698400384379,-36.1720757145414));
#2999=CARTESIAN_POINT('Ctrl Pts',(28.0083755558314,-3.31758720307503,-36.1049412035753));
#3000=CARTESIAN_POINT('Ctrl Pts',(29.0098973228774,-3.23819040230627,-37.5331656396735));
#3001=CARTESIAN_POINT('Ctrl Pts',(28.3541274149223,-3.15879360153751,-39.1509584019406));
#3002=CARTESIAN_POINT('Ctrl Pts',(26.6366178004435,-3.07939680076875,-39.4733722728573));
#3003=CARTESIAN_POINT('Ctrl Pts',(25.8399486306583,-3.02646560025625,-38.633130246867));
#3004=CARTESIAN_POINT('Ctrl Pts',(25.7074122754527,-3.,-38.1373752156625));
#3005=CARTESIAN_POINT('Ctrl Pts',(25.7074122754527,-3.,-38.1373752156625));
#3006=CARTESIAN_POINT('Ctrl Pts',(25.728594853529,-3.,-38.1953467993538));
#3007=CARTESIAN_POINT('Ctrl Pts',(25.7534901291541,-3.,-38.2517978815392));
#3008=CARTESIAN_POINT('Ctrl Pts',(25.7818114921496,-3.,-38.306508236432));
#3009=CARTESIAN_POINT('Ctrl Pts',(25.8089901450655,-3.,-38.359011138456));
#3010=CARTESIAN_POINT('Ctrl Pts',(25.8393251125096,-3.,-38.4099113724043));
#3011=CARTESIAN_POINT('Ctrl Pts',(25.8725980699083,-2.99999999999999,-38.458981870897));
#3012=CARTESIAN_POINT('Ctrl Pts',(25.8806621381121,-2.99999999999999,-38.4708746474212));
#3013=CARTESIAN_POINT('Ctrl Pts',(25.8888947983563,-2.99999999999999,-38.4826536017341));
#3014=CARTESIAN_POINT('Ctrl Pts',(25.8972883490405,-2.99999999999999,-38.4943098885962));
#3015=CARTESIAN_POINT('Ctrl Pts',(25.9324559164521,-3.,-38.543147772517));
#3016=CARTESIAN_POINT('Ctrl Pts',(25.9704676805565,-3.,-38.5898685983336));
#3017=CARTESIAN_POINT('Ctrl Pts',(26.0110790091234,-3.,-38.6342417285459));
#3018=CARTESIAN_POINT('Ctrl Pts',(26.0372277114733,-3.,-38.6628125686341));
#3019=CARTESIAN_POINT('Ctrl Pts',(26.0644548781543,-3.,-38.6904093442484));
#3020=CARTESIAN_POINT('Ctrl Pts',(26.0927009277579,-3.,-38.7169605358441));
#3021=CARTESIAN_POINT('Ctrl Pts',(26.104434919637,-3.,-38.7279904487323));
#3022=CARTESIAN_POINT('Ctrl Pts',(26.1163491185108,-3.,-38.7388434306481));
#3023=CARTESIAN_POINT('Ctrl Pts',(26.1284149875686,-3.,-38.7494929914291));
#3024=CARTESIAN_POINT('Ctrl Pts',(26.174071409653,-3.,-38.7897902000014));
#3025=CARTESIAN_POINT('Ctrl Pts',(26.2219487712452,-3.,-38.8272309537309));
#3026=CARTESIAN_POINT('Ctrl Pts',(26.2717900612993,-3.,-38.8615799379243));
#3027=CARTESIAN_POINT('Ctrl Pts',(26.3187302863624,-3.,-38.8939296031712));
#3028=CARTESIAN_POINT('Ctrl Pts',(26.3674135467061,-3.,-38.9235370640179));
#3029=CARTESIAN_POINT('Ctrl Pts',(26.4176438258611,-3.,-38.950159530388));
#3030=CARTESIAN_POINT('Ctrl Pts',(26.4458025111734,-3.,-38.9650838681653));
#3031=CARTESIAN_POINT('Ctrl Pts',(26.4744476199528,-3.,-38.9790692778789));
#3032=CARTESIAN_POINT('Ctrl Pts',(26.5035456524346,-3.,-38.9920658334378));
#3033=CARTESIAN_POINT('Ctrl Pts',(26.5292327932223,-3.,-39.0035389236753));
#3034=CARTESIAN_POINT('Ctrl Pts',(26.5552729246002,-3.,-39.0142413385594));
#3035=CARTESIAN_POINT('Ctrl Pts',(26.5816429765479,-3.,-39.0241350564518));
#3036=CARTESIAN_POINT('Ctrl Pts',(26.5907753081508,-3.,-39.0275613945098));
#3037=CARTESIAN_POINT('Ctrl Pts',(26.5999431903215,-2.99999999999999,-39.0308891423466));
#3038=CARTESIAN_POINT('Ctrl Pts',(26.609137998934,-2.99999999999999,-39.0341144128021));
#3039=CARTESIAN_POINT('Ctrl Pts',(26.6605649090821,-2.99999999999999,-39.0521534716788));
#3040=CARTESIAN_POINT('Ctrl Pts',(26.7129046874889,-3.,-39.0670176163024));
#3041=CARTESIAN_POINT('Ctrl Pts',(26.7659792302034,-3.,-39.0784992241846));
#3042=CARTESIAN_POINT('Ctrl Pts',(26.8212180248239,-3.,-39.0904490243577));
#3043=CARTESIAN_POINT('Ctrl Pts',(26.8772538267189,-3.,-39.0987348510494));
#3044=CARTESIAN_POINT('Ctrl Pts',(26.9337497803694,-3.,-39.1034491193514));
#3045=CARTESIAN_POINT('Ctrl Pts',(26.9821923535705,-3.,-39.107491378532));
#3046=CARTESIAN_POINT('Ctrl Pts',(27.0309736979887,-3.,-39.1089066714352));
#3047=CARTESIAN_POINT('Ctrl Pts',(27.0798725505697,-3.,-39.107724052533));
#3048=CARTESIAN_POINT('Ctrl Pts',(27.0902116729952,-3.,-39.1074740008249));
#3049=CARTESIAN_POINT('Ctrl Pts',(27.100556001071,-3.,-39.1071077166175));
#3050=CARTESIAN_POINT('Ctrl Pts',(27.1109033577374,-3.,-39.1066253343779));
#3051=CARTESIAN_POINT('Ctrl Pts',(27.1207093474704,-3.,-39.1061681900617));
#3052=CARTESIAN_POINT('Ctrl Pts',(27.1305132716747,-3.,-39.1056069451864));
#3053=CARTESIAN_POINT('Ctrl Pts',(27.1403053546784,-3.,-39.1049426832402));
#3054=CARTESIAN_POINT('Ctrl Pts',(27.1956934728984,-3.,-39.1011853397631));
#3055=CARTESIAN_POINT('Ctrl Pts',(27.2507818415282,-3.,-39.0941326523889));
#3056=CARTESIAN_POINT('Ctrl Pts',(27.3052552174105,-3.,-39.083884320452));
#3057=CARTESIAN_POINT('Ctrl Pts',(27.359401527171,-3.,-39.073697521));
#3058=CARTESIAN_POINT('Ctrl Pts',(27.4129412963336,-3.,-39.0603528278324));
#3059=CARTESIAN_POINT('Ctrl Pts',(27.4655443647627,-3.,-39.0439015839039));
#3060=CARTESIAN_POINT('Ctrl Pts',(27.4926476327976,-3.,-39.0354252252615));
#3061=CARTESIAN_POINT('Ctrl Pts',(27.5195017956264,-3.,-39.0261234480502));
#3062=CARTESIAN_POINT('Ctrl Pts',(27.5460581222536,-3.,-39.0159990603044));
#3063=CARTESIAN_POINT('Ctrl Pts',(27.5630347736933,-3.,-39.009526847328));
#3064=CARTESIAN_POINT('Ctrl Pts',(27.5798896557519,-3.,-39.0027184060974));
#3065=CARTESIAN_POINT('Ctrl Pts',(27.5966093713333,-3.,-38.995573916233));
#3066=CARTESIAN_POINT('Ctrl Pts',(27.6058621565933,-3.,-38.9916201150942));
#3067=CARTESIAN_POINT('Ctrl Pts',(27.6150758314132,-3.,-38.9875623421213));
#3068=CARTESIAN_POINT('Ctrl Pts',(27.624240545171,-3.,-38.9834039953305));
#3069=CARTESIAN_POINT('Ctrl Pts',(27.6727730638938,-3.,-38.9613831173396));
#3070=CARTESIAN_POINT('Ctrl Pts',(27.7197926807567,-3.,-38.9366116247476));
#3071=CARTESIAN_POINT('Ctrl Pts',(27.7650054975341,-3.,-38.9091521053054));
#3072=CARTESIAN_POINT('Ctrl Pts',(27.8086092927719,-3.,-38.8826698078414));
#3073=CARTESIAN_POINT('Ctrl Pts',(27.850533254317,-3.,-38.8536867959424));
#3074=CARTESIAN_POINT('Ctrl Pts',(27.8904808486484,-3.,-38.8222256151161));
#3075=CARTESIAN_POINT('Ctrl Pts',(27.9299020945468,-3.,-38.7911789659658));
#3076=CARTESIAN_POINT('Ctrl Pts',(27.9673993683167,-3.,-38.7577186163735));
#3077=CARTESIAN_POINT('Ctrl Pts',(28.0026453400072,-3.,-38.721840075235));
#3078=CARTESIAN_POINT('Ctrl Pts',(28.0100807165346,-3.,-38.7142712538967));
#3079=CARTESIAN_POINT('Ctrl Pts',(28.0174157300146,-3.,-38.7065947322323));
#3080=CARTESIAN_POINT('Ctrl Pts',(28.0246491801131,-3.,-38.6988129585751));
#3081=CARTESIAN_POINT('Ctrl Pts',(28.0232730026077,-8.,-38.6969775265277));
#3082=CARTESIAN_POINT('Ctrl Pts',(27.9888397012249,-8.,-38.7338492627528));
#3083=CARTESIAN_POINT('Ctrl Pts',(27.9521671003728,-8.,-38.7683391748485));
#3084=CARTESIAN_POINT('Ctrl Pts',(27.9135753584493,-8.,-38.8004470449375));
#3085=CARTESIAN_POINT('Ctrl Pts',(27.8732430585096,-8.,-38.8340030385855));
#3086=CARTESIAN_POINT('Ctrl Pts',(27.8308141446622,-8.,-38.8649578937996));
#3087=CARTESIAN_POINT('Ctrl Pts',(27.7866043252365,-8.,-38.8932832210194));
#3088=CARTESIAN_POINT('Ctrl Pts',(27.7505979165226,-8.,-38.9163526051986));
#3089=CARTESIAN_POINT('Ctrl Pts',(27.7134090411055,-8.,-38.9376773483903));
#3090=CARTESIAN_POINT('Ctrl Pts',(27.6751893497013,-8.,-38.9572249446032));
#3091=CARTESIAN_POINT('Ctrl Pts',(27.6570506571359,-8.,-38.9665020430064));
#3092=CARTESIAN_POINT('Ctrl Pts',(27.638679575545,-8.,-38.9753786223158));
#3093=CARTESIAN_POINT('Ctrl Pts',(27.6200913260421,-8.,-38.9838498143627));
#3094=CARTESIAN_POINT('Ctrl Pts',(27.6109772313656,-8.,-38.9880033655794));
#3095=CARTESIAN_POINT('Ctrl Pts',(27.6018190088639,-8.,-38.9920557286343));
#3096=CARTESIAN_POINT('Ctrl Pts',(27.592622004882,-8.,-38.9960054240003));
#3097=CARTESIAN_POINT('Ctrl Pts',(27.5425363013714,-8.,-39.0175149581323));
#3098=CARTESIAN_POINT('Ctrl Pts',(27.4912735537015,-8.,-39.0359961923509));
#3099=CARTESIAN_POINT('Ctrl Pts',(27.4391650186578,-8.,-39.0514215410125));
#3100=CARTESIAN_POINT('Ctrl Pts',(27.3862578221901,-8.,-39.0670833121894));
#3101=CARTESIAN_POINT('Ctrl Pts',(27.33247776993,-7.99999999999999,-39.0795953762484));
#3102=CARTESIAN_POINT('Ctrl Pts',(27.278137987955,-7.99999999999999,-39.0888879326602));
#3103=CARTESIAN_POINT('Ctrl Pts',(27.23866296996,-7.99999999999999,-39.0956384903225));
#3104=CARTESIAN_POINT('Ctrl Pts',(27.1988918010737,-7.99999999999999,-39.1006892025857));
#3105=CARTESIAN_POINT('Ctrl Pts',(27.1589381435043,-7.99999999999999,-39.1039974532789));
#3106=CARTESIAN_POINT('Ctrl Pts',(27.1468415567729,-7.99999999999999,-39.1049990772571));
#3107=CARTESIAN_POINT('Ctrl Pts',(27.1347282197095,-8.,-39.1058408755736));
#3108=CARTESIAN_POINT('Ctrl Pts',(27.122601243942,-8.,-39.1065213990463));
#3109=CARTESIAN_POINT('Ctrl Pts',(27.1128568968296,-8.,-39.1070682177307));
#3110=CARTESIAN_POINT('Ctrl Pts',(27.1031056971429,-8.,-39.1075107128659));
#3111=CARTESIAN_POINT('Ctrl Pts',(27.0933608999438,-8.,-39.1078480456129));
#3112=CARTESIAN_POINT('Ctrl Pts',(27.0365457650245,-8.,-39.1098147982445));
#3113=CARTESIAN_POINT('Ctrl Pts',(26.9798415788515,-8.,-39.1082171119993));
#3114=CARTESIAN_POINT('Ctrl Pts',(26.9235817883739,-8.,-39.1029983078358));
#3115=CARTESIAN_POINT('Ctrl Pts',(26.8825070703145,-8.,-39.0991881103963));
#3116=CARTESIAN_POINT('Ctrl Pts',(26.8416685008881,-7.99999999999999,-39.0934468761651));
#3117=CARTESIAN_POINT('Ctrl Pts',(26.8011904103637,-7.99999999999999,-39.0857358389271));
#3118=CARTESIAN_POINT('Ctrl Pts',(26.7471504417903,-7.99999999999999,-39.0754412769897));
#3119=CARTESIAN_POINT('Ctrl Pts',(26.693752305549,-7.99999999999999,-39.0616380127726));
#3120=CARTESIAN_POINT('Ctrl Pts',(26.6411976964318,-7.99999999999999,-39.044553094086));
#3121=CARTESIAN_POINT('Ctrl Pts',(26.6260984664001,-7.99999999999999,-39.039644502401));
#3122=CARTESIAN_POINT('Ctrl Pts',(26.6110689036843,-7.99999999999999,-39.0344647016204));
#3123=CARTESIAN_POINT('Ctrl Pts',(26.5961139290391,-7.99999999999999,-39.0290183115293));
#3124=CARTESIAN_POINT('Ctrl Pts',(26.5865630990096,-7.99999999999999,-39.0255400344162));
#3125=CARTESIAN_POINT('Ctrl Pts',(26.5770427750781,-7.99999999999999,-39.0219529376259));
#3126=CARTESIAN_POINT('Ctrl Pts',(26.5675675832745,-7.99999999999999,-39.0182636868739));
#3127=CARTESIAN_POINT('Ctrl Pts',(26.5147664314355,-7.99999999999999,-38.9977050857213));
#3128=CARTESIAN_POINT('Ctrl Pts',(26.4632621824699,-7.99999999999999,-38.9739414501708));
#3129=CARTESIAN_POINT('Ctrl Pts',(26.413260469782,-7.99999999999999,-38.9472609149579));
#3130=CARTESIAN_POINT('Ctrl Pts',(26.362053814054,-7.99999999999999,-38.9199374312642));
#3131=CARTESIAN_POINT('Ctrl Pts',(26.3124220898016,-7.99999999999999,-38.8895544212081));
#3132=CARTESIAN_POINT('Ctrl Pts',(26.2645918185556,-7.99999999999999,-38.8563657538049));
#3133=CARTESIAN_POINT('Ctrl Pts',(26.2342994314694,-7.99999999999999,-38.835346346353));
#3134=CARTESIAN_POINT('Ctrl Pts',(26.2047297759719,-7.99999999999999,-38.8132004678308));
#3135=CARTESIAN_POINT('Ctrl Pts',(26.1759440939063,-7.99999999999999,-38.7899825601584));
#3136=CARTESIAN_POINT('Ctrl Pts',(26.1536365337313,-7.99999999999999,-38.7719897652905));
#3137=CARTESIAN_POINT('Ctrl Pts',(26.1317998390254,-7.99999999999999,-38.7533529990506));
#3138=CARTESIAN_POINT('Ctrl Pts',(26.1104643526738,-7.99999999999999,-38.7340947976687));
#3139=CARTESIAN_POINT('Ctrl Pts',(26.1020973696322,-7.99999999999999,-38.7265424484174));
#3140=CARTESIAN_POINT('Ctrl Pts',(26.0938141306856,-7.99999999999999,-38.7189004738393));
#3141=CARTESIAN_POINT('Ctrl Pts',(26.08561795107,-7.99999999999999,-38.7111723386765));
#3142=CARTESIAN_POINT('Ctrl Pts',(26.0456957176011,-7.99999999999999,-38.6735298722208));
#3143=CARTESIAN_POINT('Ctrl Pts',(26.0078240959489,-7.99999999999999,-38.6338335052971));
#3144=CARTESIAN_POINT('Ctrl Pts',(25.972189222773,-7.99999999999999,-38.5922784581772));
#3145=CARTESIAN_POINT('Ctrl Pts',(25.9451989976144,-7.99999999999999,-38.5608042314356));
#3146=CARTESIAN_POINT('Ctrl Pts',(25.919492078185,-7.99999999999999,-38.5282629629213));
#3147=CARTESIAN_POINT('Ctrl Pts',(25.8951566356925,-7.99999999999999,-38.4947280884808));
#3148=CARTESIAN_POINT('Ctrl Pts',(25.8868478272741,-7.99999999999999,-38.4832783337805));
#3149=CARTESIAN_POINT('Ctrl Pts',(25.878698037808,-8.,-38.4717113189337));
#3150=CARTESIAN_POINT('Ctrl Pts',(25.8707138968566,-8.,-38.4600339895019));
#3151=CARTESIAN_POINT('Ctrl Pts',(25.8363152434933,-8.,-38.4097237044282));
#3152=CARTESIAN_POINT('Ctrl Pts',(25.8050777127786,-7.99999999999999,-38.3575002946408));
#3153=CARTESIAN_POINT('Ctrl Pts',(25.7772597559065,-7.99999999999999,-38.303611013738));
#3154=CARTESIAN_POINT('Ctrl Pts',(25.7555417872694,-7.99999999999999,-38.2615387034707));
#3155=CARTESIAN_POINT('Ctrl Pts',(25.7359084423862,-7.99999999999999,-38.2184499979907));
#3156=CARTESIAN_POINT('Ctrl Pts',(25.7184988450315,-7.99999999999999,-38.1744473842151));
#3157=CARTESIAN_POINT('Ctrl Pts',(25.7137553552094,-7.99999999999999,-38.1624582527988));
#3158=CARTESIAN_POINT('Ctrl Pts',(25.7091770461956,-7.99999999999999,-38.1504012110021));
#3159=CARTESIAN_POINT('Ctrl Pts',(25.7047629988573,-7.99999999999999,-38.1382793438761));
#3160=CARTESIAN_POINT('Ctrl Pts',(27.1970563357043,-7.19341967361941,-36.4734117094691));
#3161=CARTESIAN_POINT('Ctrl Pts',(27.1303975745585,-7.19762377985041,-36.4728328452436));
#3162=CARTESIAN_POINT('Ctrl Pts',(27.0638226077414,-7.20182788608141,-36.4776451908979));
#3163=CARTESIAN_POINT('Ctrl Pts',(26.9981560756942,-7.20603199231241,-36.4881407919174));
#3164=CARTESIAN_POINT('Ctrl Pts',(26.5847735178131,-7.23249759256866,-36.5542124765441));
#3165=CARTESIAN_POINT('Ctrl Pts',(26.2073915718303,-7.25896319282492,-36.845507454561));
#3166=CARTESIAN_POINT('Ctrl Pts',(26.0387647870244,-7.28542879308117,-37.2286746431591));
#3167=CARTESIAN_POINT('Ctrl Pts',(25.8701380022185,-7.31189439333743,-37.6118418317572));
#3168=CARTESIAN_POINT('Ctrl Pts',(25.9102663785895,-7.33835999359368,-38.0868812309366));
#3169=CARTESIAN_POINT('Ctrl Pts',(26.1407927589587,-7.36482559384993,-38.4363243147883));
#3170=CARTESIAN_POINT('Ctrl Pts',(26.3713191393279,-7.39129119410618,-38.78576739864));
#3171=CARTESIAN_POINT('Ctrl Pts',(26.7922435236954,-7.41775679436243,-39.009614167164));
#3172=CARTESIAN_POINT('Ctrl Pts',(27.210845346517,-7.44422239461869,-39.0053918818912));
#3173=CARTESIAN_POINT('Ctrl Pts',(27.6294471693386,-7.47068799487494,-39.0011695966183));
#3174=CARTESIAN_POINT('Ctrl Pts',(28.0457264306143,-7.49715359513119,-38.7688782575486));
#3175=CARTESIAN_POINT('Ctrl Pts',(28.269167257649,-7.52361919538745,-38.4148546840171));
#3176=CARTESIAN_POINT('Ctrl Pts',(28.4926080846836,-7.5500847956437,-38.0608311104857));
#3177=CARTESIAN_POINT('Ctrl Pts',(28.5232104774772,-7.57655039589995,-37.5850753024926));
#3178=CARTESIAN_POINT('Ctrl Pts',(28.3468615011004,-7.6030159961562,-37.2053898484596));
#3179=CARTESIAN_POINT('Ctrl Pts',(28.1705125247236,-7.62948159641246,-36.8257043944267));
#3180=CARTESIAN_POINT('Ctrl Pts',(27.7872121791764,-7.65594719666871,-36.5420892943539));
#3181=CARTESIAN_POINT('Ctrl Pts',(27.3726369737753,-7.68241279692496,-36.4843664630012));
#3182=CARTESIAN_POINT('Ctrl Pts',(27.3151639002731,-7.68608175582311,-36.4763642754949));
#3183=CARTESIAN_POINT('Ctrl Pts',(27.2570897671288,-7.68975071472126,-36.4727034256253));
#3184=CARTESIAN_POINT('Ctrl Pts',(27.198957276505,-7.69341967361941,-36.4731788713265));
#3185=CARTESIAN_POINT('Ctrl Pts',(25.7074122754527,-8.,-37.340347531948));
#3186=CARTESIAN_POINT('Ctrl Pts',(25.8399486306583,-7.97353439974374,-36.8445925007434));
#3187=CARTESIAN_POINT('Ctrl Pts',(26.6366153671485,-7.92060319923124,-36.0043500906241));
#3188=CARTESIAN_POINT('Ctrl Pts',(28.3541284641884,-7.84120639846248,-36.3267646808538));
#3189=CARTESIAN_POINT('Ctrl Pts',(29.0098964621031,-7.76180959769372,-37.944557064377));
#3190=CARTESIAN_POINT('Ctrl Pts',(28.0083758503791,-7.68241279692496,-39.372781339873));
#3191=CARTESIAN_POINT('Ctrl Pts',(26.2641574984767,-7.60301599615621,-39.3056468979292));
#3192=CARTESIAN_POINT('Ctrl Pts',(25.3753987872279,-7.52361919538744,-37.8036868998805));
#3193=CARTESIAN_POINT('Ctrl Pts',(26.1552285775499,-7.44422239461868,-36.2425312080577));
#3194=CARTESIAN_POINT('Ctrl Pts',(27.8899533692061,-7.36482559384993,-36.0513023951343));
#3195=CARTESIAN_POINT('Ctrl Pts',(28.9911472364935,-7.28542879308117,-37.4052039508095));
#3196=CARTESIAN_POINT('Ctrl Pts',(28.4506582258869,-7.20603199231241,-39.0645746741414));
#3197=CARTESIAN_POINT('Ctrl Pts',(26.7633075060955,-7.12663519154366,-39.5101624893065));
#3198=CARTESIAN_POINT('Ctrl Pts',(25.474014288582,-7.04723839077488,-38.333982217846));
#3199=CARTESIAN_POINT('Ctrl Pts',(25.7632164488431,-6.96784159000615,-36.6129253734737));
#3200=CARTESIAN_POINT('Ctrl Pts',(27.3661319338032,-6.88844478923737,-35.9227486549929));
#3201=CARTESIAN_POINT('Ctrl Pts',(28.8151653173963,-6.80904798846861,-36.8953640967064));
#3202=CARTESIAN_POINT('Ctrl Pts',(28.7836158083233,-6.72965118769986,-38.6402661455427));
#3203=CARTESIAN_POINT('Ctrl Pts',(27.3003688002895,-6.6502543869311,-39.5598626409024));
#3204=CARTESIAN_POINT('Ctrl Pts',(25.7234518447495,-6.57085758616234,-38.812191693628));
#3205=CARTESIAN_POINT('Ctrl Pts',(25.496654099265,-6.49146078539358,-37.0818039481592));
#3206=CARTESIAN_POINT('Ctrl Pts',(26.8276265023123,-6.41206398462483,-35.9530030231307));
#3207=CARTESIAN_POINT('Ctrl Pts',(28.4977609408467,-6.33266718385606,-36.4592934140146));
#3208=CARTESIAN_POINT('Ctrl Pts',(28.9779203123433,-6.2532703830873,-38.1371271334722));
#3209=CARTESIAN_POINT('Ctrl Pts',(27.828481602356,-6.17387358231854,-39.4503177803339));
#3210=CARTESIAN_POINT('Ctrl Pts',(26.1018447670223,-6.09447678154979,-39.1965378489443));
#3211=CARTESIAN_POINT('Ctrl Pts',(25.3788792362296,-6.01507998078103,-37.6081424769456));
#3212=CARTESIAN_POINT('Ctrl Pts',(26.3215158150786,-5.93568318001227,-36.1394303547644));
#3213=CARTESIAN_POINT('Ctrl Pts',(28.066697881586,-5.85628637924351,-36.1351209117222));
#3214=CARTESIAN_POINT('Ctrl Pts',(29.0165764116026,-5.77688957847476,-37.5991597756429));
#3215=CARTESIAN_POINT('Ctrl Pts',(28.3014642177765,-5.697492777706,-39.1911062468552));
#3216=CARTESIAN_POINT('Ctrl Pts',(26.5761017672288,-5.61809597693723,-39.4534103281598));
#3217=CARTESIAN_POINT('Ctrl Pts',(25.4201916946036,-5.53869917616848,-38.1459123660656));
#3218=CARTESIAN_POINT('Ctrl Pts',(25.8920589835268,-5.45930237539972,-36.465727769502));
#3219=CARTESIAN_POINT('Ctrl Pts',(27.5596726718541,-5.37990557463096,-35.9511953571454));
#3220=CARTESIAN_POINT('Ctrl Pts',(28.8962035787184,-5.30050877386221,-37.0734093081733));
#3221=CARTESIAN_POINT('Ctrl Pts',(28.6779543909726,-5.22111197309344,-38.8048960418579));
#3222=CARTESIAN_POINT('Ctrl Pts',(27.1047491031856,-5.14171517232469,-39.5603456691051));
#3223=CARTESIAN_POINT('Ctrl Pts',(25.6169787109648,-5.06231837155593,-38.6480856858792));
#3224=CARTESIAN_POINT('Ctrl Pts',(25.5768119620027,-4.98292157078717,-36.9033605931685));
#3225=CARTESIAN_POINT('Ctrl Pts',(27.0210246182772,-4.90352477001841,-35.9236010206125));
#3226=CARTESIAN_POINT('Ctrl Pts',(28.6273284053833,-4.82412796924965,-36.6058525586498));
#3227=CARTESIAN_POINT('Ctrl Pts',(28.9250280933445,-4.74473116848089,-38.3254612095611));
#3228=CARTESIAN_POINT('Ctrl Pts',(27.6415566174972,-4.66533436771214,-39.5079923869063));
#3229=CARTESIAN_POINT('Ctrl Pts',(25.95203127899,-4.58593756694337,-39.0707474285997));
#3230=CARTESIAN_POINT('Ctrl Pts',(25.4033430738543,-4.50654076617462,-37.4140578784033));
#3231=CARTESIAN_POINT('Ctrl Pts',(26.4978584359135,-4.42714396540586,-36.0547510238278));
#3232=CARTESIAN_POINT('Ctrl Pts',(28.233464008071,-4.3477471646371,-36.2373773196203));
#3233=CARTESIAN_POINT('Ctrl Pts',(29.0210787360952,-4.26835036386834,-37.7947282778904));
#3234=CARTESIAN_POINT('Ctrl Pts',(28.1395805808891,-4.18895356309959,-39.3009287733211));
#3235=CARTESIAN_POINT('Ctrl Pts',(26.3960490143098,-4.10955676233082,-39.3769358615478));
#3236=CARTESIAN_POINT('Ctrl Pts',(25.3868222957788,-4.03015996156207,-37.9531592069566));
#3237=CARTESIAN_POINT('Ctrl Pts',(26.0359246789394,-3.9507631607933,-36.3331762933423));
#3238=CARTESIAN_POINT('Ctrl Pts',(27.749054340942,-3.87136636002455,-36.0002067514553));
#3239=CARTESIAN_POINT('Ctrl Pts',(28.9577056039606,-3.79196955925579,-37.2591097165261));
#3240=CARTESIAN_POINT('Ctrl Pts',(28.5552710256838,-3.71257275848703,-38.9572626666181));
#3241=CARTESIAN_POINT('Ctrl Pts',(26.9101982766548,-3.63317595771827,-39.5398745468668));
#3242=CARTESIAN_POINT('Ctrl Pts',(25.5287029832287,-3.55377915694951,-38.4735207958636));
#3243=CARTESIAN_POINT('Ctrl Pts',(25.6756022796996,-3.47438235618075,-36.7345274225272));
#3244=CARTESIAN_POINT('Ctrl Pts',(27.2164950408114,-3.39498555541199,-35.9150836719063));
#3245=CARTESIAN_POINT('Ctrl Pts',(28.7403829507641,-3.31558875464324,-36.765440793288));
#3246=CARTESIAN_POINT('Ctrl Pts',(28.8524105176908,-3.23619195387448,-38.5070566254414));
#3247=CARTESIAN_POINT('Ctrl Pts',(27.4492489692773,-3.15679515310572,-39.5452966561963));
#3248=CARTESIAN_POINT('Ctrl Pts',(25.8171108666981,-3.07739835233696,-38.9296723138141));
#3249=CARTESIAN_POINT('Ctrl Pts',(25.4473321512736,-2.9980015515682,-37.2236396163275));
#3250=CARTESIAN_POINT('Ctrl Pts',(26.6845939583563,-2.91860475079944,-35.9895465780069));
#3251=CARTESIAN_POINT('Ctrl Pts',(27.8161943890889,-2.86567355028694,-36.2348334752494));
#3252=CARTESIAN_POINT('Ctrl Pts',(28.2050217940303,-2.83920795003068,-36.5697247793801));
#3253=CARTESIAN_POINT('Ctrl Pts',(25.7970959794404,-8.05359734998977,-37.36432379139));
#3254=CARTESIAN_POINT('Ctrl Pts',(25.9216583932062,-8.02713174973351,-36.8983954562733));
#3255=CARTESIAN_POINT('Ctrl Pts',(26.6703943269068,-7.97420054922101,-36.1087055437168));
#3256=CARTESIAN_POINT('Ctrl Pts',(28.2845746528244,-7.89480374845225,-36.4117223237544));
#3257=CARTESIAN_POINT('Ctrl Pts',(28.9008889053472,-7.81540694768349,-37.9321815513453));
#3258=CARTESIAN_POINT('Ctrl Pts',(27.9596239623129,-7.73601014691473,-39.2744778811238));
#3259=CARTESIAN_POINT('Ctrl Pts',(26.3203450813556,-7.65661334614597,-39.2113825279857));
#3260=CARTESIAN_POINT('Ctrl Pts',(25.4850578112568,-7.57721654537722,-37.7997867251101));
#3261=CARTESIAN_POINT('Ctrl Pts',(26.2179697798884,-7.49781974460846,-36.3325566889738));
#3262=CARTESIAN_POINT('Ctrl Pts',(27.848326272889,-7.4184229438397,-36.1528330012176));
#3263=CARTESIAN_POINT('Ctrl Pts',(28.8832677115657,-7.33902614307094,-37.425278176842));
#3264=CARTESIAN_POINT('Ctrl Pts',(28.37529678034,-7.25962934230218,-38.9848142174242));
#3265=CARTESIAN_POINT('Ctrl Pts',(26.7894641369066,-7.18023254153342,-39.4035936060343));
#3266=CARTESIAN_POINT('Ctrl Pts',(25.577740191607,-7.10083574076466,-38.2981772588774));
#3267=CARTESIAN_POINT('Ctrl Pts',(25.8495427403681,-7.02143893999591,-36.6806663922882));
#3268=CARTESIAN_POINT('Ctrl Pts',(27.3560201258335,-6.94204213922714,-36.0320135917371));
#3269=CARTESIAN_POINT('Ctrl Pts',(28.7178736007356,-6.86264533845839,-36.9461124206796));
#3270=CARTESIAN_POINT('Ctrl Pts',(28.6882222420788,-6.78324853768963,-38.5860338645038));
#3271=CARTESIAN_POINT('Ctrl Pts',(27.294213577475,-6.70385173692086,-39.4503035886478));
#3272=CARTESIAN_POINT('Ctrl Pts',(25.8121705411655,-6.62445493615211,-38.7476156525672));
#3273=CARTESIAN_POINT('Ctrl Pts',(25.5990178965921,-6.54505813538335,-37.1213352709163));
#3274=CARTESIAN_POINT('Ctrl Pts',(26.8499134333079,-6.46566133461459,-36.0604477305541));
#3275=CARTESIAN_POINT('Ctrl Pts',(28.4195655989687,-6.38626453384584,-36.5362775740495));
#3276=CARTESIAN_POINT('Ctrl Pts',(28.8708365744916,-6.30686773307707,-38.1131657996923));
#3277=CARTESIAN_POINT('Ctrl Pts',(27.7905529046278,-6.22747093230832,-39.3473494050437));
#3278=CARTESIAN_POINT('Ctrl Pts',(26.1677977626707,-6.14807413153956,-39.1088379357177));
#3279=CARTESIAN_POINT('Ctrl Pts',(25.4883288618901,-6.06867733077079,-37.6160070724901));
#3280=CARTESIAN_POINT('Ctrl Pts',(26.3742524817395,-5.98928053000204,-36.2356588142163));
#3281=CARTESIAN_POINT('Ctrl Pts',(28.0144370962006,-5.90988372923328,-36.2316086452911));
#3282=CARTESIAN_POINT('Ctrl Pts',(28.9071669611471,-5.83048692846453,-37.6075648080664));
#3283=CARTESIAN_POINT('Ctrl Pts',(28.2350789077358,-5.75109012769576,-39.1037331215269));
#3284=CARTESIAN_POINT('Ctrl Pts',(26.6135214782461,-5.67169332692701,-39.3502558922585));
#3285=CARTESIAN_POINT('Ctrl Pts',(25.527155789986,-5.59229652615825,-38.1214224759501));
#3286=CARTESIAN_POINT('Ctrl Pts',(25.9706335693035,-5.51289972538949,-36.5423248118002));
#3287=CARTESIAN_POINT('Ctrl Pts',(27.5379166436323,-5.43350292462073,-36.0587488213147));
#3288=CARTESIAN_POINT('Ctrl Pts',(28.7940362613279,-5.35410612385197,-37.1134456875811));
#3289=CARTESIAN_POINT('Ctrl Pts',(28.5889178575067,-5.27470932308322,-38.7407589377203));
#3290=CARTESIAN_POINT('Ctrl Pts',(27.1103631794948,-5.19531252231446,-39.4507575558537));
#3291=CARTESIAN_POINT('Ctrl Pts',(25.712103276415,-5.1159157215457,-38.5933829485898));
#3292=CARTESIAN_POINT('Ctrl Pts',(25.674353127061,-5.03651892077694,-36.9536278144706));
#3293=CARTESIAN_POINT('Ctrl Pts',(27.0316759097618,-4.95712212000818,-36.0328146754761));
#3294=CARTESIAN_POINT('Ctrl Pts',(28.541337742945,-4.87772531923942,-36.6740191075849));
#3295=CARTESIAN_POINT('Ctrl Pts',(28.8211265726006,-4.79832851847067,-38.2901689100886));
#3296=CARTESIAN_POINT('Ctrl Pts',(27.6148741086398,-4.7189317177019,-39.4015540660706));
#3297=CARTESIAN_POINT('Ctrl Pts',(26.0269976806478,-4.63953491693315,-38.9906155931579));
#3298=CARTESIAN_POINT('Ctrl Pts',(25.5113208527274,-4.56013811616438,-37.4335994151217));
#3299=CARTESIAN_POINT('Ctrl Pts',(26.5399855929821,-4.48074131539563,-36.1560741459856));
#3300=CARTESIAN_POINT('Ctrl Pts',(28.1711698750455,-4.40134451462687,-36.3277128800201));
#3301=CARTESIAN_POINT('Ctrl Pts',(28.911398406968,-4.32194771385811,-37.7913670912869));
#3302=CARTESIAN_POINT('Ctrl Pts',(28.0829348674942,-4.24255091308935,-39.2069482654868));
#3303=CARTESIAN_POINT('Ctrl Pts',(26.4443014519826,-4.1631541123206,-39.2783824493991));
#3304=CARTESIAN_POINT('Ctrl Pts',(25.4957940337563,-4.08375731155183,-37.9402661530502));
#3305=CARTESIAN_POINT('Ctrl Pts',(26.1058437027864,-4.00436051078308,-36.4177481868202));
#3306=CARTESIAN_POINT('Ctrl Pts',(27.7159043194514,-3.92496371001432,-36.1048114851611));
#3307=CARTESIAN_POINT('Ctrl Pts',(28.8518380675098,-3.84556690924556,-37.2879735827072));
#3308=CARTESIAN_POINT('Ctrl Pts',(28.4736156365759,-3.7661701084768,-38.8839585490877));
#3309=CARTESIAN_POINT('Ctrl Pts',(26.9275173443636,-3.68677330770804,-39.4315180619462));
#3310=CARTESIAN_POINT('Ctrl Pts',(25.6291385856576,-3.60737650693928,-38.4293206124453));
#3311=CARTESIAN_POINT('Ctrl Pts',(25.7671998060716,-3.52797970617053,-36.7949523534909));
#3312=CARTESIAN_POINT('Ctrl Pts',(27.2153860141548,-3.44858290540176,-36.0248097660905));
#3313=CARTESIAN_POINT('Ctrl Pts',(28.6475904540444,-3.36918610463301,-36.8240058465768));
#3314=CARTESIAN_POINT('Ctrl Pts',(28.7528779740088,-3.28978930386425,-38.4608387862579));
#3315=CARTESIAN_POINT('Ctrl Pts',(27.4341364928307,-3.21039250309549,-39.4366139545013));
#3316=CARTESIAN_POINT('Ctrl Pts',(25.9001946446409,-3.13099570232673,-38.8580281473003));
#3317=CARTESIAN_POINT('Ctrl Pts',(25.5526633632724,-3.05159890155797,-37.2546375120841));
#3318=CARTESIAN_POINT('Ctrl Pts',(26.7154863254054,-2.97220210078921,-36.0947926723318));
#3319=CARTESIAN_POINT('Ctrl Pts',(27.7790049415,-2.91927090027671,-36.3253220839658));
#3320=CARTESIAN_POINT('Ctrl Pts',(28.1444388635561,-2.89280530002045,-36.6400649266144));
#3321=CARTESIAN_POINT('Ctrl Pts',(25.886779683428,-8.10719469997954,-37.3883000508321));
#3322=CARTESIAN_POINT('Ctrl Pts',(26.0033681557541,-8.08072909972328,-36.9521984118031));
#3323=CARTESIAN_POINT('Ctrl Pts',(26.7041732866652,-8.02779789921078,-36.2130609968094));
#3324=CARTESIAN_POINT('Ctrl Pts',(28.2150208414604,-7.94840109844202,-36.4966799666551));
#3325=CARTESIAN_POINT('Ctrl Pts',(28.7918813485912,-7.86900429767326,-37.9198060383134));
#3326=CARTESIAN_POINT('Ctrl Pts',(27.9108720742468,-7.78960749690451,-39.1761744223747));
#3327=CARTESIAN_POINT('Ctrl Pts',(26.3765326642346,-7.71021069613574,-39.1171181580422));
#3328=CARTESIAN_POINT('Ctrl Pts',(25.5947168352856,-7.63081389536699,-37.7958865503398));
#3329=CARTESIAN_POINT('Ctrl Pts',(26.2807109822269,-7.55141709459823,-36.4225821698899));
#3330=CARTESIAN_POINT('Ctrl Pts',(27.8066991765721,-7.47202029382946,-36.254363607301));
#3331=CARTESIAN_POINT('Ctrl Pts',(28.7753881866378,-7.39262349306071,-37.4453524028745));
#3332=CARTESIAN_POINT('Ctrl Pts',(28.299935334793,-7.31322669229194,-38.9050537607071));
#3333=CARTESIAN_POINT('Ctrl Pts',(26.8156207677177,-7.2338298915232,-39.2970247227621));
#3334=CARTESIAN_POINT('Ctrl Pts',(25.6814660946319,-7.15443309075443,-38.2623722999089));
#3335=CARTESIAN_POINT('Ctrl Pts',(25.9358690318932,-7.07503628998568,-36.7484074111027));
#3336=CARTESIAN_POINT('Ctrl Pts',(27.3459083178638,-6.99563948921691,-36.1412785284814));
#3337=CARTESIAN_POINT('Ctrl Pts',(28.6205818840749,-6.91624268844816,-36.9968607446528));
#3338=CARTESIAN_POINT('Ctrl Pts',(28.5928286758344,-6.8368458876794,-38.531801583465));
#3339=CARTESIAN_POINT('Ctrl Pts',(27.2880583546605,-6.75744908691063,-39.3407445363932));
#3340=CARTESIAN_POINT('Ctrl Pts',(25.9008892375815,-6.67805228614189,-38.6830396115063));
#3341=CARTESIAN_POINT('Ctrl Pts',(25.7013816939192,-6.59865548537312,-37.1608665936734));
#3342=CARTESIAN_POINT('Ctrl Pts',(26.8722003643035,-6.51925868460436,-36.1678924379775));
#3343=CARTESIAN_POINT('Ctrl Pts',(28.3413702570907,-6.43986188383561,-36.6132617340845));
#3344=CARTESIAN_POINT('Ctrl Pts',(28.7637528366401,-6.36046508306684,-38.0892044659124));
#3345=CARTESIAN_POINT('Ctrl Pts',(27.7526242068996,-6.28106828229809,-39.2443810297535));
#3346=CARTESIAN_POINT('Ctrl Pts',(26.2337507583192,-6.20167148152933,-39.021138022491));
#3347=CARTESIAN_POINT('Ctrl Pts',(25.5977784875506,-6.12227468076057,-37.6238716680346));
#3348=CARTESIAN_POINT('Ctrl Pts',(26.4269891484003,-6.04287787999181,-36.3318872736682));
#3349=CARTESIAN_POINT('Ctrl Pts',(27.9621763108151,-5.96348107922306,-36.3280963788599));
#3350=CARTESIAN_POINT('Ctrl Pts',(28.7977575106915,-5.88408427845429,-37.6159698404898));
#3351=CARTESIAN_POINT('Ctrl Pts',(28.1686935976951,-5.80468747768553,-39.0163599961987));
#3352=CARTESIAN_POINT('Ctrl Pts',(26.6509411892634,-5.72529067691678,-39.247101456357));
#3353=CARTESIAN_POINT('Ctrl Pts',(25.6341198853684,-5.64589387614802,-38.0969325858347));
#3354=CARTESIAN_POINT('Ctrl Pts',(26.0492081550802,-5.56649707537926,-36.6189218540984));
#3355=CARTESIAN_POINT('Ctrl Pts',(27.5161606154104,-5.48710027461051,-36.166302285484));
#3356=CARTESIAN_POINT('Ctrl Pts',(28.6918689439374,-5.40770347384174,-37.1534820669888));
#3357=CARTESIAN_POINT('Ctrl Pts',(28.4998813240409,-5.32830667307299,-38.6766218335828));
#3358=CARTESIAN_POINT('Ctrl Pts',(27.115977255804,-5.24890987230422,-39.3411694426022));
#3359=CARTESIAN_POINT('Ctrl Pts',(25.8072278418651,-5.16951307153547,-38.5386802113004));
#3360=CARTESIAN_POINT('Ctrl Pts',(25.7718942921193,-5.0901162707667,-37.0038950357727));
#3361=CARTESIAN_POINT('Ctrl Pts',(27.0423272012464,-5.01071946999795,-36.1420283303399));
#3362=CARTESIAN_POINT('Ctrl Pts',(28.4553470805068,-4.93132266922919,-36.7421856565201));
#3363=CARTESIAN_POINT('Ctrl Pts',(28.7172250518565,-4.85192586846044,-38.2548766106161));
#3364=CARTESIAN_POINT('Ctrl Pts',(27.5881915997825,-4.77252906769167,-39.2951157452349));
#3365=CARTESIAN_POINT('Ctrl Pts',(26.1019640823055,-4.69313226692292,-38.910483757716));
#3366=CARTESIAN_POINT('Ctrl Pts',(25.6192986316007,-4.61373546615416,-37.4531409518402));
#3367=CARTESIAN_POINT('Ctrl Pts',(26.5821127500507,-4.5343386653854,-36.2573972681434));
#3368=CARTESIAN_POINT('Ctrl Pts',(28.1088757420199,-4.45494186461664,-36.4180484404199));
#3369=CARTESIAN_POINT('Ctrl Pts',(28.8017180778407,-4.37554506384788,-37.7880059046833));
#3370=CARTESIAN_POINT('Ctrl Pts',(28.0262891540992,-4.29614826307913,-39.1129677576525));
#3371=CARTESIAN_POINT('Ctrl Pts',(26.4925538896553,-4.21675146231036,-39.1798290372504));
#3372=CARTESIAN_POINT('Ctrl Pts',(25.6047657717339,-4.1373546615416,-37.9273730991438));
#3373=CARTESIAN_POINT('Ctrl Pts',(26.1757627266334,-4.05795786077285,-36.502320080298));
#3374=CARTESIAN_POINT('Ctrl Pts',(27.6827542979608,-3.97856106000408,-36.209416218867));
#3375=CARTESIAN_POINT('Ctrl Pts',(28.7459705310591,-3.89916425923533,-37.3168374488883));
#3376=CARTESIAN_POINT('Ctrl Pts',(28.3919602474679,-3.81976745846657,-38.8106544315573));
#3377=CARTESIAN_POINT('Ctrl Pts',(26.9448364120724,-3.74037065769781,-39.3231615770255));
#3378=CARTESIAN_POINT('Ctrl Pts',(25.7295741880864,-3.66097385692905,-38.385120429027));
#3379=CARTESIAN_POINT('Ctrl Pts',(25.8587973324437,-3.58157705616029,-36.8553772844546));
#3380=CARTESIAN_POINT('Ctrl Pts',(27.2142769874982,-3.50218025539153,-36.1345358602748));
#3381=CARTESIAN_POINT('Ctrl Pts',(28.5547979573247,-3.42278345462278,-36.8825708998657));
#3382=CARTESIAN_POINT('Ctrl Pts',(28.6533454303266,-3.34338665385402,-38.4146209470743));
#3383=CARTESIAN_POINT('Ctrl Pts',(27.4190240163841,-3.26398985308526,-39.3279312528064));
#3384=CARTESIAN_POINT('Ctrl Pts',(25.9832784225836,-3.1845930523165,-38.7863839807865));
#3385=CARTESIAN_POINT('Ctrl Pts',(25.6579945752713,-3.10519625154774,-37.2856354078408));
#3386=CARTESIAN_POINT('Ctrl Pts',(26.7463786924545,-3.02579945077898,-36.2000387666566));
#3387=CARTESIAN_POINT('Ctrl Pts',(27.7418154939112,-2.97286825026648,-36.4158106926821));
#3388=CARTESIAN_POINT('Ctrl Pts',(28.0838559330819,-2.94640265001022,-36.7104050738486));
#3389=CARTESIAN_POINT('Ctrl Pts',(25.9764633874157,-8.16079204996931,-37.4122763102741));
#3390=CARTESIAN_POINT('Ctrl Pts',(26.085077918302,-8.13432644971305,-37.006001367333));
#3391=CARTESIAN_POINT('Ctrl Pts',(26.7379522464236,-8.08139524920055,-36.3174164499021));
#3392=CARTESIAN_POINT('Ctrl Pts',(28.1454670300964,-8.00199844843179,-36.5816376095557));
#3393=CARTESIAN_POINT('Ctrl Pts',(28.6828737918353,-7.92260164766302,-37.9074305252816));
#3394=CARTESIAN_POINT('Ctrl Pts',(27.8621201861807,-7.84320484689428,-39.0778709636255));
#3395=CARTESIAN_POINT('Ctrl Pts',(26.4327202471136,-7.76380804612551,-39.0228537880987));
#3396=CARTESIAN_POINT('Ctrl Pts',(25.7043758593144,-7.68441124535676,-37.7919863755695));
#3397=CARTESIAN_POINT('Ctrl Pts',(26.3434521845654,-7.605014444588,-36.512607650806));
#3398=CARTESIAN_POINT('Ctrl Pts',(27.765072080255,-7.52561764381923,-36.3558942133843));
#3399=CARTESIAN_POINT('Ctrl Pts',(28.66750866171,-7.44622084305049,-37.4654266289069));
#3400=CARTESIAN_POINT('Ctrl Pts',(28.224573889246,-7.36682404228171,-38.82529330399));
#3401=CARTESIAN_POINT('Ctrl Pts',(26.8417773985289,-7.28742724151297,-39.1904558394899));
#3402=CARTESIAN_POINT('Ctrl Pts',(25.7851919976568,-7.2080304407442,-38.2265673409404));
#3403=CARTESIAN_POINT('Ctrl Pts',(26.0221953234183,-7.12863363997544,-36.8161484299172));
#3404=CARTESIAN_POINT('Ctrl Pts',(27.3357965098941,-7.04923683920669,-36.2505434652257));
#3405=CARTESIAN_POINT('Ctrl Pts',(28.5232901674142,-6.96984003843792,-37.047609068626));
#3406=CARTESIAN_POINT('Ctrl Pts',(28.4974351095899,-6.89044323766918,-38.4775693024261));
#3407=CARTESIAN_POINT('Ctrl Pts',(27.2819031318461,-6.8110464369004,-39.2311854841386));
#3408=CARTESIAN_POINT('Ctrl Pts',(25.9896079339975,-6.73164963613165,-38.6184635704455));
#3409=CARTESIAN_POINT('Ctrl Pts',(25.8037454912463,-6.6522528353629,-37.2003979164304));
#3410=CARTESIAN_POINT('Ctrl Pts',(26.894487295299,-6.57285603459413,-36.2753371454008));
#3411=CARTESIAN_POINT('Ctrl Pts',(28.2631749152127,-6.49345923382538,-36.6902458941194));
#3412=CARTESIAN_POINT('Ctrl Pts',(28.6566690987884,-6.41406243305661,-38.0652431321324));
#3413=CARTESIAN_POINT('Ctrl Pts',(27.7146955091715,-6.33466563228786,-39.1414126544633));
#3414=CARTESIAN_POINT('Ctrl Pts',(26.2997037539677,-6.2552688315191,-38.9334381092644));
#3415=CARTESIAN_POINT('Ctrl Pts',(25.7072281132111,-6.17587203075034,-37.6317362635791));
#3416=CARTESIAN_POINT('Ctrl Pts',(26.4797258150611,-6.09647522998158,-36.4281157331202));
#3417=CARTESIAN_POINT('Ctrl Pts',(27.9099155254297,-6.01707842921282,-36.4245841124287));
#3418=CARTESIAN_POINT('Ctrl Pts',(28.6883480602359,-5.93768162844406,-37.6243748729133));
#3419=CARTESIAN_POINT('Ctrl Pts',(28.1023082876545,-5.85828482767531,-38.9289868708705));
#3420=CARTESIAN_POINT('Ctrl Pts',(26.6883609002807,-5.77888802690655,-39.1439470204555));
#3421=CARTESIAN_POINT('Ctrl Pts',(25.7410839807509,-5.69949122613779,-38.0724426957192));
#3422=CARTESIAN_POINT('Ctrl Pts',(26.1277827408568,-5.62009442536903,-36.6955188963967));
#3423=CARTESIAN_POINT('Ctrl Pts',(27.4944045871886,-5.54069762460027,-36.2738557496533));
#3424=CARTESIAN_POINT('Ctrl Pts',(28.5897016265468,-5.46130082383151,-37.1935184463966));
#3425=CARTESIAN_POINT('Ctrl Pts',(28.4108447905751,-5.38190402306276,-38.6124847294452));
#3426=CARTESIAN_POINT('Ctrl Pts',(27.1215913321131,-5.30250722229399,-39.2315813293508));
#3427=CARTESIAN_POINT('Ctrl Pts',(25.9023524073153,-5.22311042152524,-38.483977474011));
#3428=CARTESIAN_POINT('Ctrl Pts',(25.8694354571775,-5.14371362075647,-37.0541622570748));
#3429=CARTESIAN_POINT('Ctrl Pts',(27.052978492731,-5.06431681998772,-36.2512419852036));
#3430=CARTESIAN_POINT('Ctrl Pts',(28.3693564180685,-4.98492001921896,-36.8103522054552));
#3431=CARTESIAN_POINT('Ctrl Pts',(28.6133235311125,-4.90552321845021,-38.2195843111437));
#3432=CARTESIAN_POINT('Ctrl Pts',(27.5615090909252,-4.82612641768144,-39.1886774243991));
#3433=CARTESIAN_POINT('Ctrl Pts',(26.1769304839633,-4.74672961691269,-38.8303519222742));
#3434=CARTESIAN_POINT('Ctrl Pts',(25.7272764104738,-4.66733281614393,-37.4726824885585));
#3435=CARTESIAN_POINT('Ctrl Pts',(26.6242399071193,-4.58793601537517,-36.3587203903013));
#3436=CARTESIAN_POINT('Ctrl Pts',(28.0465816089943,-4.50853921460641,-36.5083840008196));
#3437=CARTESIAN_POINT('Ctrl Pts',(28.6920377487135,-4.42914241383765,-37.7846447180798));
#3438=CARTESIAN_POINT('Ctrl Pts',(27.9696434407043,-4.34974561306889,-39.0189872498181));
#3439=CARTESIAN_POINT('Ctrl Pts',(26.540806327328,-4.27034881230013,-39.0812756251017));
#3440=CARTESIAN_POINT('Ctrl Pts',(25.7137375097114,-4.19095201153137,-37.9144800452375));
#3441=CARTESIAN_POINT('Ctrl Pts',(26.2456817504804,-4.11155521076262,-36.5868919737758));
#3442=CARTESIAN_POINT('Ctrl Pts',(27.6496042764703,-4.03215840999385,-36.3140209525729));
#3443=CARTESIAN_POINT('Ctrl Pts',(28.6401029946083,-3.9527616092251,-37.3457013150694));
#3444=CARTESIAN_POINT('Ctrl Pts',(28.3103048583601,-3.87336480845634,-38.7373503140268));
#3445=CARTESIAN_POINT('Ctrl Pts',(26.9621554797812,-3.79396800768758,-39.2148050921049));
#3446=CARTESIAN_POINT('Ctrl Pts',(25.8300097905153,-3.71457120691882,-38.3409202456087));
#3447=CARTESIAN_POINT('Ctrl Pts',(25.9503948588157,-3.63517440615007,-36.9158022154183));
#3448=CARTESIAN_POINT('Ctrl Pts',(27.2131679608416,-3.55577760538131,-36.244261954459));
#3449=CARTESIAN_POINT('Ctrl Pts',(28.4620054606051,-3.47638080461255,-36.9411359531546));
#3450=CARTESIAN_POINT('Ctrl Pts',(28.5538128866445,-3.39698400384379,-38.3684031078907));
#3451=CARTESIAN_POINT('Ctrl Pts',(27.4039115399375,-3.31758720307503,-39.2192485511114));
#3452=CARTESIAN_POINT('Ctrl Pts',(26.0663622005264,-3.23819040230627,-38.7147398142727));
#3453=CARTESIAN_POINT('Ctrl Pts',(25.7633257872701,-3.15879360153751,-37.3166333035974));
#3454=CARTESIAN_POINT('Ctrl Pts',(26.7772710595036,-3.07939680076875,-36.3052848609816));
#3455=CARTESIAN_POINT('Ctrl Pts',(27.7046260463223,-3.02646560025625,-36.5062993013984));
#3456=CARTESIAN_POINT('Ctrl Pts',(28.0232730026078,-2.99999999999999,-36.7807452210829));
#3457=CARTESIAN_POINT('Ctrl Pts',(28.0232730026077,-3.,-36.7807452210829));
#3458=CARTESIAN_POINT('Ctrl Pts',(27.9885469229186,-3.,-36.7435599731105));
#3459=CARTESIAN_POINT('Ctrl Pts',(27.9515091854504,-3.,-36.7087606568675));
#3460=CARTESIAN_POINT('Ctrl Pts',(27.9124731075658,-2.99999999999999,-36.676359673204));
#3461=CARTESIAN_POINT('Ctrl Pts',(27.8839597910116,-2.99999999999999,-36.6526928615279));
#3462=CARTESIAN_POINT('Ctrl Pts',(27.8543791675212,-2.99999999999999,-36.6303060685929));
#3463=CARTESIAN_POINT('Ctrl Pts',(27.8238392452598,-2.99999999999999,-36.6092131863171));
#3464=CARTESIAN_POINT('Ctrl Pts',(27.8128167947533,-2.99999999999999,-36.6016003558411));
#3465=CARTESIAN_POINT('Ctrl Pts',(27.8016692846526,-2.99999999999999,-36.594156153193));
#3466=CARTESIAN_POINT('Ctrl Pts',(27.790401480463,-2.99999999999999,-36.5868815119029));
#3467=CARTESIAN_POINT('Ctrl Pts',(27.7795442172801,-2.99999999999999,-36.5798719212393));
#3468=CARTESIAN_POINT('Ctrl Pts',(27.7685822008622,-2.99999999999999,-36.5730242983309));
#3469=CARTESIAN_POINT('Ctrl Pts',(27.7575244251241,-2.99999999999999,-36.5663415196937));
#3470=CARTESIAN_POINT('Ctrl Pts',(27.7115150152075,-2.99999999999999,-36.5385356834221));
#3471=CARTESIAN_POINT('Ctrl Pts',(27.6638283389055,-2.99999999999999,-36.5135662763762));
#3472=CARTESIAN_POINT('Ctrl Pts',(27.6147893575551,-2.99999999999999,-36.4914699658404));
#3473=CARTESIAN_POINT('Ctrl Pts',(27.5951456015348,-2.99999999999999,-36.4826187515378));
#3474=CARTESIAN_POINT('Ctrl Pts',(27.575284399454,-2.99999999999999,-36.4742289487654));
#3475=CARTESIAN_POINT('Ctrl Pts',(27.5552250225448,-2.99999999999999,-36.4663046007782));
#3476=CARTESIAN_POINT('Ctrl Pts',(27.5399180691029,-2.99999999999999,-36.4602576718907));
#3477=CARTESIAN_POINT('Ctrl Pts',(27.5244957009777,-2.99999999999999,-36.4544817943579));
#3478=CARTESIAN_POINT('Ctrl Pts',(27.5089661991614,-2.99999999999999,-36.4489791816521));
#3479=CARTESIAN_POINT('Ctrl Pts',(27.4972290002951,-2.99999999999999,-36.4448203064753));
#3480=CARTESIAN_POINT('Ctrl Pts',(27.4854382600598,-3.,-36.4408203251969));
#3481=CARTESIAN_POINT('Ctrl Pts',(27.4736051656262,-3.,-36.4369819222713));
#3482=CARTESIAN_POINT('Ctrl Pts',(27.4193375793586,-3.,-36.4193786771466));
#3483=CARTESIAN_POINT('Ctrl Pts',(27.3641354980175,-2.99999999999999,-36.4051535908753));
#3484=CARTESIAN_POINT('Ctrl Pts',(27.3083636708951,-2.99999999999999,-36.3943464915306));
#3485=CARTESIAN_POINT('Ctrl Pts',(27.2538038357314,-2.99999999999999,-36.3837742440488));
#3486=CARTESIAN_POINT('Ctrl Pts',(27.198697524499,-2.99999999999999,-36.3764727110371));
#3487=CARTESIAN_POINT('Ctrl Pts',(27.1433573165863,-2.99999999999999,-36.3725236329972));
#3488=CARTESIAN_POINT('Ctrl Pts',(27.1147652172631,-2.99999999999999,-36.3704833003745));
#3489=CARTESIAN_POINT('Ctrl Pts',(27.0861103171318,-2.99999999999999,-36.3693386273893));
#3490=CARTESIAN_POINT('Ctrl Pts',(27.0574342125642,-2.99999999999999,-36.3691061470484));
#3491=CARTESIAN_POINT('Ctrl Pts',(27.0426281769672,-2.99999999999999,-36.3689861128857));
#3492=CARTESIAN_POINT('Ctrl Pts',(27.0278164783422,-3.,-36.3691093178325));
#3493=CARTESIAN_POINT('Ctrl Pts',(27.0130048078169,-3.,-36.3694784448521));
#3494=CARTESIAN_POINT('Ctrl Pts',(27.0032181419722,-3.,-36.3697223419054));
#3495=CARTESIAN_POINT('Ctrl Pts',(26.9934289449251,-2.99999999999999,-36.3700737343017));
#3496=CARTESIAN_POINT('Ctrl Pts',(26.983647315011,-2.99999999999999,-36.3705330501007));
#3497=CARTESIAN_POINT('Ctrl Pts',(26.9265615343256,-2.99999999999999,-36.3732136259556));
#3498=CARTESIAN_POINT('Ctrl Pts',(26.8698851067542,-3.,-36.3795570302529));
#3499=CARTESIAN_POINT('Ctrl Pts',(26.8139511430094,-3.,-36.3896227564856));
#3500=CARTESIAN_POINT('Ctrl Pts',(26.809693507456,-3.,-36.3903889491709));
#3501=CARTESIAN_POINT('Ctrl Pts',(26.8054401649339,-3.,-36.391176732753));
#3502=CARTESIAN_POINT('Ctrl Pts',(26.8011912584843,-3.,-36.3919861452467));
#3503=CARTESIAN_POINT('Ctrl Pts',(26.7475238069493,-3.,-36.4022097419045));
#3504=CARTESIAN_POINT('Ctrl Pts',(26.6945641920865,-3.,-36.4158795896805));
#3505=CARTESIAN_POINT('Ctrl Pts',(26.6425073116008,-3.,-36.4327441797229));
#3506=CARTESIAN_POINT('Ctrl Pts',(26.5909770032301,-3.,-36.4494381790046));
#3507=CARTESIAN_POINT('Ctrl Pts',(26.5403305368226,-2.99999999999999,-36.469263136141));
#3508=CARTESIAN_POINT('Ctrl Pts',(26.4907621315263,-2.99999999999999,-36.4920225118249));
#3509=CARTESIAN_POINT('Ctrl Pts',(26.4818444312615,-2.99999999999999,-36.4961170815281));
#3510=CARTESIAN_POINT('Ctrl Pts',(26.4729611137834,-2.99999999999999,-36.5003070031371));
#3511=CARTESIAN_POINT('Ctrl Pts',(26.4641150043384,-2.99999999999999,-36.5045904784922));
#3512=CARTESIAN_POINT('Ctrl Pts',(26.4124878143247,-2.99999999999999,-36.5295894678733));
#3513=CARTESIAN_POINT('Ctrl Pts',(26.362395440773,-3.,-36.5576404934422));
#3514=CARTESIAN_POINT('Ctrl Pts',(26.3140459133983,-3.,-36.5884554273947));
#3515=CARTESIAN_POINT('Ctrl Pts',(26.2645575590599,-3.,-36.619996177701));
#3516=CARTESIAN_POINT('Ctrl Pts',(26.2168941986957,-3.,-36.6544329539501));
#3517=CARTESIAN_POINT('Ctrl Pts',(26.1712871580215,-3.,-36.6915113313357));
#3518=CARTESIAN_POINT('Ctrl Pts',(26.1253869060673,-3.,-36.7288280885488));
#3519=CARTESIAN_POINT('Ctrl Pts',(26.0815685046586,-3.,-36.7688211046034));
#3520=CARTESIAN_POINT('Ctrl Pts',(26.0400905531695,-3.,-36.811278067852));
#3521=CARTESIAN_POINT('Ctrl Pts',(26.0317972086225,-3.,-36.819767161744));
#3522=CARTESIAN_POINT('Ctrl Pts',(26.0235975319067,-3.,-36.8283548933557));
#3523=CARTESIAN_POINT('Ctrl Pts',(26.0154937540043,-3.,-36.8370397568706));
#3524=CARTESIAN_POINT('Ctrl Pts',(26.0085186107667,-3.,-36.8445150563844));
#3525=CARTESIAN_POINT('Ctrl Pts',(26.0016164428673,-3.,-36.8520603551282));
#3526=CARTESIAN_POINT('Ctrl Pts',(25.9947955905475,-3.,-36.8596664930965));
#3527=CARTESIAN_POINT('Ctrl Pts',(25.9541440182542,-3.,-36.9049982863972));
#3528=CARTESIAN_POINT('Ctrl Pts',(25.9163052762046,-2.99999999999999,-36.9525658175556));
#3529=CARTESIAN_POINT('Ctrl Pts',(25.8815187803834,-2.99999999999999,-37.0020972073253));
#3530=CARTESIAN_POINT('Ctrl Pts',(25.8470874573451,-2.99999999999999,-37.0511228778172));
#3531=CARTESIAN_POINT('Ctrl Pts',(25.8156454639358,-2.99999999999999,-37.1020732538847));
#3532=CARTESIAN_POINT('Ctrl Pts',(25.7874526776624,-2.99999999999999,-37.1547262356543));
#3533=CARTESIAN_POINT('Ctrl Pts',(25.7616757202398,-2.99999999999999,-37.202867403969));
#3534=CARTESIAN_POINT('Ctrl Pts',(25.7386147418565,-2.99999999999999,-37.2524327413602));
#3535=CARTESIAN_POINT('Ctrl Pts',(25.7184988065254,-2.99999999999999,-37.3032755734406));
#3536=CARTESIAN_POINT('Ctrl Pts',(25.7137565849415,-2.99999999999999,-37.315261492649));
#3537=CARTESIAN_POINT('Ctrl Pts',(25.709178188499,-3.,-37.3273184890596));
#3538=CARTESIAN_POINT('Ctrl Pts',(25.7047629475284,-3.,-37.3394436277094));
#3539=CARTESIAN_POINT('Ctrl Pts',(27.1987691363979,-7.55658032638058,-36.4760138067825));
#3540=CARTESIAN_POINT('Ctrl Pts',(27.3632748429502,-7.54625943219347,-36.4751720425383));
#3541=CARTESIAN_POINT('Ctrl Pts',(27.5274879542295,-7.53593853800635,-36.5050060950247));
#3542=CARTESIAN_POINT('Ctrl Pts',(27.6785415278826,-7.52561764381924,-36.5669351888751));
#3543=CARTESIAN_POINT('Ctrl Pts',(28.0658842740733,-7.49915204356299,-36.7257383518919));
#3544=CARTESIAN_POINT('Ctrl Pts',(28.3666964678917,-7.47268644330674,-37.0955824903994));
#3545=CARTESIAN_POINT('Ctrl Pts',(28.4432801027235,-7.44622084305048,-37.5071490055004));
#3546=CARTESIAN_POINT('Ctrl Pts',(28.5198637375553,-7.41975524279423,-37.9187155206013));
#3547=CARTESIAN_POINT('Ctrl Pts',(28.3722188134006,-7.39328964253797,-38.3720044122956));
#3548=CARTESIAN_POINT('Ctrl Pts',(28.0679302695371,-7.36682404228172,-38.6595092807261));
#3549=CARTESIAN_POINT('Ctrl Pts',(27.7636417256736,-7.34035844202547,-38.9470141491566));
#3550=CARTESIAN_POINT('Ctrl Pts',(27.3027095621013,-7.31389284176922,-39.0687349943232));
#3551=CARTESIAN_POINT('Ctrl Pts',(26.8961459135031,-7.28742724151297,-38.968947333815));
#3552=CARTESIAN_POINT('Ctrl Pts',(26.4895822649049,-7.26096164125672,-38.8691596733067));
#3553=CARTESIAN_POINT('Ctrl Pts',(26.1373871312808,-7.23449604100046,-38.5478635071236));
#3554=CARTESIAN_POINT('Ctrl Pts',(26.0007901187624,-7.2080304407442,-38.1521456055281));
#3555=CARTESIAN_POINT('Ctrl Pts',(25.864193106244,-7.18156484048795,-37.7564277039327));
#3556=CARTESIAN_POINT('Ctrl Pts',(25.9431942148312,-7.1550992402317,-37.2862880669249));
#3557=CARTESIAN_POINT('Ctrl Pts',(26.201628300204,-7.12863363997544,-36.9569507543058));
#3558=CARTESIAN_POINT('Ctrl Pts',(26.4361595661578,-7.10461586877716,-36.6580741694199));
#3559=CARTESIAN_POINT('Ctrl Pts',(26.8184669221926,-7.08059809757887,-36.475158526303));
#3560=CARTESIAN_POINT('Ctrl Pts',(27.198733446014,-7.05658032638059,-36.4727114640895));
#3561=CARTESIAN_POINT('Ctrl Pts',(25.7074122754527,-8.,-37.340347531948));
#3562=CARTESIAN_POINT('Ctrl Pts',(25.7286275152628,-8.,-37.2822865610053));
#3563=CARTESIAN_POINT('Ctrl Pts',(25.7535388732791,-8.,-37.2258260249126));
#3564=CARTESIAN_POINT('Ctrl Pts',(25.7818350405757,-8.,-37.1711689224572));
#3565=CARTESIAN_POINT('Ctrl Pts',(25.8096707855146,-8.,-37.1174011755006));
#3566=CARTESIAN_POINT('Ctrl Pts',(25.8407832132967,-8.,-37.0653780113208));
#3567=CARTESIAN_POINT('Ctrl Pts',(25.8749208916815,-8.,-37.0153249111246));
#3568=CARTESIAN_POINT('Ctrl Pts',(25.9010182285558,-8.,-36.9770606623758));
#3569=CARTESIAN_POINT('Ctrl Pts',(25.9288845875612,-8.,-36.9399483227597));
#3570=CARTESIAN_POINT('Ctrl Pts',(25.9584198862347,-8.,-36.9041051210898));
#3571=CARTESIAN_POINT('Ctrl Pts',(25.9744450733974,-8.,-36.884657407978));
#3572=CARTESIAN_POINT('Ctrl Pts',(25.9909617360829,-8.,-36.8655835847161));
#3573=CARTESIAN_POINT('Ctrl Pts',(26.0079547645681,-8.,-36.8469044584099));
#3574=CARTESIAN_POINT('Ctrl Pts',(26.0141463117993,-8.,-36.840098567814));
#3575=CARTESIAN_POINT('Ctrl Pts',(26.0204003233683,-8.,-36.8333460360592));
#3576=CARTESIAN_POINT('Ctrl Pts',(26.0267091900256,-8.,-36.8266548827403));
#3577=CARTESIAN_POINT('Ctrl Pts',(26.0673395215365,-8.,-36.7835625505828));
#3578=CARTESIAN_POINT('Ctrl Pts',(26.1103171756018,-8.,-36.7429297379155));
#3579=CARTESIAN_POINT('Ctrl Pts',(26.1554003028183,-8.,-36.7049624122314));
#3580=CARTESIAN_POINT('Ctrl Pts',(26.1995611189053,-8.,-36.667771822528));
#3581=CARTESIAN_POINT('Ctrl Pts',(26.2457430860284,-8.,-36.633138332652));
#3582=CARTESIAN_POINT('Ctrl Pts',(26.293742002256,-8.,-36.6012984561608));
#3583=CARTESIAN_POINT('Ctrl Pts',(26.3297221982443,-8.,-36.5774311465123));
#3584=CARTESIAN_POINT('Ctrl Pts',(26.3667238884605,-8.,-36.5551344085601));
#3585=CARTESIAN_POINT('Ctrl Pts',(26.4046652471222,-8.,-36.5345264478004));
#3586=CARTESIAN_POINT('Ctrl Pts',(26.423893281946,-8.,-36.5240826840262));
#3587=CARTESIAN_POINT('Ctrl Pts',(26.4433626853798,-8.,-36.5140729161959));
#3588=CARTESIAN_POINT('Ctrl Pts',(26.463062891441,-8.,-36.5045142784559));
#3589=CARTESIAN_POINT('Ctrl Pts',(26.4723191311093,-8.,-36.5000231050362));
#3590=CARTESIAN_POINT('Ctrl Pts',(26.4816186832645,-8.,-36.4956352784131));
#3591=CARTESIAN_POINT('Ctrl Pts',(26.4909570335922,-8.,-36.4913535376125));
#3592=CARTESIAN_POINT('Ctrl Pts',(26.541600370882,-8.,-36.4681329862361));
#3593=CARTESIAN_POINT('Ctrl Pts',(26.5934146870307,-8.,-36.4480135567667));
#3594=CARTESIAN_POINT('Ctrl Pts',(26.6462089444318,-8.,-36.4312071767269));
#3595=CARTESIAN_POINT('Ctrl Pts',(26.6856113022851,-8.,-36.4186639374971));
#3596=CARTESIAN_POINT('Ctrl Pts',(26.725559943724,-8.,-36.4079670205752));
#3597=CARTESIAN_POINT('Ctrl Pts',(26.7659780965786,-8.,-36.3992233702063));
#3598=CARTESIAN_POINT('Ctrl Pts',(26.8201698689476,-8.,-36.3875000756715));
#3599=CARTESIAN_POINT('Ctrl Pts',(26.8752067455949,-8.,-36.3792869217418));
#3600=CARTESIAN_POINT('Ctrl Pts',(26.9307683221446,-8.,-36.3745255416849));
#3601=CARTESIAN_POINT('Ctrl Pts',(26.9465408370122,-8.,-36.373173907293));
#3602=CARTESIAN_POINT('Ctrl Pts',(26.962355544489,-8.,-36.372100709857));
#3603=CARTESIAN_POINT('Ctrl Pts',(26.9782048468607,-8.,-36.3713052529406));
#3604=CARTESIAN_POINT('Ctrl Pts',(26.9882633422417,-8.,-36.370800429477));
#3605=CARTESIAN_POINT('Ctrl Pts',(26.9983356401435,-8.,-36.3704075863842));
#3606=CARTESIAN_POINT('Ctrl Pts',(27.0084054652607,-8.,-36.3701266737143));
#3607=CARTESIAN_POINT('Ctrl Pts',(27.0640404139812,-8.,-36.368574654508));
#3608=CARTESIAN_POINT('Ctrl Pts',(27.1197110522906,-8.,-36.3704285997021));
#3609=CARTESIAN_POINT('Ctrl Pts',(27.1751001980757,-8.,-36.3755772893305));
#3610=CARTESIAN_POINT('Ctrl Pts',(27.230467378466,-8.,-36.380723937169));
#3611=CARTESIAN_POINT('Ctrl Pts',(27.2855544343274,-8.,-36.3891631859209));
#3612=CARTESIAN_POINT('Ctrl Pts',(27.3400293812869,-8.,-36.4008333211671));
#3613=CARTESIAN_POINT('Ctrl Pts',(27.373028129491,-8.,-36.4079026232223));
#3614=CARTESIAN_POINT('Ctrl Pts',(27.405801896012,-8.,-36.4161584074576));
#3615=CARTESIAN_POINT('Ctrl Pts',(27.4382715107209,-8.,-36.4255946901798));
#3616=CARTESIAN_POINT('Ctrl Pts',(27.4551250044353,-8.,-36.4304926334714));
#3617=CARTESIAN_POINT('Ctrl Pts',(27.471896475043,-8.,-36.4357087141868));
#3618=CARTESIAN_POINT('Ctrl Pts',(27.4885742687077,-8.,-36.4412426549211));
#3619=CARTESIAN_POINT('Ctrl Pts',(27.5020670815126,-8.,-36.4457197714932));
#3620=CARTESIAN_POINT('Ctrl Pts',(27.5155015681518,-8.,-36.4504062128872));
#3621=CARTESIAN_POINT('Ctrl Pts',(27.5288474740594,-8.,-36.4552927477748));
#3622=CARTESIAN_POINT('Ctrl Pts',(27.5792237806187,-8.,-36.473737773629));
#3623=CARTESIAN_POINT('Ctrl Pts',(27.6284105993692,-8.,-36.4950524211959));
#3624=CARTESIAN_POINT('Ctrl Pts',(27.676094304084,-8.,-36.5191892821563));
#3625=CARTESIAN_POINT('Ctrl Pts',(27.7095154347613,-8.,-36.5361066166864));
#3626=CARTESIAN_POINT('Ctrl Pts',(27.7421976599646,-8.,-36.5544112386378));
#3627=CARTESIAN_POINT('Ctrl Pts',(27.774021875242,-8.,-36.5740973528406));
#3628=CARTESIAN_POINT('Ctrl Pts',(27.786885703499,-8.,-36.5820547773975));
#3629=CARTESIAN_POINT('Ctrl Pts',(27.7996109393669,-8.,-36.5902393988699));
#3630=CARTESIAN_POINT('Ctrl Pts',(27.8121704423395,-8.,-36.598637954184));
#3631=CARTESIAN_POINT('Ctrl Pts',(27.8547393356134,-8.,-36.6271038262492));
#3632=CARTESIAN_POINT('Ctrl Pts',(27.8954571704768,-7.99999999999999,-36.6580545431025));
#3633=CARTESIAN_POINT('Ctrl Pts',(27.934023542074,-7.99999999999999,-36.6914637624004));
#3634=CARTESIAN_POINT('Ctrl Pts',(27.9577377261834,-7.99999999999999,-36.7120068507068));
#3635=CARTESIAN_POINT('Ctrl Pts',(27.9806377494423,-7.99999999999999,-36.7334801173315));
#3636=CARTESIAN_POINT('Ctrl Pts',(28.0026454636801,-7.99999999999999,-36.755882797425));
#3637=CARTESIAN_POINT('Ctrl Pts',(28.010082387171,-7.99999999999999,-36.7634531891544));
#3638=CARTESIAN_POINT('Ctrl Pts',(28.0174173544737,-7.99999999999999,-36.7711297461055));
#3639=CARTESIAN_POINT('Ctrl Pts',(28.0246493182853,-7.99999999999999,-36.7789099169739));
#3640=CARTESIAN_POINT('Origin',(37.172486398045,-9.10421172358872,-38.4536004984283));
#3641=CARTESIAN_POINT('Ctrl Pts',(37.1735805816389,-7.85421172358872,-36.9091541632239));
#3642=CARTESIAN_POINT('Ctrl Pts',(37.2445169777453,-7.85054276469057,-36.9085742470401));
#3643=CARTESIAN_POINT('Ctrl Pts',(37.8265592716812,-7.82040820553617,-36.9452663468683));
#3644=CARTESIAN_POINT('Ctrl Pts',(38.8268349468912,-7.76380804612551,-37.6854011533616));
#3645=CARTESIAN_POINT('Ctrl Pts',(38.7148142260634,-7.68441124535674,-39.4270246128045));
#3646=CARTESIAN_POINT('Ctrl Pts',(37.1909182826865,-7.605014444588,-40.2773823712222));
#3647=CARTESIAN_POINT('Ctrl Pts',(35.6500239135016,-7.52561764381923,-39.4579372726734));
#3648=CARTESIAN_POINT('Ctrl Pts',(35.503122926788,-7.44622084305048,-37.7189390716861));
#3649=CARTESIAN_POINT('Ctrl Pts',(36.4972738323772,-7.38908553630697,-36.9515706879681));
#3650=CARTESIAN_POINT('Ctrl Pts',(37.0899194488999,-7.35841582981972,-36.9087315405802));
#3651=CARTESIAN_POINT('Ctrl Pts',(37.1712596794975,-7.35421172358872,-36.90943789902));
#3652=CARTESIAN_POINT('Ctrl Pts',(37.1707498911115,-7.89578827641127,-36.9121559619194));
#3653=CARTESIAN_POINT('Ctrl Pts',(37.5241377393812,-7.877594317095,-36.914829435609));
#3654=CARTESIAN_POINT('Ctrl Pts',(38.3968531943733,-7.83293475752248,-37.2100405020412));
#3655=CARTESIAN_POINT('Ctrl Pts',(38.9843401908266,-7.76180959769372,-38.659297129773));
#3656=CARTESIAN_POINT('Ctrl Pts',(37.9827941941583,-7.68241279692495,-40.0875251174386));
#3657=CARTESIAN_POINT('Ctrl Pts',(36.2385846233548,-7.6030159961562,-40.0203891203127));
#3658=CARTESIAN_POINT('Ctrl Pts',(35.3498163554977,-7.52361919538744,-38.5184267811594));
#3659=CARTESIAN_POINT('Ctrl Pts',(36.0282802928806,-7.4545432888058,-37.1602035486146));
#3660=CARTESIAN_POINT('Ctrl Pts',(36.8593411309878,-7.4119329824804,-36.9142197504064));
#3661=CARTESIAN_POINT('Ctrl Pts',(37.1733497920863,-7.39578827641127,-36.9126130579101));
#3662=CARTESIAN_POINT('Ctrl Pts',(37.9976976969815,-7.99999999999999,-39.4117166511507));
#3663=CARTESIAN_POINT('Ctrl Pts',(37.679050740696,-7.97353439974374,-39.6861625708352));
#3664=CARTESIAN_POINT('Ctrl Pts',(36.7516614154919,-7.92060319923123,-39.88714473961));
#3665=CARTESIAN_POINT('Ctrl Pts',(35.7377630499468,-7.84120639846248,-38.8758448576558));
#3666=CARTESIAN_POINT('Ctrl Pts',(36.0407739213224,-7.76180959769371,-37.4777122385714));
#3667=CARTESIAN_POINT('Ctrl Pts',(37.3783429497906,-7.68241279692496,-36.9732130863507));
#3668=CARTESIAN_POINT('Ctrl Pts',(38.5282373637067,-7.6030159961562,-37.8240554097459));
#3669=CARTESIAN_POINT('Ctrl Pts',(38.4364355480964,-7.52361919538744,-39.2513288151028));
#3670=CARTESIAN_POINT('Ctrl Pts',(37.1875914648818,-7.44422239461869,-39.948203335854));
#3671=CARTESIAN_POINT('Ctrl Pts',(35.924817045028,-7.36482559384992,-39.2766619702578));
#3672=CARTESIAN_POINT('Ctrl Pts',(35.8044305915612,-7.28542879308117,-37.8515399837715));
#3673=CARTESIAN_POINT('Ctrl Pts',(36.9365797810244,-7.2060319923124,-36.9776530429039));
#3674=CARTESIAN_POINT('Ctrl Pts',(38.2847322895084,-7.12663519154365,-37.4551089739735));
#3675=CARTESIAN_POINT('Ctrl Pts',(38.6145314502124,-7.04723839077489,-38.8467615768864));
#3676=CARTESIAN_POINT('Ctrl Pts',(37.6240300949987,-6.96784159000614,-39.8784445684015));
#3677=CARTESIAN_POINT('Ctrl Pts',(36.2201040205045,-6.88844478923737,-39.6055728555869));
#3678=CARTESIAN_POINT('Ctrl Pts',(35.6881583875187,-6.80904798846862,-38.277981375287));
#3679=CARTESIAN_POINT('Ctrl Pts',(36.5152293412309,-6.72965118769985,-37.111182804886));
#3680=CARTESIAN_POINT('Ctrl Pts',(37.9440701111935,-6.65025438693111,-37.173471338985));
#3681=CARTESIAN_POINT('Ctrl Pts',(38.6664662761287,-6.57085758616233,-38.4078170368809));
#3682=CARTESIAN_POINT('Ctrl Pts',(38.0210084787896,-6.49146078539358,-39.6840810271357));
#3683=CARTESIAN_POINT('Ctrl Pts',(36.5986631302229,-6.41206398462482,-39.8337450215998));
#3684=CARTESIAN_POINT('Ctrl Pts',(35.7016973325271,-6.33266718385606,-38.7197800663249));
#3685=CARTESIAN_POINT('Ctrl Pts',(36.1513525595638,-6.2532703830873,-37.3621071506326));
#3686=CARTESIAN_POINT('Ctrl Pts',(37.5359347173705,-6.17387358231855,-37.0037807295024));
#3687=CARTESIAN_POINT('Ctrl Pts',(38.5877518552242,-6.09447678154978,-37.9728763281865));
#3688=CARTESIAN_POINT('Ctrl Pts',(38.3437841164339,-6.01507998078103,-39.3821120481155));
#3689=CARTESIAN_POINT('Ctrl Pts',(37.0274028150195,-5.93568318001226,-39.9412237023125));
#3690=CARTESIAN_POINT('Ctrl Pts',(35.8438567440329,-5.85628637924352,-39.1383013711993));
#3691=CARTESIAN_POINT('Ctrl Pts',(35.8767737785989,-5.77688957847475,-37.708482487231));
#3692=CARTESIAN_POINT('Ctrl Pts',(37.096015830363,-5.697492777706,-36.9608767145192));
#3693=CARTESIAN_POINT('Ctrl Pts',(38.3852725953617,-5.61809597693723,-37.5799749022156));
#3694=CARTESIAN_POINT('Ctrl Pts',(38.5641298900449,-5.53869917616848,-38.9989448244723));
#3695=CARTESIAN_POINT('Ctrl Pts',(37.46883004159,-5.45930237539972,-39.9186098798652));
#3696=CARTESIAN_POINT('Ctrl Pts',(36.1022046902969,-5.37990557463096,-39.4969456516865));
#3697=CARTESIAN_POINT('Ctrl Pts',(35.7155049384292,-5.3005087738622,-38.1200183209819));
#3698=CARTESIAN_POINT('Ctrl Pts',(36.6627842874296,-5.22111197309344,-37.048511248169));
#3699=CARTESIAN_POINT('Ctrl Pts',(38.0767353011412,-5.14171517232468,-37.2634719490611));
#3700=CARTESIAN_POINT('Ctrl Pts',(38.6627765767298,-5.06231837155593,-38.5680872929416));
#3701=CARTESIAN_POINT('Ctrl Pts',(37.8843420454912,-4.98292157078717,-39.7678811305205));
#3702=CARTESIAN_POINT('Ctrl Pts',(36.4541486671191,-4.9035247700184,-39.7643495007649));
#3703=CARTESIAN_POINT('Ctrl Pts',(35.681648984073,-4.82412796924966,-38.5607258834053));
#3704=CARTESIAN_POINT('Ctrl Pts',(36.2741261443058,-4.74473116848088,-37.2590206992348));
#3705=CARTESIAN_POINT('Ctrl Pts',(37.689121528601,-4.66533436771214,-37.0510456206912));
#3706=CARTESIAN_POINT('Ctrl Pts',(38.631097533941,-4.58593756694337,-38.1272179029769));
#3707=CARTESIAN_POINT('Ctrl Pts',(38.2376023414562,-4.50654076617462,-39.5022186675938));
#3708=CARTESIAN_POINT('Ctrl Pts',(36.868911210745,-4.42714396540586,-39.9171284801184));
#3709=CARTESIAN_POINT('Ctrl Pts',(35.7781666103066,-4.3477471646371,-38.9920653371693));
#3710=CARTESIAN_POINT('Ctrl Pts',(35.9640295277761,-4.26835036386834,-37.5739960451823));
#3711=CARTESIAN_POINT('Ctrl Pts',(37.2563280436927,-4.18895356309958,-36.9612725620457));
#3712=CARTESIAN_POINT('Ctrl Pts',(38.4718631318144,-4.10955676233082,-37.71489067285));
#3713=CARTESIAN_POINT('Ctrl Pts',(38.4977182693642,-4.03015996156207,-39.1448545808653));
#3714=CARTESIAN_POINT('Ctrl Pts',(37.3102215409581,-3.9507631607933,-39.9419222160398));
#3715=CARTESIAN_POINT('Ctrl Pts',(35.9966170331935,-3.87136636002455,-39.3763158233254));
#3716=CARTESIAN_POINT('Ctrl Pts',(35.7596130101243,-3.79196955925579,-37.9658932544792));
#3717=CARTESIAN_POINT('Ctrl Pts',(36.8162012879946,-3.71257275848703,-37.002002355745));
#3718=CARTESIAN_POINT('Ctrl Pts',(38.1990010141379,-3.63317595771827,-37.3671657022392));
#3719=CARTESIAN_POINT('Ctrl Pts',(38.6419374982246,-3.55377915694951,-38.72703607977));
#3720=CARTESIAN_POINT('Ctrl Pts',(37.7394975432443,-3.47438235618075,-39.8365709833221));
#3721=CARTESIAN_POINT('Ctrl Pts',(36.3178759364237,-3.394985555412,-39.6798577159698));
#3722=CARTESIAN_POINT('Ctrl Pts',(35.6787944663972,-3.31558875464323,-38.4004748504751));
#3723=CARTESIAN_POINT('Ctrl Pts',(36.4071470111615,-3.23619195387448,-37.169605435174));
#3724=CARTESIAN_POINT('Ctrl Pts',(37.8365394648338,-3.15679515310572,-37.1145869308261));
#3725=CARTESIAN_POINT('Ctrl Pts',(38.6573147370658,-3.07739835233696,-38.2850305445902));
#3726=CARTESIAN_POINT('Ctrl Pts',(38.1198721631297,-2.9980015515682,-39.6108306382848));
#3727=CARTESIAN_POINT('Ctrl Pts',(36.7124234929015,-2.91860475079944,-39.8750381089751));
#3728=CARTESIAN_POINT('Ctrl Pts',(36.0595026126757,-2.86567355028694,-39.1864605049005));
#3729=CARTESIAN_POINT('Ctrl Pts',(35.9508880817894,-2.83920795003068,-38.7801855619594));
#3730=CARTESIAN_POINT('Ctrl Pts',(38.0582806274556,-8.05359734998976,-39.482056798385));
#3731=CARTESIAN_POINT('Ctrl Pts',(37.7162401882848,-8.02713174973351,-39.7766511795515));
#3732=CARTESIAN_POINT('Ctrl Pts',(36.7207665274885,-7.97420054922101,-39.9923884647106));
#3733=CARTESIAN_POINT('Ctrl Pts',(35.6324327606505,-7.89480374845225,-38.9068439492717));
#3734=CARTESIAN_POINT('Ctrl Pts',(35.9576891909238,-7.81540694768348,-37.4060673511665));
#3735=CARTESIAN_POINT('Ctrl Pts',(37.3934559192545,-7.73601014691473,-36.86453036742));
#3736=CARTESIAN_POINT('Ctrl Pts',(38.6277698914348,-7.65661334614597,-37.7778373242844));
#3737=CARTESIAN_POINT('Ctrl Pts',(38.5292284407521,-7.57721654537721,-39.3098940810034));
#3738=CARTESIAN_POINT('Ctrl Pts',(37.18870040415,-7.49781974460846,-40.0579296809767));
#3739=CARTESIAN_POINT('Ctrl Pts',(35.8332193345192,-7.41842294383969,-39.337087071063));
#3740=CARTESIAN_POINT('Ctrl Pts',(35.7039947033035,-7.33902614307094,-37.807339679743));
#3741=CARTESIAN_POINT('Ctrl Pts',(36.9192606844539,-7.25962934230218,-36.8692962836147));
#3742=CARTESIAN_POINT('Ctrl Pts',(38.3663878795367,-7.18023254153342,-37.3818046667214));
#3743=CARTESIAN_POINT('Ctrl Pts',(38.7203992627941,-7.10083574076466,-38.8756255179305));
#3744=CARTESIAN_POINT('Ctrl Pts',(37.6571801990191,-7.0214389399959,-39.9830495699799));
#3745=CARTESIAN_POINT('Ctrl Pts',(36.1501848186737,-6.94204213922715,-39.6901449661625));
#3746=CARTESIAN_POINT('Ctrl Pts',(35.5791863693476,-6.86264533845838,-38.2650882882183));
#3747=CARTESIAN_POINT('Ctrl Pts',(36.4669767801864,-6.78324853768963,-37.0126291400247));
#3748=CARTESIAN_POINT('Ctrl Pts',(38.000715969665,-6.70385173692087,-37.0794905900975));
#3749=CARTESIAN_POINT('Ctrl Pts',(38.776146886659,-6.62445493615211,-38.4044558416678));
#3750=CARTESIAN_POINT('Ctrl Pts',(38.0833027715238,-6.54505813538335,-39.7744168192129));
#3751=CARTESIAN_POINT('Ctrl Pts',(36.5565358651409,-6.46566133461459,-39.9350684036225));
#3752=CARTESIAN_POINT('Ctrl Pts',(35.5937192767088,-6.38626453384583,-38.73932165316));
#3753=CARTESIAN_POINT('Ctrl Pts',(36.0763859656487,-6.30686773307708,-37.2819751096781));
#3754=CARTESIAN_POINT('Ctrl Pts',(37.5626172946559,-6.22747093230831,-36.8973421356851));
#3755=CARTESIAN_POINT('Ctrl Pts',(38.6916536424456,-6.14807413153956,-37.9375839382005));
#3756=CARTESIAN_POINT('Ctrl Pts',(38.4297749994103,-6.06867733077081,-39.4502787718766));
#3757=CARTESIAN_POINT('Ctrl Pts',(37.0167514962183,-5.98928053000204,-40.0504376372754));
#3758=CARTESIAN_POINT('Ctrl Pts',(35.7463153288115,-5.90988372923328,-39.1885687214212));
#3759=CARTESIAN_POINT('Ctrl Pts',(35.781648969184,-5.83048692846452,-37.653779609646));
#3760=CARTESIAN_POINT('Ctrl Pts',(37.0904017396554,-5.75109012769577,-36.8512883202083));
#3761=CARTESIAN_POINT('Ctrl Pts',(38.4743093571787,-5.67169332692701,-37.5158376335863));
#3762=CARTESIAN_POINT('Ctrl Pts',(38.6662974694628,-5.59229652615825,-39.038981306561));
#3763=CARTESIAN_POINT('Ctrl Pts',(37.4905861256094,-5.51289972538949,-40.0261636198758));
#3764=CARTESIAN_POINT('Ctrl Pts',(36.0236299030007,-5.43350292462073,-39.5735428904323));
#3765=CARTESIAN_POINT('Ctrl Pts',(35.6085405687171,-5.35410612385198,-38.0955283680575));
#3766=CARTESIAN_POINT('Ctrl Pts',(36.6253644804423,-5.2747093230832,-36.9453565477084));
#3767=CARTESIAN_POINT('Ctrl Pts',(38.1431207814396,-5.19531252231446,-37.176098599648));
#3768=CARTESIAN_POINT('Ctrl Pts',(38.7721863077866,-5.11591572154569,-38.5764923469212));
#3769=CARTESIAN_POINT('Ctrl Pts',(37.9366029649097,-5.03651892077694,-39.8643691115506));
#3770=CARTESIAN_POINT('Ctrl Pts',(36.4014118652045,-4.95712212000817,-39.8605782070126));
#3771=CARTESIAN_POINT('Ctrl Pts',(35.5721990777091,-4.87772531923942,-38.5685904991207));
#3772=CARTESIAN_POINT('Ctrl Pts',(36.2081729795065,-4.79832851847066,-37.171320561084));
#3773=CARTESIAN_POINT('Ctrl Pts',(37.7270503236082,-4.71893171770191,-36.9480769813212));
#3774=CARTESIAN_POINT('Ctrl Pts',(38.7381815464222,-4.63953491693314,-38.1032565077395));
#3775=CARTESIAN_POINT('Ctrl Pts',(38.3157978838945,-4.56013811616439,-39.579203025077));
#3776=CARTESIAN_POINT('Ctrl Pts',(36.8466242225644,-4.48074131539563,-40.0245734630895));
#3777=CARTESIAN_POINT('Ctrl Pts',(35.6758025504977,-4.40134451462687,-39.0315967613394));
#3778=CARTESIAN_POINT('Ctrl Pts',(35.8753106037297,-4.32194771385811,-37.5094198384526));
#3779=CARTESIAN_POINT('Ctrl Pts',(37.2624832824729,-4.24255091308935,-36.8517132289015));
#3780=CARTESIAN_POINT('Ctrl Pts',(38.5672569423732,-4.16315411232059,-37.6606582525459));
#3781=CARTESIAN_POINT('Ctrl Pts',(38.5950102361923,-4.08375731155183,-39.195603035316));
#3782=CARTESIAN_POINT('Ctrl Pts',(37.320333373646,-4.00436051078308,-40.0511874324243));
#3783=CARTESIAN_POINT('Ctrl Pts',(35.9102905225539,-3.92496371001432,-39.4440570169418));
#3784=CARTESIAN_POINT('Ctrl Pts',(35.6558868367921,-3.84556690924556,-37.9300882017733));
#3785=CARTESIAN_POINT('Ctrl Pts',(36.790044598091,-3.7661701084768,-36.8954332025257));
#3786=CARTESIAN_POINT('Ctrl Pts',(38.2743626381216,-3.68677330770804,-37.2874050351142));
#3787=CARTESIAN_POINT('Ctrl Pts',(38.7498173272479,-3.60737650693928,-38.74711036721));
#3788=CARTESIAN_POINT('Ctrl Pts',(37.7811246959893,-3.52797970617052,-39.9381018334719));
#3789=CARTESIAN_POINT('Ctrl Pts',(36.2551346648904,-3.44858290540177,-39.7698834534378));
#3790=CARTESIAN_POINT('Ctrl Pts',(35.5691349954696,-3.369186104633,-38.3965746282647));
#3791=CARTESIAN_POINT('Ctrl Pts',(36.3509595802278,-3.28978930386425,-37.0753408707569));
#3792=CARTESIAN_POINT('Ctrl Pts',(37.8852909553045,-3.21039250309549,-37.0162831800478));
#3793=CARTESIAN_POINT('Ctrl Pts',(38.7663234868792,-3.13099570232673,-38.272654972653));
#3794=CARTESIAN_POINT('Ctrl Pts',(38.1894245383969,-3.05159890155797,-39.695788749251));
#3795=CARTESIAN_POINT('Ctrl Pts',(36.6786479507683,-2.97220210078921,-39.9793930251573));
#3796=CARTESIAN_POINT('Ctrl Pts',(35.9777928501278,-2.91927090027671,-39.2402634604304));
#3797=CARTESIAN_POINT('Ctrl Pts',(35.8612043778018,-2.89280530002045,-38.8041618214014));
#3798=CARTESIAN_POINT('Ctrl Pts',(38.1188635579298,-8.10719469997954,-39.5523969456192));
#3799=CARTESIAN_POINT('Ctrl Pts',(37.7534296358737,-8.08072909972328,-39.8671397882678));
#3800=CARTESIAN_POINT('Ctrl Pts',(36.6898716394851,-8.02779789921077,-40.0976321898112));
#3801=CARTESIAN_POINT('Ctrl Pts',(35.5271024713543,-7.94840109844202,-38.9378430408875));
#3802=CARTESIAN_POINT('Ctrl Pts',(35.8746044605251,-7.86900429767326,-37.3344224637618));
#3803=CARTESIAN_POINT('Ctrl Pts',(37.4085688887184,-7.7896074969045,-36.7558476484893));
#3804=CARTESIAN_POINT('Ctrl Pts',(38.727302419163,-7.71021069613574,-37.731619238823));
#3805=CARTESIAN_POINT('Ctrl Pts',(38.6220213334078,-7.63081389536698,-39.3684593469039));
#3806=CARTESIAN_POINT('Ctrl Pts',(37.1898093434183,-7.55141709459822,-40.1676560260995));
#3807=CARTESIAN_POINT('Ctrl Pts',(35.7416216240104,-7.47202029382947,-39.3975121718682));
#3808=CARTESIAN_POINT('Ctrl Pts',(35.6035588150458,-7.39262349306071,-37.7631393757146));
#3809=CARTESIAN_POINT('Ctrl Pts',(36.9019415878834,-7.31322669229195,-36.7609395243255));
#3810=CARTESIAN_POINT('Ctrl Pts',(38.4480434695651,-7.23382989152318,-37.3085003594694));
#3811=CARTESIAN_POINT('Ctrl Pts',(38.8262670753757,-7.15443309075443,-38.9044894589745));
#3812=CARTESIAN_POINT('Ctrl Pts',(37.6903303030396,-7.07503628998567,-40.0876545715582));
#3813=CARTESIAN_POINT('Ctrl Pts',(36.080265616843,-6.99563948921692,-39.7747170767382));
#3814=CARTESIAN_POINT('Ctrl Pts',(35.4702143511767,-6.91624268844815,-38.2521952011497));
#3815=CARTESIAN_POINT('Ctrl Pts',(36.4187242191417,-6.8368458876794,-36.9140754751633));
#3816=CARTESIAN_POINT('Ctrl Pts',(38.0573618281366,-6.75744908691064,-36.98550984121));
#3817=CARTESIAN_POINT('Ctrl Pts',(38.8858274971892,-6.67805228614188,-38.4010946464546));
#3818=CARTESIAN_POINT('Ctrl Pts',(38.1455970642581,-6.59865548537312,-39.8647526112902));
#3819=CARTESIAN_POINT('Ctrl Pts',(36.5144086000589,-6.51925868460437,-40.0363917856453));
#3820=CARTESIAN_POINT('Ctrl Pts',(35.4857412208905,-6.4398618838356,-38.7588632399952));
#3821=CARTESIAN_POINT('Ctrl Pts',(36.0014193717335,-6.36046508306685,-37.2018430687235));
#3822=CARTESIAN_POINT('Ctrl Pts',(37.5892998719413,-6.28106828229808,-36.7909035418678));
#3823=CARTESIAN_POINT('Ctrl Pts',(38.795555429667,-6.20167148152933,-37.9022915482143));
#3824=CARTESIAN_POINT('Ctrl Pts',(38.5157658823868,-6.12227468076057,-39.5184454956377));
#3825=CARTESIAN_POINT('Ctrl Pts',(37.006100177417,-6.04287787999182,-40.1596515722383));
#3826=CARTESIAN_POINT('Ctrl Pts',(35.6487739135901,-5.96348107922305,-39.2388360716431));
#3827=CARTESIAN_POINT('Ctrl Pts',(35.686524159769,-5.88408427845429,-37.5990767320611));
#3828=CARTESIAN_POINT('Ctrl Pts',(37.0847876489478,-5.80468747768554,-36.7416999258973));
#3829=CARTESIAN_POINT('Ctrl Pts',(38.5633461189957,-5.72529067691678,-37.451700364957));
#3830=CARTESIAN_POINT('Ctrl Pts',(38.7684650488808,-5.64589387614802,-39.0790177886497));
#3831=CARTESIAN_POINT('Ctrl Pts',(37.5123422096286,-5.56649707537926,-40.1337173598863));
#3832=CARTESIAN_POINT('Ctrl Pts',(35.9450551157046,-5.4871002746105,-39.6501401291782));
#3833=CARTESIAN_POINT('Ctrl Pts',(35.5015761990049,-5.40770347384175,-38.071038415133));
#3834=CARTESIAN_POINT('Ctrl Pts',(36.587944673455,-5.32830667307298,-36.8422018472478));
#3835=CARTESIAN_POINT('Ctrl Pts',(38.2095062617381,-5.24890987230423,-37.0887252502348));
#3836=CARTESIAN_POINT('Ctrl Pts',(38.8815960388433,-5.16951307153546,-38.5848974009009));
#3837=CARTESIAN_POINT('Ctrl Pts',(37.9888638843281,-5.09011627076671,-39.9608570925807));
#3838=CARTESIAN_POINT('Ctrl Pts',(36.34867506329,-5.01071946999794,-39.9568069132604));
#3839=CARTESIAN_POINT('Ctrl Pts',(35.4627491713453,-4.93132266922919,-38.576455114836));
#3840=CARTESIAN_POINT('Ctrl Pts',(36.1422198147072,-4.85192586846043,-37.0836204229331));
#3841=CARTESIAN_POINT('Ctrl Pts',(37.7649791186154,-4.77252906769168,-36.8451083419513));
#3842=CARTESIAN_POINT('Ctrl Pts',(38.8452655589033,-4.69313226692291,-38.0792951125021));
#3843=CARTESIAN_POINT('Ctrl Pts',(38.3939934263329,-4.61373546615415,-39.6561873825602));
#3844=CARTESIAN_POINT('Ctrl Pts',(36.8243372343838,-4.5343386653854,-40.1320184460606));
#3845=CARTESIAN_POINT('Ctrl Pts',(35.5734384906888,-4.45494186461664,-39.0711281855095));
#3846=CARTESIAN_POINT('Ctrl Pts',(35.7865916796834,-4.37554506384788,-37.4448436317229));
#3847=CARTESIAN_POINT('Ctrl Pts',(37.2686385212532,-4.29614826307912,-36.7421538957573));
#3848=CARTESIAN_POINT('Ctrl Pts',(38.662650752932,-4.21675146231036,-37.6064258322418));
#3849=CARTESIAN_POINT('Ctrl Pts',(38.6923022030203,-4.1373546615416,-39.2463514897667));
#3850=CARTESIAN_POINT('Ctrl Pts',(37.3304452063338,-4.05795786077285,-40.1604526488089));
#3851=CARTESIAN_POINT('Ctrl Pts',(35.8239640119144,-3.97856106000408,-39.5117982105582));
#3852=CARTESIAN_POINT('Ctrl Pts',(35.5521606634597,-3.89916425923533,-37.8942831490674));
#3853=CARTESIAN_POINT('Ctrl Pts',(36.7638879081876,-3.81976745846657,-36.7888640493064));
#3854=CARTESIAN_POINT('Ctrl Pts',(38.3497242621051,-3.74037065769781,-37.2076443679892));
#3855=CARTESIAN_POINT('Ctrl Pts',(38.8576971562713,-3.66097385692905,-38.7671846546501));
#3856=CARTESIAN_POINT('Ctrl Pts',(37.8227518487343,-3.58157705616029,-40.0396326836216));
#3857=CARTESIAN_POINT('Ctrl Pts',(36.1923933933571,-3.50218025539154,-39.859909190906));
#3858=CARTESIAN_POINT('Ctrl Pts',(35.459475524542,-3.42278345462278,-38.3926744060544));
#3859=CARTESIAN_POINT('Ctrl Pts',(36.2947721492941,-3.34338665385402,-36.9810763063398));
#3860=CARTESIAN_POINT('Ctrl Pts',(37.9340424457752,-3.26398985308526,-36.9179794292695));
#3861=CARTESIAN_POINT('Ctrl Pts',(38.8753322366926,-3.1845930523165,-38.2602794007158));
#3862=CARTESIAN_POINT('Ctrl Pts',(38.2589769136641,-3.10519625154774,-39.7807468602171));
#3863=CARTESIAN_POINT('Ctrl Pts',(36.644872408635,-3.02579945077898,-40.0837479413396));
#3864=CARTESIAN_POINT('Ctrl Pts',(35.8960830875799,-2.97286825026648,-39.2940664159603));
#3865=CARTESIAN_POINT('Ctrl Pts',(35.7715206738141,-2.94640265001022,-38.8281380808435));
#3866=CARTESIAN_POINT('Ctrl Pts',(38.179446488404,-8.16079204996931,-39.6227370928535));
#3867=CARTESIAN_POINT('Ctrl Pts',(37.7906190834625,-8.13432644971305,-39.9576283969842));
#3868=CARTESIAN_POINT('Ctrl Pts',(36.6589767514817,-8.08139524920055,-40.2028759149118));
#3869=CARTESIAN_POINT('Ctrl Pts',(35.421772182058,-8.00199844843179,-38.9688421325034));
#3870=CARTESIAN_POINT('Ctrl Pts',(35.7915197301265,-7.92260164766303,-37.2627775763569));
#3871=CARTESIAN_POINT('Ctrl Pts',(37.4236818581822,-7.84320484689427,-36.6471649295586));
#3872=CARTESIAN_POINT('Ctrl Pts',(38.8268349468912,-7.76380804612551,-37.6854011533616));
#3873=CARTESIAN_POINT('Ctrl Pts',(38.7148142260634,-7.68441124535674,-39.4270246128045));
#3874=CARTESIAN_POINT('Ctrl Pts',(37.1909182826865,-7.605014444588,-40.2773823712222));
#3875=CARTESIAN_POINT('Ctrl Pts',(35.6500239135016,-7.52561764381923,-39.4579372726734));
#3876=CARTESIAN_POINT('Ctrl Pts',(35.503122926788,-7.44622084305048,-37.7189390716861));
#3877=CARTESIAN_POINT('Ctrl Pts',(36.8846224913129,-7.36682404228171,-36.6525827650364));
#3878=CARTESIAN_POINT('Ctrl Pts',(38.5296990595934,-7.28742724151296,-37.2351960522173));
#3879=CARTESIAN_POINT('Ctrl Pts',(38.9321348879575,-7.2080304407442,-38.9333534000186));
#3880=CARTESIAN_POINT('Ctrl Pts',(37.72348040706,-7.12863363997544,-40.1922595731365));
#3881=CARTESIAN_POINT('Ctrl Pts',(36.0103464150122,-7.04923683920669,-39.8592891873138));
#3882=CARTESIAN_POINT('Ctrl Pts',(35.3612423330057,-6.96984003843792,-38.2393021140811));
#3883=CARTESIAN_POINT('Ctrl Pts',(36.3704716580971,-6.89044323766917,-36.8155218103019));
#3884=CARTESIAN_POINT('Ctrl Pts',(38.1140076866082,-6.81104643690041,-36.8915290923224));
#3885=CARTESIAN_POINT('Ctrl Pts',(38.9955081077193,-6.73164963613165,-38.3977334512415));
#3886=CARTESIAN_POINT('Ctrl Pts',(38.2078913569923,-6.65225283536288,-39.9550884033674));
#3887=CARTESIAN_POINT('Ctrl Pts',(36.472281334977,-6.57285603459414,-40.137715167668));
#3888=CARTESIAN_POINT('Ctrl Pts',(35.3777631650722,-6.49345923382536,-38.7784048268303));
#3889=CARTESIAN_POINT('Ctrl Pts',(35.9264527778184,-6.41406243305663,-37.121711027769));
#3890=CARTESIAN_POINT('Ctrl Pts',(37.6159824492267,-6.33466563228785,-36.6844649480506));
#3891=CARTESIAN_POINT('Ctrl Pts',(38.8994572168884,-6.2552688315191,-37.8669991582282));
#3892=CARTESIAN_POINT('Ctrl Pts',(38.6017567653633,-6.17587203075034,-39.5866122193989));
#3893=CARTESIAN_POINT('Ctrl Pts',(36.9954488586158,-6.09647522998158,-40.2688655072012));
#3894=CARTESIAN_POINT('Ctrl Pts',(35.5512324983687,-6.01707842921282,-39.289103421865));
#3895=CARTESIAN_POINT('Ctrl Pts',(35.591399350354,-5.93768162844406,-37.5443738544761));
#3896=CARTESIAN_POINT('Ctrl Pts',(37.0791735582401,-5.85828482767531,-36.6321115315863));
#3897=CARTESIAN_POINT('Ctrl Pts',(38.6523828808127,-5.77888802690655,-37.3875630963277));
#3898=CARTESIAN_POINT('Ctrl Pts',(38.8706326282987,-5.69949122613779,-39.1190542707383));
#3899=CARTESIAN_POINT('Ctrl Pts',(37.534098293648,-5.62009442536903,-40.2412710998969));
#3900=CARTESIAN_POINT('Ctrl Pts',(35.8664803284085,-5.54069762460027,-39.7267373679241));
#3901=CARTESIAN_POINT('Ctrl Pts',(35.3946118292928,-5.46130082383152,-38.0465484622086));
#3902=CARTESIAN_POINT('Ctrl Pts',(36.5505248664677,-5.38190402306275,-36.7390471467872));
#3903=CARTESIAN_POINT('Ctrl Pts',(38.2758917420366,-5.302507222294,-37.0013519008217));
#3904=CARTESIAN_POINT('Ctrl Pts',(38.9910057699,-5.22311042152524,-38.5933024548806));
#3905=CARTESIAN_POINT('Ctrl Pts',(38.0411248037465,-5.14371362075648,-40.0573450736108));
#3906=CARTESIAN_POINT('Ctrl Pts',(36.2959382613754,-5.06431681998772,-40.0530356195081));
#3907=CARTESIAN_POINT('Ctrl Pts',(35.3532992649815,-4.98492001921896,-38.5843197305513));
#3908=CARTESIAN_POINT('Ctrl Pts',(36.0762666499078,-4.9055232184502,-36.9959202847822));
#3909=CARTESIAN_POINT('Ctrl Pts',(37.8029079136226,-4.82612641768145,-36.7421397025814));
#3910=CARTESIAN_POINT('Ctrl Pts',(38.9523495713843,-4.74672961691268,-38.0553337172647));
#3911=CARTESIAN_POINT('Ctrl Pts',(38.4721889687713,-4.66733281614393,-39.7331717400434));
#3912=CARTESIAN_POINT('Ctrl Pts',(36.8020502462032,-4.58793601537517,-40.2394634290316));
#3913=CARTESIAN_POINT('Ctrl Pts',(35.4710744308799,-4.50853921460641,-39.1106596096797));
#3914=CARTESIAN_POINT('Ctrl Pts',(35.697872755637,-4.42914241383765,-37.3802674249932));
#3915=CARTESIAN_POINT('Ctrl Pts',(37.2747937600334,-4.34974561306889,-36.6325945626131));
#3916=CARTESIAN_POINT('Ctrl Pts',(38.7580445634908,-4.27034881230014,-37.5521934119377));
#3917=CARTESIAN_POINT('Ctrl Pts',(38.7895941698484,-4.19095201153137,-39.2970999442174));
#3918=CARTESIAN_POINT('Ctrl Pts',(37.3405570390217,-4.11155521076262,-40.2697178651934));
#3919=CARTESIAN_POINT('Ctrl Pts',(35.7376375012748,-4.03215840999385,-39.5795394041746));
#3920=CARTESIAN_POINT('Ctrl Pts',(35.4484344901275,-3.9527616092251,-37.8584780963615));
#3921=CARTESIAN_POINT('Ctrl Pts',(36.737731218284,-3.87336480845634,-36.6822948960872));
#3922=CARTESIAN_POINT('Ctrl Pts',(38.4250858860888,-3.79396800768758,-37.1278837008642));
#3923=CARTESIAN_POINT('Ctrl Pts',(38.9655769852946,-3.71457120691882,-38.7872589420901));
#3924=CARTESIAN_POINT('Ctrl Pts',(37.8643790014792,-3.63517440615006,-40.1411635337713));
#3925=CARTESIAN_POINT('Ctrl Pts',(36.1296521218239,-3.55577760538131,-39.9499349283741));
#3926=CARTESIAN_POINT('Ctrl Pts',(35.3498160536143,-3.47638080461254,-38.388774183844));
#3927=CARTESIAN_POINT('Ctrl Pts',(36.2385847183604,-3.39698400384379,-36.8868117419227));
#3928=CARTESIAN_POINT('Ctrl Pts',(37.9827939362459,-3.31758720307503,-36.8196756784913));
#3929=CARTESIAN_POINT('Ctrl Pts',(38.9843409865061,-3.23819040230627,-38.2479038287785));
#3930=CARTESIAN_POINT('Ctrl Pts',(38.3285292889313,-3.15879360153751,-39.8657049711832));
#3931=CARTESIAN_POINT('Ctrl Pts',(36.6110968665017,-3.07939680076876,-40.1881028575217));
#3932=CARTESIAN_POINT('Ctrl Pts',(35.8143733250321,-3.02646560025625,-39.3478693714901));
#3933=CARTESIAN_POINT('Ctrl Pts',(35.6818369698265,-2.99999999999999,-38.8521143402855));
#3934=CARTESIAN_POINT('Ctrl Pts',(35.6818369698265,-2.99999999999999,-38.8521143402855));
#3935=CARTESIAN_POINT('Ctrl Pts',(35.7030195479028,-2.99999999999999,-38.9100859239769));
#3936=CARTESIAN_POINT('Ctrl Pts',(35.7279152133016,-3.,-38.9665369449407));
#3937=CARTESIAN_POINT('Ctrl Pts',(35.7562372615168,-3.,-39.0212471933175));
#3938=CARTESIAN_POINT('Ctrl Pts',(35.7834162910269,-2.99999999999999,-39.0737494503518));
#3939=CARTESIAN_POINT('Ctrl Pts',(35.8137518421657,-3.,-39.1246490306315));
#3940=CARTESIAN_POINT('Ctrl Pts',(35.8470255156046,-3.,-39.1737188878109));
#3941=CARTESIAN_POINT('Ctrl Pts',(35.8550901162273,-3.,-39.1856120381566));
#3942=CARTESIAN_POINT('Ctrl Pts',(35.8633233325412,-3.,-39.1973913583536));
#3943=CARTESIAN_POINT('Ctrl Pts',(35.8717174596909,-3.,-39.2090480008084));
#3944=CARTESIAN_POINT('Ctrl Pts',(35.9068863027431,-3.,-39.2578857920045));
#3945=CARTESIAN_POINT('Ctrl Pts',(35.9448995245351,-3.,-39.304606493484));
#3946=CARTESIAN_POINT('Ctrl Pts',(35.985512403321,-3.,-39.34897948151));
#3947=CARTESIAN_POINT('Ctrl Pts',(36.0116618871103,-3.,-39.3775499932727));
#3948=CARTESIAN_POINT('Ctrl Pts',(36.0388898557601,-3.,-39.4051464492851));
#3949=CARTESIAN_POINT('Ctrl Pts',(36.0671367052625,-3.,-39.4316973354707));
#3950=CARTESIAN_POINT('Ctrl Pts',(36.0788712669621,-3.,-39.44272734475));
#3951=CARTESIAN_POINT('Ctrl Pts',(36.090786042818,-3.,-39.4535804184096));
#3952=CARTESIAN_POINT('Ctrl Pts',(36.1028524926519,-3.,-39.4642300659113));
#3953=CARTESIAN_POINT('Ctrl Pts',(36.1485104952905,-3.,-39.5045270580197));
#3954=CARTESIAN_POINT('Ctrl Pts',(36.1963894325469,-3.,-39.5419675997345));
#3955=CARTESIAN_POINT('Ctrl Pts',(36.246232199824,-3.,-39.5763163920684));
#3956=CARTESIAN_POINT('Ctrl Pts',(36.2931741537719,-3.,-39.6086661093092));
#3957=CARTESIAN_POINT('Ctrl Pts',(36.3418590809374,-3.,-39.6382736006073));
#3958=CARTESIAN_POINT('Ctrl Pts',(36.3920908802601,-2.99999999999999,-39.6648960839946));
#3959=CARTESIAN_POINT('Ctrl Pts',(36.4202501578956,-2.99999999999999,-39.6798202935822));
#3960=CARTESIAN_POINT('Ctrl Pts',(36.4488958038836,-3.,-39.6938055881907));
#3961=CARTESIAN_POINT('Ctrl Pts',(36.4779943038506,-3.,-39.7068020444644));
#3962=CARTESIAN_POINT('Ctrl Pts',(36.5036820715373,-3.,-39.7182751427302));
#3963=CARTESIAN_POINT('Ctrl Pts',(36.5297227813626,-3.,-39.7289775651236));
#3964=CARTESIAN_POINT('Ctrl Pts',(36.5560933522479,-3.,-39.7388712910209));
#3965=CARTESIAN_POINT('Ctrl Pts',(36.5652262909648,-3.,-39.7422977922027));
#3966=CARTESIAN_POINT('Ctrl Pts',(36.574394774607,-3.,-39.7456256933547));
#3967=CARTESIAN_POINT('Ctrl Pts',(36.5835901798706,-3.,-39.7488511078045));
#3968=CARTESIAN_POINT('Ctrl Pts',(36.6350167158121,-3.,-39.7668896702578));
#3969=CARTESIAN_POINT('Ctrl Pts',(36.6873558280691,-3.,-39.7817534810522));
#3970=CARTESIAN_POINT('Ctrl Pts',(36.7404293502258,-3.,-39.793234941339));
#3971=CARTESIAN_POINT('Ctrl Pts',(36.7956680653911,-3.,-39.8051848004907));
#3972=CARTESIAN_POINT('Ctrl Pts',(36.8517034320734,-3.,-39.8134707577054));
#3973=CARTESIAN_POINT('Ctrl Pts',(36.908198671074,-3.,-39.8181852135134));
#3974=CARTESIAN_POINT('Ctrl Pts',(36.9566406910756,-3.,-39.8222276384432));
#3975=CARTESIAN_POINT('Ctrl Pts',(37.0054212775276,-3.,-39.8236431325669));
#3976=CARTESIAN_POINT('Ctrl Pts',(37.0543192138656,-2.99999999999999,-39.8224607415139));
#3977=CARTESIAN_POINT('Ctrl Pts',(37.0646582961245,-2.99999999999999,-39.8222107342687));
#3978=CARTESIAN_POINT('Ctrl Pts',(37.075002577113,-3.,-39.8218444922618));
#3979=CARTESIAN_POINT('Ctrl Pts',(37.0853498801157,-3.,-39.8213621498815));
#3980=CARTESIAN_POINT('Ctrl Pts',(37.0951558137598,-3.,-39.820905043583));
#3981=CARTESIAN_POINT('Ctrl Pts',(37.1049596755195,-3.,-39.8203438347395));
#3982=CARTESIAN_POINT('Ctrl Pts',(37.114751690533,-3.,-39.8196796067427));
#3983=CARTESIAN_POINT('Ctrl Pts',(37.1701385630101,-3.,-39.8159225137128));
#3984=CARTESIAN_POINT('Ctrl Pts',(37.2252255141528,-3.,-39.8088701131464));
#3985=CARTESIAN_POINT('Ctrl Pts',(37.2796973744355,-3.,-39.7986220900747));
#3986=CARTESIAN_POINT('Ctrl Pts',(37.333842377189,-3.,-39.7884355601021));
#3987=CARTESIAN_POINT('Ctrl Pts',(37.3873807377453,-3.,-39.7750911350047));
#3988=CARTESIAN_POINT('Ctrl Pts',(37.4399823642077,-3.,-39.7586401444165));
#3989=CARTESIAN_POINT('Ctrl Pts',(37.4670849671567,-3.,-39.7501638919503));
#3990=CARTESIAN_POINT('Ctrl Pts',(37.4939384546196,-2.99999999999999,-39.7408622122523));
#3991=CARTESIAN_POINT('Ctrl Pts',(37.5204941046867,-2.99999999999999,-39.7307379114662));
#3992=CARTESIAN_POINT('Ctrl Pts',(37.5374711017752,-2.99999999999999,-39.7242654574109));
#3993=CARTESIAN_POINT('Ctrl Pts',(37.5543263178379,-2.99999999999999,-39.7174567399644));
#3994=CARTESIAN_POINT('Ctrl Pts',(37.5710463563396,-2.99999999999999,-39.7103119382452));
#3995=CARTESIAN_POINT('Ctrl Pts',(37.5802996344802,-2.99999999999999,-39.7063578302711));
#3996=CARTESIAN_POINT('Ctrl Pts',(37.5895137988221,-3.,-39.7022997312144));
#3997=CARTESIAN_POINT('Ctrl Pts',(37.5986789880841,-3.,-39.6981410439142));
#3998=CARTESIAN_POINT('Ctrl Pts',(37.6472100807302,-3.,-39.6761201523779));
#3999=CARTESIAN_POINT('Ctrl Pts',(37.6942283021924,-2.99999999999999,-39.6513486136651));
#4000=CARTESIAN_POINT('Ctrl Pts',(37.7394398155475,-2.99999999999999,-39.6238890018388));
#4001=CARTESIAN_POINT('Ctrl Pts',(37.7830428578245,-2.99999999999999,-39.5974063091236));
#4002=CARTESIAN_POINT('Ctrl Pts',(37.8249661130603,-2.99999999999999,-39.5684228011981));
#4003=CARTESIAN_POINT('Ctrl Pts',(37.864913093506,-2.99999999999999,-39.5369610111279));
#4004=CARTESIAN_POINT('Ctrl Pts',(37.9043305628016,-2.99999999999999,-39.5059162580516));
#4005=CARTESIAN_POINT('Ctrl Pts',(37.9418244587247,-3.,-39.4724580822622));
#4006=CARTESIAN_POINT('Ctrl Pts',(37.9770675772751,-3.,-39.4365819805258));
#4007=CARTESIAN_POINT('Ctrl Pts',(37.9845028342189,-3.,-39.4290131828279));
#4008=CARTESIAN_POINT('Ctrl Pts',(37.9918377385128,-3.,-39.4213366826698));
#4009=CARTESIAN_POINT('Ctrl Pts',(37.9990710894422,-3.,-39.4135549284428));
#4010=CARTESIAN_POINT('Ctrl Pts',(37.9976976969815,-7.99999999999999,-39.4117166511507));
#4011=CARTESIAN_POINT('Ctrl Pts',(37.9632654790793,-7.99999999999999,-39.4485872271671));
#4012=CARTESIAN_POINT('Ctrl Pts',(37.9265938691081,-7.99999999999999,-39.4830759096142));
#4013=CARTESIAN_POINT('Ctrl Pts',(37.8880030513707,-7.99999999999999,-39.5151825342145));
#4014=CARTESIAN_POINT('Ctrl Pts',(37.8476713087021,-7.99999999999999,-39.5487375661434));
#4015=CARTESIAN_POINT('Ctrl Pts',(37.8052428368618,-7.99999999999999,-39.5796913895043));
#4016=CARTESIAN_POINT('Ctrl Pts',(37.7610333840128,-7.99999999999999,-39.6080156739184));
#4017=CARTESIAN_POINT('Ctrl Pts',(37.7250262213428,-7.99999999999999,-39.6310848831188));
#4018=CARTESIAN_POINT('Ctrl Pts',(37.6878364728352,-7.99999999999999,-39.6524093420656));
#4019=CARTESIAN_POINT('Ctrl Pts',(37.6496158235697,-7.99999999999999,-39.6719565738377));
#4020=CARTESIAN_POINT('Ctrl Pts',(37.6314836342917,-7.99999999999999,-39.6812299408047));
#4021=CARTESIAN_POINT('Ctrl Pts',(37.6131192150973,-7.99999999999999,-39.690103077755));
#4022=CARTESIAN_POINT('Ctrl Pts',(37.5945377732547,-7.99999999999999,-39.6985711253261));
#4023=CARTESIAN_POINT('Ctrl Pts',(37.5854162029348,-7.99999999999999,-39.7027280627719));
#4024=CARTESIAN_POINT('Ctrl Pts',(37.5762503925949,-7.99999999999999,-39.7067836624049));
#4025=CARTESIAN_POINT('Ctrl Pts',(37.5670457519434,-7.99999999999999,-39.7107364186585));
#4026=CARTESIAN_POINT('Ctrl Pts',(37.5169600795662,-7.99999999999999,-39.7322447493146));
#4027=CARTESIAN_POINT('Ctrl Pts',(37.465697341216,-7.99999999999999,-39.7507248538813));
#4028=CARTESIAN_POINT('Ctrl Pts',(37.4135888356313,-7.99999999999999,-39.7661492079756));
#4029=CARTESIAN_POINT('Ctrl Pts',(37.3606816904433,-7.99999999999999,-39.7818099630163));
#4030=CARTESIAN_POINT('Ctrl Pts',(37.3069017108711,-7.99999999999999,-39.7943211525283));
#4031=CARTESIAN_POINT('Ctrl Pts',(37.2525620662057,-7.99999999999999,-39.8036130418963));
#4032=CARTESIAN_POINT('Ctrl Pts',(37.2130853111321,-7.99999999999999,-39.8103634290769));
#4033=CARTESIAN_POINT('Ctrl Pts',(37.1733124117262,-7.99999999999999,-39.8154139223127));
#4034=CARTESIAN_POINT('Ctrl Pts',(37.1333570627318,-7.99999999999999,-39.8187219259814));
#4035=CARTESIAN_POINT('Ctrl Pts',(37.1211600276832,-7.99999999999999,-39.8197317491391));
#4036=CARTESIAN_POINT('Ctrl Pts',(37.1089459680585,-7.99999999999999,-39.8205790925986));
#4037=CARTESIAN_POINT('Ctrl Pts',(37.0967180741293,-7.99999999999999,-39.8212624709863));
#4038=CARTESIAN_POINT('Ctrl Pts',(37.0869598097241,-7.99999999999999,-39.8218078295766));
#4039=CARTESIAN_POINT('Ctrl Pts',(37.0771949646846,-7.99999999999999,-39.8222485571081));
#4040=CARTESIAN_POINT('Ctrl Pts',(37.067436507182,-7.99999999999999,-39.8225838362651));
#4041=CARTESIAN_POINT('Ctrl Pts',(37.0106210283253,-7.99999999999999,-39.8245358912746));
#4042=CARTESIAN_POINT('Ctrl Pts',(36.9539173189159,-7.99999999999999,-39.8229236016461));
#4043=CARTESIAN_POINT('Ctrl Pts',(36.8976588415187,-7.99999999999999,-39.8176902579658));
#4044=CARTESIAN_POINT('Ctrl Pts',(36.856694799008,-7.99999999999999,-39.8138796515841));
#4045=CARTESIAN_POINT('Ctrl Pts',(36.8159660883389,-7.99999999999999,-39.8081483379098));
#4046=CARTESIAN_POINT('Ctrl Pts',(36.7755960662398,-7.99999999999999,-39.8004578646425));
#4047=CARTESIAN_POINT('Ctrl Pts',(36.7215551827649,-7.99999999999999,-39.7901630976819));
#4048=CARTESIAN_POINT('Ctrl Pts',(36.6681563917057,-7.99999999999999,-39.776359771276));
#4049=CARTESIAN_POINT('Ctrl Pts',(36.6156013489227,-7.99999999999999,-39.7592748948737));
#4050=CARTESIAN_POINT('Ctrl Pts',(36.600501626342,-7.99999999999999,-39.7543661957206));
#4051=CARTESIAN_POINT('Ctrl Pts',(36.5854715927517,-7.99999999999999,-39.7491862828821));
#4052=CARTESIAN_POINT('Ctrl Pts',(36.5705161683987,-7.99999999999999,-39.7437397755706));
#4053=CARTESIAN_POINT('Ctrl Pts',(36.5609661304597,-7.99999999999999,-39.7402618166553));
#4054=CARTESIAN_POINT('Ctrl Pts',(36.5514466026149,-7.99999999999999,-39.736675061393));
#4055=CARTESIAN_POINT('Ctrl Pts',(36.54197220592,-7.99999999999999,-39.732986173196));
#4056=CARTESIAN_POINT('Ctrl Pts',(36.4891706955192,-7.99999999999999,-39.7124277276533));
#4057=CARTESIAN_POINT('Ctrl Pts',(36.4376663097511,-7.99999999999999,-39.6886643242349));
#4058=CARTESIAN_POINT('Ctrl Pts',(36.3876646398289,-7.99999999999999,-39.6619840583388));
#4059=CARTESIAN_POINT('Ctrl Pts',(36.3364584665048,-7.99999999999999,-39.6346610844874));
#4060=CARTESIAN_POINT('Ctrl Pts',(36.2868273860547,-7.99999999999999,-39.6042786756868));
#4061=CARTESIAN_POINT('Ctrl Pts',(36.2389978731932,-7.99999999999999,-39.5710906527317));
#4062=CARTESIAN_POINT('Ctrl Pts',(36.2087063861231,-7.99999999999999,-39.5500719446563));
#4063=CARTESIAN_POINT('Ctrl Pts',(36.1791376566626,-8.,-39.5279268140745));
#4064=CARTESIAN_POINT('Ctrl Pts',(36.1503529128113,-8.,-39.5047096886206));
#4065=CARTESIAN_POINT('Ctrl Pts',(36.1280474357805,-8.,-39.4867185937125));
#4066=CARTESIAN_POINT('Ctrl Pts',(36.1062127743104,-7.99999999999999,-39.4680836262997));
#4067=CARTESIAN_POINT('Ctrl Pts',(36.0848792592766,-7.99999999999999,-39.4488273120539));
#4068=CARTESIAN_POINT('Ctrl Pts',(36.076512237414,-7.99999999999999,-39.4412749700215));
#4069=CARTESIAN_POINT('Ctrl Pts',(36.068228964745,-8.,-39.4336329973484));
#4070=CARTESIAN_POINT('Ctrl Pts',(36.0600327571763,-8.,-39.425904859378));
#4071=CARTESIAN_POINT('Ctrl Pts',(36.0201115912213,-8.,-39.3882635141762));
#4072=CARTESIAN_POINT('Ctrl Pts',(35.9822410433422,-8.,-39.3485682745578));
#4073=CARTESIAN_POINT('Ctrl Pts',(35.946607208859,-8.,-39.3070143192736));
#4074=CARTESIAN_POINT('Ctrl Pts',(35.9196176431258,-8.,-39.2755407710607));
#4075=CARTESIAN_POINT('Ctrl Pts',(35.8939113751406,-8.,-39.2430001507149));
#4076=CARTESIAN_POINT('Ctrl Pts',(35.8695765596004,-8.,-39.2094658772632));
#4077=CARTESIAN_POINT('Ctrl Pts',(35.8612680893174,-8.,-39.198016498739));
#4078=CARTESIAN_POINT('Ctrl Pts',(35.8531186303195,-8.,-39.1864498579629));
#4079=CARTESIAN_POINT('Ctrl Pts',(35.8451348114727,-8.,-39.1747728999251));
#4080=CARTESIAN_POINT('Ctrl Pts',(35.8107371841694,-8.,-39.1244636859604));
#4081=CARTESIAN_POINT('Ctrl Pts',(35.779500582592,-7.99999999999999,-39.0722412465355));
#4082=CARTESIAN_POINT('Ctrl Pts',(35.7516834033301,-7.99999999999999,-39.0183527803943));
#4083=CARTESIAN_POINT('Ctrl Pts',(35.7299660797515,-7.99999999999999,-38.9762811797724));
#4084=CARTESIAN_POINT('Ctrl Pts',(35.7103332803324,-7.99999999999999,-38.9331930926939));
#4085=CARTESIAN_POINT('Ctrl Pts',(35.6929241017897,-7.99999999999999,-38.8891909791053));
#4086=CARTESIAN_POINT('Ctrl Pts',(35.6881807169567,-7.99999999999999,-38.8772019609156));
#4087=CARTESIAN_POINT('Ctrl Pts',(35.6836025041602,-7.99999999999999,-38.8651450233047));
#4088=CARTESIAN_POINT('Ctrl Pts',(35.6791885446207,-7.99999999999999,-38.8530232516543));
#4089=CARTESIAN_POINT('Ctrl Pts',(37.1714810930526,-7.19341967361941,-37.1881477395483));
#4090=CARTESIAN_POINT('Ctrl Pts',(37.104822167848,-7.19762377985041,-37.1875688735424));
#4091=CARTESIAN_POINT('Ctrl Pts',(37.0382470343773,-7.20182788608141,-37.1923812299922));
#4092=CARTESIAN_POINT('Ctrl Pts',(36.9725803341946,-7.20603199231241,-37.2028768548934));
#4093=CARTESIAN_POINT('Ctrl Pts',(36.55919671787,-7.23249759256866,-37.2689486898598));
#4094=CARTESIAN_POINT('Ctrl Pts',(36.1818136547156,-7.25896319282492,-37.5602443368156));
#4095=CARTESIAN_POINT('Ctrl Pts',(36.0131865320496,-7.28542879308117,-37.9434124913746));
#4096=CARTESIAN_POINT('Ctrl Pts',(35.8445594093835,-7.31189439333742,-38.3265806459336));
#4097=CARTESIAN_POINT('Ctrl Pts',(35.8846882272058,-7.33835999359367,-38.8016213080957));
#4098=CARTESIAN_POINT('Ctrl Pts',(36.1152150394259,-7.36482559384992,-39.1510652001094));
#4099=CARTESIAN_POINT('Ctrl Pts',(36.345741851646,-7.39129119410618,-39.5005090921232));
#4100=CARTESIAN_POINT('Ctrl Pts',(36.7666666582639,-7.41775679436243,-39.7243562139886));
#4101=CARTESIAN_POINT('Ctrl Pts',(37.1852697421086,-7.44422239461868,-39.7201340214628));
#4102=CARTESIAN_POINT('Ctrl Pts',(37.6038728259533,-7.47068799487494,-39.7159118289369));
#4103=CARTESIAN_POINT('Ctrl Pts',(38.0201541870249,-7.49715359513119,-39.4836203220198));
#4104=CARTESIAN_POINT('Ctrl Pts',(38.2435951701623,-7.52361919538744,-39.1295956676685));
#4105=CARTESIAN_POINT('Ctrl Pts',(38.4670361532998,-7.55008479564369,-38.7755710133171));
#4106=CARTESIAN_POINT('Ctrl Pts',(38.4976367585032,-7.57655039589995,-38.2998132115315));
#4107=CARTESIAN_POINT('Ctrl Pts',(38.321287992119,-7.6030159961562,-37.9201272567395));
#4108=CARTESIAN_POINT('Ctrl Pts',(38.1449392257347,-7.62948159641246,-37.5404413019475));
#4109=CARTESIAN_POINT('Ctrl Pts',(37.7616410877627,-7.65594719666871,-37.2568271941491));
#4110=CARTESIAN_POINT('Ctrl Pts',(37.3470638473653,-7.68241279692496,-37.1991033322867));
#4111=CARTESIAN_POINT('Ctrl Pts',(37.289590491749,-7.68608175582311,-37.1911010019195));
#4112=CARTESIAN_POINT('Ctrl Pts',(37.2315159949543,-7.68975071472126,-37.1874399703139));
#4113=CARTESIAN_POINT('Ctrl Pts',(37.1733830896552,-7.69341967361941,-37.1879152159488));
#4114=CARTESIAN_POINT('Ctrl Pts',(35.6818369698265,-7.99999999999999,-38.055086656571));
#4115=CARTESIAN_POINT('Ctrl Pts',(35.8143733250321,-7.97353439974374,-37.5593316253665));
#4116=CARTESIAN_POINT('Ctrl Pts',(36.6110945569556,-7.92060319923124,-36.7190977783082));
#4117=CARTESIAN_POINT('Ctrl Pts',(38.3285302337884,-7.84120639846247,-37.041496340125));
#4118=CARTESIAN_POINT('Ctrl Pts',(38.9843401908266,-7.76180959769372,-38.659297129773));
#4119=CARTESIAN_POINT('Ctrl Pts',(37.9827941941583,-7.68241279692495,-40.0875251174386));
#4120=CARTESIAN_POINT('Ctrl Pts',(36.2385846233548,-7.6030159961562,-40.0203891203127));
#4121=CARTESIAN_POINT('Ctrl Pts',(35.3498163554977,-7.52361919538744,-38.5184267811594));
#4122=CARTESIAN_POINT('Ctrl Pts',(36.1296521728027,-7.44422239461868,-36.9572662444331));
#4123=CARTESIAN_POINT('Ctrl Pts',(37.8643789607005,-7.36482559384992,-36.7660376315196));
#4124=CARTESIAN_POINT('Ctrl Pts',(38.9655767770972,-7.28542879308117,-38.1199420967401));
#4125=CARTESIAN_POINT('Ctrl Pts',(38.4250857626434,-7.20603199231241,-39.7793171513548));
#4126=CARTESIAN_POINT('Ctrl Pts',(36.7377312593101,-7.12663519154365,-40.2249059148535));
#4127=CARTESIAN_POINT('Ctrl Pts',(35.4484346759813,-7.0472383907749,-39.048722836044));
#4128=CARTESIAN_POINT('Ctrl Pts',(35.7376376521991,-6.96784159000613,-37.3276617129572));
#4129=CARTESIAN_POINT('Ctrl Pts',(37.3405570219481,-6.88844478923737,-36.6374833241609));
#4130=CARTESIAN_POINT('Ctrl Pts',(38.7895939976929,-6.80904798846862,-37.6101011424328));
#4131=CARTESIAN_POINT('Ctrl Pts',(38.7580443953127,-6.72965118769986,-39.355007489071));
#4132=CARTESIAN_POINT('Ctrl Pts',(37.2747937490541,-6.6502543869311,-40.2746062409048));
#4133=CARTESIAN_POINT('Ctrl Pts',(35.6978729123081,-6.57085758616234,-39.5269334578369));
#4134=CARTESIAN_POINT('Ctrl Pts',(35.4710746115474,-6.49146078539358,-37.7965414569776));
#4135=CARTESIAN_POINT('Ctrl Pts',(36.8020502855617,-6.41206398462482,-36.6677377574834));
#4136=CARTESIAN_POINT('Ctrl Pts',(38.4721888307278,-6.33266718385606,-37.1740293927152));
#4137=CARTESIAN_POINT('Ctrl Pts',(38.9523493823581,-6.25327038308731,-38.8518672372914));
#4138=CARTESIAN_POINT('Ctrl Pts',(37.8029078466663,-6.17387358231854,-40.1650611125107));
#4139=CARTESIAN_POINT('Ctrl Pts',(36.0762667663331,-6.09447678154979,-39.9112805572605));
#4140=CARTESIAN_POINT('Ctrl Pts',(35.3532994581878,-6.01507998078102,-38.3228812801887));
#4141=CARTESIAN_POINT('Ctrl Pts',(36.2959383544697,-5.93568318001227,-36.8541655472166));
#4142=CARTESIAN_POINT('Ctrl Pts',(38.0411247114925,-5.85628637924351,-36.8498560935718));
#4143=CARTESIAN_POINT('Ctrl Pts',(38.991005576764,-5.77688957847476,-38.3138985568131));
#4144=CARTESIAN_POINT('Ctrl Pts',(38.2758916248492,-5.69749277770599,-39.9058489417987));
#4145=CARTESIAN_POINT('Ctrl Pts',(36.5505249325232,-5.61809597693724,-40.168153667975));
#4146=CARTESIAN_POINT('Ctrl Pts',(35.3946120181122,-5.53869917616847,-38.860652491417));
#4147=CARTESIAN_POINT('Ctrl Pts',(35.8664804671131,-5.45930237539972,-37.1804637641462));
#4148=CARTESIAN_POINT('Ctrl Pts',(37.5340982552429,-5.37990557463096,-36.6659300868195));
#4149=CARTESIAN_POINT('Ctrl Pts',(38.8706324479469,-5.30050877386221,-37.788146796793));
#4150=CARTESIAN_POINT('Ctrl Pts',(38.65238272364,-5.22111197309344,-39.5196377873103));
#4151=CARTESIAN_POINT('Ctrl Pts',(37.0791735681504,-5.14171517232469,-40.2750892718188));
#4152=CARTESIAN_POINT('Ctrl Pts',(35.5913995182735,-5.06231837155592,-39.3628270458159));
#4153=CARTESIAN_POINT('Ctrl Pts',(35.5512326705544,-4.98292157078717,-37.6180976637263));
#4154=CARTESIAN_POINT('Ctrl Pts',(36.9954488774177,-4.90352477001841,-36.6383356824459));
#4155=CARTESIAN_POINT('Ctrl Pts',(38.6017566135682,-4.82412796924965,-37.3205888977894));
#4156=CARTESIAN_POINT('Ctrl Pts',(38.8994570334739,-4.74473116848089,-39.0402017763284));
#4157=CARTESIAN_POINT('Ctrl Pts',(37.6159824021277,-4.66533436771212,-40.2227358609146));
#4158=CARTESIAN_POINT('Ctrl Pts',(35.9264529101485,-4.58593756694338,-39.7854898276345));
#4159=CARTESIAN_POINT('Ctrl Pts',(35.3777633556908,-4.50654076617461,-38.1287962045214));
#4160=CARTESIAN_POINT('Ctrl Pts',(36.4722814093236,-4.42714396540586,-36.7694860080517));
#4161=CARTESIAN_POINT('Ctrl Pts',(38.2078912470627,-4.3477471646371,-36.9521127529519));
#4162=CARTESIAN_POINT('Ctrl Pts',(38.9955079140373,-4.26835036386834,-38.5094675396881));
#4163=CARTESIAN_POINT('Ctrl Pts',(38.1140075867423,-4.18895356309958,-40.0156717386209));
#4164=CARTESIAN_POINT('Ctrl Pts',(36.3704717430323,-4.10955676233083,-40.0916790126102));
#4165=CARTESIAN_POINT('Ctrl Pts',(35.3612425258263,-4.03015996156206,-38.6678988599579));
#4166=CARTESIAN_POINT('Ctrl Pts',(36.01034653758,-3.95076316079331,-37.0479119589549));
#4167=CARTESIAN_POINT('Ctrl Pts',(37.7234803501426,-3.87136636002455,-36.7149416081237));
#4168=CARTESIAN_POINT('Ctrl Pts',(38.9321346980993,-3.79196955925579,-37.9738476483106));
#4169=CARTESIAN_POINT('Ctrl Pts',(38.5296989209456,-3.71257275848703,-39.6720048141607));
#4170=CARTESIAN_POINT('Ctrl Pts',(36.8846225118017,-3.63317595771827,-40.2546180427726));
#4171=CARTESIAN_POINT('Ctrl Pts',(35.5031231224405,-3.55377915694951,-39.1882618425385));
#4172=CARTESIAN_POINT('Ctrl Pts',(35.6500240420951,-3.47438235618075,-37.4492638403586));
#4173=CARTESIAN_POINT('Ctrl Pts',(37.1909183397093,-3.39498555541199,-36.6298187997202));
#4174=CARTESIAN_POINT('Ctrl Pts',(38.7148139587147,-3.31558875464324,-37.4801765278322));
#4175=CARTESIAN_POINT('Ctrl Pts',(38.8268349495279,-3.23619195387447,-39.2217996787469));
#4176=CARTESIAN_POINT('Ctrl Pts',(37.4236815318957,-3.15679515310572,-40.2600360466225));
#4177=CARTESIAN_POINT('Ctrl Pts',(35.7915203658951,-3.07739835233696,-39.6444229405297));
#4178=CARTESIAN_POINT('Ctrl Pts',(35.4217715786403,-2.9980015515682,-37.9383596565159));
#4179=CARTESIAN_POINT('Ctrl Pts',(36.6589784560965,-2.91860475079944,-36.7043234823723));
#4180=CARTESIAN_POINT('Ctrl Pts',(37.7906190834626,-2.86567355028694,-36.9495725998725));
#4181=CARTESIAN_POINT('Ctrl Pts',(38.179446488404,-2.83920795003068,-37.2844639040031));
#4182=CARTESIAN_POINT('Ctrl Pts',(35.7715206738141,-8.05359734998976,-38.0790629160131));
#4183=CARTESIAN_POINT('Ctrl Pts',(35.89608308758,-8.02713174973351,-37.6131345808963));
#4184=CARTESIAN_POINT('Ctrl Pts',(36.6448702380408,-7.97420054922101,-36.8234527162113));
#4185=CARTESIAN_POINT('Ctrl Pts',(38.2589778016747,-7.89480374845224,-37.1264544321724));
#4186=CARTESIAN_POINT('Ctrl Pts',(38.8753314888846,-7.81540694768349,-38.6469215601404));
#4187=CARTESIAN_POINT('Ctrl Pts',(37.9340426881705,-7.73601014691473,-39.9892213787489));
#4188=CARTESIAN_POINT('Ctrl Pts',(36.2947720600045,-7.65661334614597,-39.926124563995));
#4189=CARTESIAN_POINT('Ctrl Pts',(35.4594758082627,-7.57721654537722,-38.5145265608655));
#4190=CARTESIAN_POINT('Ctrl Pts',(36.1923934412688,-7.49781974460844,-37.0472919713152));
#4191=CARTESIAN_POINT('Ctrl Pts',(37.822751810409,-7.4184229438397,-36.8675684715356));
#4192=CARTESIAN_POINT('Ctrl Pts',(38.8576969605999,-7.33902614307094,-38.1400163816548));
#4193=CARTESIAN_POINT('Ctrl Pts',(38.3497241460868,-7.25962934230218,-39.6995564929318));
#4194=CARTESIAN_POINT('Ctrl Pts',(36.7638879467453,-7.18023254153342,-40.1183367728197));
#4195=CARTESIAN_POINT('Ctrl Pts',(35.5521608381318,-7.10083574076466,-39.0129177872157));
#4196=CARTESIAN_POINT('Ctrl Pts',(35.8239641537585,-7.0214389399959,-37.3954028993374));
#4197=CARTESIAN_POINT('Ctrl Pts',(37.3304451902874,-6.94204213922714,-36.746748528964));
#4198=CARTESIAN_POINT('Ctrl Pts',(38.6923020412224,-6.86264533845839,-37.6608495914812));
#4199=CARTESIAN_POINT('Ctrl Pts',(38.6626505948722,-6.78324853768962,-39.3007750745336));
#4200=CARTESIAN_POINT('Ctrl Pts',(37.2686385109344,-6.70385173692087,-40.1650469193927));
#4201=CARTESIAN_POINT('Ctrl Pts',(35.7865918269285,-6.62445493615211,-39.4623572579676));
#4202=CARTESIAN_POINT('Ctrl Pts',(35.5734386604866,-6.54505813538335,-37.8360728769481));
#4203=CARTESIAN_POINT('Ctrl Pts',(36.8243372713743,-6.46566133461459,-36.7751827290439));
#4204=CARTESIAN_POINT('Ctrl Pts',(38.3939932965947,-6.38626453384583,-37.251013742022));
#4205=CARTESIAN_POINT('Ctrl Pts',(38.8452653812496,-6.30686773307708,-38.827905844599));
#4206=CARTESIAN_POINT('Ctrl Pts',(37.7649790556874,-6.22747093230831,-40.0620924840764));
#4207=CARTESIAN_POINT('Ctrl Pts',(36.1422199241279,-6.14807413153956,-39.823580428424));
#4208=CARTESIAN_POINT('Ctrl Pts',(35.4627493529275,-6.0686773307708,-38.3307458950687));
#4209=CARTESIAN_POINT('Ctrl Pts',(36.3486751507833,-5.98928053000204,-36.9503942432443));
#4210=CARTESIAN_POINT('Ctrl Pts',(37.9888637976244,-5.90988372923328,-36.9463440643544));
#4211=CARTESIAN_POINT('Ctrl Pts',(38.8815958573271,-5.83048692846453,-38.3223036099001));
#4212=CARTESIAN_POINT('Ctrl Pts',(38.2095061516012,-5.75109012769576,-39.8184756016651));
#4213=CARTESIAN_POINT('Ctrl Pts',(36.5879447355363,-5.67169332692701,-40.0649989784699));
#4214=CARTESIAN_POINT('Ctrl Pts',(35.5015763764641,-5.59229652615824,-38.8361625410935));
#4215=CARTESIAN_POINT('Ctrl Pts',(35.9450552460642,-5.51289972538949,-37.257060994757));
#4216=CARTESIAN_POINT('Ctrl Pts',(37.5123421735343,-5.43350292462073,-36.7734838154073));
#4217=CARTESIAN_POINT('Ctrl Pts',(38.7684648793797,-5.35410612385198,-37.8281832746295));
#4218=CARTESIAN_POINT('Ctrl Pts',(38.5633459712792,-5.2747093230832,-39.4555005254927));
#4219=CARTESIAN_POINT('Ctrl Pts',(37.0847876582618,-5.19531252231446,-40.1655008891467));
#4220=CARTESIAN_POINT('Ctrl Pts',(35.6865243175857,-5.11591572154569,-39.3081241740407));
#4221=CARTESIAN_POINT('Ctrl Pts',(35.6487740754163,-5.03651892077694,-37.6683650086095));
#4222=CARTESIAN_POINT('Ctrl Pts',(37.0061001950878,-4.95712212000817,-36.7475496058097));
#4223=CARTESIAN_POINT('Ctrl Pts',(38.5157657397243,-4.87772531923942,-37.3887556143109));
#4224=CARTESIAN_POINT('Ctrl Pts',(38.7955552572874,-4.79832851847066,-39.0049093900906));
#4225=CARTESIAN_POINT('Ctrl Pts',(37.589299827676,-4.7189317177019,-40.1162972784017));
#4226=CARTESIAN_POINT('Ctrl Pts',(36.0014194961021,-4.63953491693315,-39.7053577951903));
#4227=CARTESIAN_POINT('Ctrl Pts',(35.4857414000407,-4.56013811616438,-38.1483377892812));
#4228=CARTESIAN_POINT('Ctrl Pts',(36.5144086699326,-4.48074131539563,-36.8708093793133));
#4229=CARTESIAN_POINT('Ctrl Pts',(38.1455969609423,-4.40134451462687,-37.0424485354352));
#4230=CARTESIAN_POINT('Ctrl Pts',(38.8858273151598,-4.32194771385811,-38.5061063448316));
#4231=CARTESIAN_POINT('Ctrl Pts',(38.0573617342791,-4.24255091308935,-39.9216909997154));
#4232=CARTESIAN_POINT('Ctrl Pts',(36.4187242989669,-4.16315411232059,-39.993125358214));
#4233=CARTESIAN_POINT('Ctrl Pts',(35.4702145323964,-4.08375731155183,-38.655005774262));
#4234=CARTESIAN_POINT('Ctrl Pts',(36.0802657320366,-4.00436051078307,-37.1324840605413));
#4235=CARTESIAN_POINT('Ctrl Pts',(37.6903302495465,-3.92496371001432,-36.8195465986076));
#4236=CARTESIAN_POINT('Ctrl Pts',(38.8262668969402,-3.84556690924556,-38.0027115862579));
#4237=CARTESIAN_POINT('Ctrl Pts',(38.4480433392589,-3.7661701084768,-39.5987005147588));
#4238=CARTESIAN_POINT('Ctrl Pts',(36.9019416071395,-3.68677330770804,-40.1462612948573));
#4239=CARTESIAN_POINT('Ctrl Pts',(35.603558998927,-3.60737650693928,-39.1440615434815));
#4240=CARTESIAN_POINT('Ctrl Pts',(35.7416217448671,-3.52797970617052,-37.5096889341742));
#4241=CARTESIAN_POINT('Ctrl Pts',(37.1898093970104,-3.44858290540176,-36.7395451343692));
#4242=CARTESIAN_POINT('Ctrl Pts',(38.6220210821438,-3.36918610463301,-37.5387417850824));
#4243=CARTESIAN_POINT('Ctrl Pts',(38.7273024216411,-3.28978930386425,-39.1755816031973));
#4244=CARTESIAN_POINT('Ctrl Pts',(37.4085685820626,-3.21039250309549,-40.1513533289357));
#4245=CARTESIAN_POINT('Ctrl Pts',(35.8746050580433,-3.13099570232673,-39.5727780820018));
#4246=CARTESIAN_POINT('Ctrl Pts',(35.5271019042407,-3.05159890155797,-37.969358700472));
#4247=CARTESIAN_POINT('Ctrl Pts',(36.6898732415432,-2.97220210078922,-36.8095673037099));
#4248=CARTESIAN_POINT('Ctrl Pts',(37.7534296358737,-2.91927090027671,-37.0400612085888));
#4249=CARTESIAN_POINT('Ctrl Pts',(38.1188635579298,-2.89280530002045,-37.3548040512374));
#4250=CARTESIAN_POINT('Ctrl Pts',(35.8612043778018,-8.10719469997953,-38.1030391754552));
#4251=CARTESIAN_POINT('Ctrl Pts',(35.9777928501278,-8.08072909972328,-37.6669375364262));
#4252=CARTESIAN_POINT('Ctrl Pts',(36.678645919126,-8.02779789921077,-36.9278076541144));
#4253=CARTESIAN_POINT('Ctrl Pts',(38.1894253695609,-7.94840109844202,-37.2114125242198));
#4254=CARTESIAN_POINT('Ctrl Pts',(38.7663227869426,-7.86900429767326,-38.6345459905077));
#4255=CARTESIAN_POINT('Ctrl Pts',(37.8852911821827,-7.7896074969045,-39.8909176400593));
#4256=CARTESIAN_POINT('Ctrl Pts',(36.3509594966541,-7.71021069613574,-39.8318600076772));
#4257=CARTESIAN_POINT('Ctrl Pts',(35.5691352610278,-7.63081389536699,-38.5106263405716));
#4258=CARTESIAN_POINT('Ctrl Pts',(36.255134709735,-7.55141709459822,-37.1373176981974));
#4259=CARTESIAN_POINT('Ctrl Pts',(37.7811246601174,-7.47202029382947,-36.9690993115516));
#4260=CARTESIAN_POINT('Ctrl Pts',(38.7498171441026,-7.3926234930607,-38.1600906665695));
#4261=CARTESIAN_POINT('Ctrl Pts',(38.2743625295301,-7.31322669229195,-39.6197958345088));
#4262=CARTESIAN_POINT('Ctrl Pts',(36.7900446341806,-7.23382989152319,-40.0117676307859));
#4263=CARTESIAN_POINT('Ctrl Pts',(35.6558870002823,-7.15443309075443,-38.9771127383874));
#4264=CARTESIAN_POINT('Ctrl Pts',(35.9102906553178,-7.07503628998567,-37.4631440857175));
#4265=CARTESIAN_POINT('Ctrl Pts',(37.3203333586268,-6.99563948921692,-36.8560137337671));
#4266=CARTESIAN_POINT('Ctrl Pts',(38.5950100847519,-6.91624268844815,-37.7115980405295));
#4267=CARTESIAN_POINT('Ctrl Pts',(38.5672567944317,-6.8368458876794,-39.2465426599961));
#4268=CARTESIAN_POINT('Ctrl Pts',(37.2624832728147,-6.75744908691064,-40.0554875978805));
#4269=CARTESIAN_POINT('Ctrl Pts',(35.8753107415489,-6.67805228614188,-39.3977810580982));
#4270=CARTESIAN_POINT('Ctrl Pts',(35.6758027094258,-6.59865548537312,-37.8756042969188));
#4271=CARTESIAN_POINT('Ctrl Pts',(36.846624257187,-6.51925868460436,-36.8826277006042));
#4272=CARTESIAN_POINT('Ctrl Pts',(38.3157977624616,-6.43986188383561,-37.3279980913288));
#4273=CARTESIAN_POINT('Ctrl Pts',(38.7381813801411,-6.36046508306684,-38.8039444519065));
#4274=CARTESIAN_POINT('Ctrl Pts',(37.7270502647086,-6.28106828229809,-39.9591238556423));
#4275=CARTESIAN_POINT('Ctrl Pts',(36.2081730819226,-6.20167148152933,-39.7358802995873));
#4276=CARTESIAN_POINT('Ctrl Pts',(35.5721992476673,-6.12227468076057,-38.3386105099488));
#4277=CARTESIAN_POINT('Ctrl Pts',(36.4014119470969,-6.04287787999181,-37.046622939272));
#4278=CARTESIAN_POINT('Ctrl Pts',(37.9366028837564,-5.96348107922305,-37.042832035137));
#4279=CARTESIAN_POINT('Ctrl Pts',(38.7721861378903,-5.8840842784543,-38.3307086629871));
#4280=CARTESIAN_POINT('Ctrl Pts',(38.1431206783532,-5.80468747768553,-39.7311022615314));
#4281=CARTESIAN_POINT('Ctrl Pts',(36.6253645385495,-5.72529067691678,-39.9618442889649));
#4282=CARTESIAN_POINT('Ctrl Pts',(35.6085407348161,-5.64589387614801,-38.81167259077));
#4283=CARTESIAN_POINT('Ctrl Pts',(36.0236300250152,-5.56649707537926,-37.3336582253679));
#4284=CARTESIAN_POINT('Ctrl Pts',(37.4905860918256,-5.4871002746105,-36.8810375439951));
#4285=CARTESIAN_POINT('Ctrl Pts',(38.6662973108124,-5.40770347384174,-37.8682197524661));
#4286=CARTESIAN_POINT('Ctrl Pts',(38.4743092189184,-5.32830667307298,-39.3913632636751));
#4287=CARTESIAN_POINT('Ctrl Pts',(37.0904017483732,-5.24890987230422,-40.0559125064746));
#4288=CARTESIAN_POINT('Ctrl Pts',(35.781649116898,-5.16951307153547,-39.2534213022655));
#4289=CARTESIAN_POINT('Ctrl Pts',(35.7463154802783,-5.0901162707667,-37.7186323534928));
#4290=CARTESIAN_POINT('Ctrl Pts',(37.0167515127578,-5.01071946999795,-36.8567635291735));
#4291=CARTESIAN_POINT('Ctrl Pts',(38.4297748658805,-4.93132266922918,-37.4569223308324));
#4292=CARTESIAN_POINT('Ctrl Pts',(38.691653481101,-4.85192586846043,-38.9696170038527));
#4293=CARTESIAN_POINT('Ctrl Pts',(37.5626172532243,-4.77252906769167,-40.0098586958887));
#4294=CARTESIAN_POINT('Ctrl Pts',(36.0763860820556,-4.69313226692292,-39.6252257627462));
#4295=CARTESIAN_POINT('Ctrl Pts',(35.5937194443906,-4.61373546615415,-38.167879374041));
#4296=CARTESIAN_POINT('Ctrl Pts',(36.5565359305415,-4.5343386653854,-36.9721327505749));
#4297=CARTESIAN_POINT('Ctrl Pts',(38.0833026748219,-4.45494186461663,-37.1327843179184));
#4298=CARTESIAN_POINT('Ctrl Pts',(38.7761467162823,-4.37554506384788,-38.5027451499751));
#4299=CARTESIAN_POINT('Ctrl Pts',(38.0007158818159,-4.29614826307912,-39.8277102608098));
#4300=CARTESIAN_POINT('Ctrl Pts',(36.4669768549014,-4.21675146231037,-39.8945717038179));
#4301=CARTESIAN_POINT('Ctrl Pts',(35.5791865389665,-4.1373546615416,-38.6421126885662));
#4302=CARTESIAN_POINT('Ctrl Pts',(36.1501849264932,-4.05795786077285,-37.2170561621277));
#4303=CARTESIAN_POINT('Ctrl Pts',(37.6571801489505,-3.97856106000409,-36.9241515890915));
#4304=CARTESIAN_POINT('Ctrl Pts',(38.7203990957812,-3.89916425923533,-38.0315755242051));
#4305=CARTESIAN_POINT('Ctrl Pts',(38.3663877575722,-3.81976745846657,-39.5253962153569));
#4306=CARTESIAN_POINT('Ctrl Pts',(36.9192607024773,-3.74037065769781,-40.0379045469419));
#4307=CARTESIAN_POINT('Ctrl Pts',(35.7039948754134,-3.66097385692905,-39.0998612444246));
#4308=CARTESIAN_POINT('Ctrl Pts',(35.8332194476392,-3.58157705616029,-37.5701140279898));
#4309=CARTESIAN_POINT('Ctrl Pts',(37.1887004543114,-3.50218025539154,-36.8492714690182));
#4310=CARTESIAN_POINT('Ctrl Pts',(38.5292282055729,-3.42278345462278,-37.5973070423325));
#4311=CARTESIAN_POINT('Ctrl Pts',(38.6277698937543,-3.34338665385401,-39.1293635276479));
#4312=CARTESIAN_POINT('Ctrl Pts',(37.3934556322295,-3.26398985308526,-40.0426706112489));
#4313=CARTESIAN_POINT('Ctrl Pts',(35.9576897501914,-3.1845930523165,-39.5011332234741));
#4314=CARTESIAN_POINT('Ctrl Pts',(35.632432229841,-3.10519625154774,-38.000357744428));
#4315=CARTESIAN_POINT('Ctrl Pts',(36.7207680269899,-3.02579945077898,-36.9148111250474));
#4316=CARTESIAN_POINT('Ctrl Pts',(37.7162401882849,-2.97286825026648,-37.1305498173051));
#4317=CARTESIAN_POINT('Ctrl Pts',(38.0582806274557,-2.94640265001022,-37.4251441984717));
#4318=CARTESIAN_POINT('Ctrl Pts',(35.9508880817894,-8.1607920499693,-38.1270154348972));
#4319=CARTESIAN_POINT('Ctrl Pts',(36.0595026126757,-8.13432644971305,-37.7207404919561));
#4320=CARTESIAN_POINT('Ctrl Pts',(36.7124216002112,-8.08139524920055,-37.0321625920174));
#4321=CARTESIAN_POINT('Ctrl Pts',(38.1198729374472,-8.00199844843178,-37.2963706162673));
#4322=CARTESIAN_POINT('Ctrl Pts',(38.6573140850005,-7.92260164766304,-38.6221704208751));
#4323=CARTESIAN_POINT('Ctrl Pts',(37.8365396761949,-7.84320484689427,-39.7926139013697));
#4324=CARTESIAN_POINT('Ctrl Pts',(36.4071469333037,-7.76380804612551,-39.7375954513594));
#4325=CARTESIAN_POINT('Ctrl Pts',(35.6787947137928,-7.68441124535676,-38.5067261202776));
#4326=CARTESIAN_POINT('Ctrl Pts',(36.3178759782012,-7.60501444458798,-37.2273434250796));
#4327=CARTESIAN_POINT('Ctrl Pts',(37.7394975098259,-7.52561764381924,-37.0706301515676));
#4328=CARTESIAN_POINT('Ctrl Pts',(38.6419373276053,-7.44622084305047,-38.1801649514842));
#4329=CARTESIAN_POINT('Ctrl Pts',(38.1990009129735,-7.36682404228173,-39.5400351760858));
#4330=CARTESIAN_POINT('Ctrl Pts',(36.8162013216157,-7.28742724151295,-39.9051984887521));
#4331=CARTESIAN_POINT('Ctrl Pts',(35.7596131624329,-7.20803044074421,-38.9413076895592));
#4332=CARTESIAN_POINT('Ctrl Pts',(35.9966171568771,-7.12863363997544,-37.5308852720977));
#4333=CARTESIAN_POINT('Ctrl Pts',(37.3102215269662,-7.04923683920669,-36.9652789385701));
#4334=CARTESIAN_POINT('Ctrl Pts',(38.4977181282814,-6.96984003843792,-37.7623464895778));
#4335=CARTESIAN_POINT('Ctrl Pts',(38.4718629939912,-6.89044323766917,-39.1923102454586));
#4336=CARTESIAN_POINT('Ctrl Pts',(37.2563280346951,-6.81104643690041,-39.9459282763684));
#4337=CARTESIAN_POINT('Ctrl Pts',(35.9640296561693,-6.73164963613165,-39.3332048582288));
#4338=CARTESIAN_POINT('Ctrl Pts',(35.778166758365,-6.65225283536288,-37.9151357168895));
#4339=CARTESIAN_POINT('Ctrl Pts',(36.8689112429996,-6.57285603459413,-36.9900726721646));
#4340=CARTESIAN_POINT('Ctrl Pts',(38.2376022283284,-6.49345923382537,-37.4049824406356));
#4341=CARTESIAN_POINT('Ctrl Pts',(38.6310973790327,-6.41406243305662,-38.779983059214));
#4342=CARTESIAN_POINT('Ctrl Pts',(37.6891214737298,-6.33466563228785,-39.8561552272081));
#4343=CARTESIAN_POINT('Ctrl Pts',(36.2741262397173,-6.2552688315191,-39.6481801707506));
#4344=CARTESIAN_POINT('Ctrl Pts',(35.6816491424071,-6.17587203075033,-38.3464751248288));
#4345=CARTESIAN_POINT('Ctrl Pts',(36.4541487434105,-6.09647522998158,-37.1428516352998));
#4346=CARTESIAN_POINT('Ctrl Pts',(37.8843419698884,-6.01707842921282,-37.1393200059195));
#4347=CARTESIAN_POINT('Ctrl Pts',(38.6627764184534,-5.93768162844407,-38.3391137160742));
#4348=CARTESIAN_POINT('Ctrl Pts',(38.0767352051052,-5.8582848276753,-39.6437289213977));
#4349=CARTESIAN_POINT('Ctrl Pts',(36.6627843415626,-5.77888802690655,-39.8586895994599));
#4350=CARTESIAN_POINT('Ctrl Pts',(35.7155050931681,-5.69949122613778,-38.7871826404465));
#4351=CARTESIAN_POINT('Ctrl Pts',(36.1022048039663,-5.62009442536903,-37.4102554559787));
#4352=CARTESIAN_POINT('Ctrl Pts',(37.4688300101168,-5.54069762460026,-36.9885912725829));
#4353=CARTESIAN_POINT('Ctrl Pts',(38.5641297422453,-5.46130082383152,-37.9082562303027));
#4354=CARTESIAN_POINT('Ctrl Pts',(38.3852724665575,-5.38190402306275,-39.3272260018575));
#4355=CARTESIAN_POINT('Ctrl Pts',(37.0960158384846,-5.302507222294,-39.9463241238025));
#4356=CARTESIAN_POINT('Ctrl Pts',(35.8767739162102,-5.22311042152524,-39.1987184304902));
#4357=CARTESIAN_POINT('Ctrl Pts',(35.8438568851403,-5.14371362075647,-37.768899698376));
#4358=CARTESIAN_POINT('Ctrl Pts',(37.0274028304279,-5.06431681998772,-36.9659774525374));
#4359=CARTESIAN_POINT('Ctrl Pts',(38.3437839920366,-4.98492001921896,-37.5250890473538));
#4360=CARTESIAN_POINT('Ctrl Pts',(38.5877517049146,-4.9055232184502,-38.9343246176148));
#4361=CARTESIAN_POINT('Ctrl Pts',(37.5359346787725,-4.82612641768144,-39.9034201133757));
#4362=CARTESIAN_POINT('Ctrl Pts',(36.1513526680093,-4.74672961691269,-39.5450937303021));
#4363=CARTESIAN_POINT('Ctrl Pts',(35.7016974887405,-4.66733281614392,-38.1874209588008));
#4364=CARTESIAN_POINT('Ctrl Pts',(36.5986631911505,-4.58793601537517,-37.0734561218365));
#4365=CARTESIAN_POINT('Ctrl Pts',(38.0210083887015,-4.50853921460641,-37.2231201004018));
#4366=CARTESIAN_POINT('Ctrl Pts',(38.6664661174048,-4.42914241383765,-38.4993839551185));
#4367=CARTESIAN_POINT('Ctrl Pts',(37.9440700293527,-4.34974561306889,-39.7337295219043));
#4368=CARTESIAN_POINT('Ctrl Pts',(36.515229410836,-4.27034881230013,-39.7960180494218));
#4369=CARTESIAN_POINT('Ctrl Pts',(35.6881585455366,-4.19095201153137,-38.6292196028704));
#4370=CARTESIAN_POINT('Ctrl Pts',(36.2201041209498,-4.11155521076261,-37.3016282637141));
#4371=CARTESIAN_POINT('Ctrl Pts',(37.6240300483544,-4.03215840999386,-37.0287565795753));
#4372=CARTESIAN_POINT('Ctrl Pts',(38.6145312946222,-3.9527616092251,-38.0604394621523));
#4373=CARTESIAN_POINT('Ctrl Pts',(38.2847321758854,-3.87336480845634,-39.452091915955));
#4374=CARTESIAN_POINT('Ctrl Pts',(36.9365797978151,-3.79396800768758,-39.9295477990267));
#4375=CARTESIAN_POINT('Ctrl Pts',(35.8044307518999,-3.71457120691882,-39.0556609453676));
#4376=CARTESIAN_POINT('Ctrl Pts',(35.9248171504113,-3.63517440615006,-37.6305391218054));
#4377=CARTESIAN_POINT('Ctrl Pts',(37.1875915116124,-3.5557776053813,-36.9589978036672));
#4378=CARTESIAN_POINT('Ctrl Pts',(38.4364353290021,-3.47638080461255,-37.6558722995827));
#4379=CARTESIAN_POINT('Ctrl Pts',(38.5282373658675,-3.39698400384379,-39.0831454520983));
#4380=CARTESIAN_POINT('Ctrl Pts',(37.3783426823964,-3.31758720307503,-39.9339878935622));
#4381=CARTESIAN_POINT('Ctrl Pts',(36.0407744423396,-3.23819040230627,-39.4294883649462));
#4382=CARTESIAN_POINT('Ctrl Pts',(35.7377625554414,-3.15879360153751,-38.0313567883841));
#4383=CARTESIAN_POINT('Ctrl Pts',(36.7516628124365,-3.07939680076875,-37.020054946385));
#4384=CARTESIAN_POINT('Ctrl Pts',(37.679050740696,-3.02646560025625,-37.2210384260214));
#4385=CARTESIAN_POINT('Ctrl Pts',(37.9976976969815,-2.99999999999999,-37.4954843457059));
#4386=CARTESIAN_POINT('Ctrl Pts',(37.9976976969815,-3.,-37.4954843457059));
#4387=CARTESIAN_POINT('Ctrl Pts',(37.9629726514109,-3.,-37.4583002050844));
#4388=CARTESIAN_POINT('Ctrl Pts',(37.9259358476875,-2.99999999999999,-37.4235020777386));
#4389=CARTESIAN_POINT('Ctrl Pts',(37.8869006316593,-2.99999999999999,-37.3911023093701));
#4390=CARTESIAN_POINT('Ctrl Pts',(37.8583906353446,-2.99999999999999,-37.3674386187141));
#4391=CARTESIAN_POINT('Ctrl Pts',(37.8288134950272,-2.99999999999999,-37.3450547195063));
#4392=CARTESIAN_POINT('Ctrl Pts',(37.798277200101,-3.,-37.3239644779909));
#4393=CARTESIAN_POINT('Ctrl Pts',(37.7872573362169,-3.,-37.3163534828999));
#4394=CARTESIAN_POINT('Ctrl Pts',(37.7761124605379,-2.99999999999999,-37.3089110435741));
#4395=CARTESIAN_POINT('Ctrl Pts',(37.7648473361573,-2.99999999999999,-37.3016380918825));
#4396=CARTESIAN_POINT('Ctrl Pts',(37.7539834088148,-2.99999999999999,-37.2946241596725));
#4397=CARTESIAN_POINT('Ctrl Pts',(37.743014564833,-2.99999999999999,-37.2877723857034));
#4398=CARTESIAN_POINT('Ctrl Pts',(37.7319498466057,-2.99999999999999,-37.2810856710639));
#4399=CARTESIAN_POINT('Ctrl Pts',(37.6859405503988,-2.99999999999999,-37.2532809833911));
#4400=CARTESIAN_POINT('Ctrl Pts',(37.638253913342,-2.99999999999999,-37.2283127355129));
#4401=CARTESIAN_POINT('Ctrl Pts',(37.5892149402125,-2.99999999999999,-37.2062175333863));
#4402=CARTESIAN_POINT('Ctrl Pts',(37.5695733745237,-2.99999999999999,-37.197367748485));
#4403=CARTESIAN_POINT('Ctrl Pts',(37.5497144061893,-2.99999999999999,-37.1889792642569));
#4404=CARTESIAN_POINT('Ctrl Pts',(37.5296573028131,-2.99999999999999,-37.1810561185803));
#4405=CARTESIAN_POINT('Ctrl Pts',(37.5144012002139,-3.,-37.1750295093993));
#4406=CARTESIAN_POINT('Ctrl Pts',(37.499030445409,-2.99999999999999,-37.1692721476443));
#4407=CARTESIAN_POINT('Ctrl Pts',(37.4835532387884,-2.99999999999999,-37.1637862223769));
#4408=CARTESIAN_POINT('Ctrl Pts',(37.4717712834858,-2.99999999999999,-37.1596100859539));
#4409=CARTESIAN_POINT('Ctrl Pts',(37.4599351661347,-2.99999999999999,-37.1555939992941));
#4410=CARTESIAN_POINT('Ctrl Pts',(37.4480564396274,-2.99999999999999,-37.1517407622802));
#4411=CARTESIAN_POINT('Ctrl Pts',(37.3937851362251,-2.99999999999999,-37.134136165109));
#4412=CARTESIAN_POINT('Ctrl Pts',(37.3385791436253,-2.99999999999999,-37.1199100922269));
#4413=CARTESIAN_POINT('Ctrl Pts',(37.2828033456649,-2.99999999999999,-37.1091023050359));
#4414=CARTESIAN_POINT('Ctrl Pts',(37.2282422892516,-2.99999999999999,-37.0985299007281));
#4415=CARTESIAN_POINT('Ctrl Pts',(37.1731347524366,-2.99999999999999,-37.0912281779663));
#4416=CARTESIAN_POINT('Ctrl Pts',(37.1177933848468,-2.99999999999999,-37.0872788113597));
#4417=CARTESIAN_POINT('Ctrl Pts',(37.0891986153179,-2.99999999999999,-37.0852381818484));
#4418=CARTESIAN_POINT('Ctrl Pts',(37.060541053426,-2.99999999999999,-37.0840933153029));
#4419=CARTESIAN_POINT('Ctrl Pts',(37.0318623140318,-2.99999999999999,-37.0838607392613));
#4420=CARTESIAN_POINT('Ctrl Pts',(37.0170723123161,-2.99999999999999,-37.083740796749));
#4421=CARTESIAN_POINT('Ctrl Pts',(37.0022766680283,-2.99999999999999,-37.0838635483127));
#4422=CARTESIAN_POINT('Ctrl Pts',(36.9874810547926,-2.99999999999999,-37.0842316666547));
#4423=CARTESIAN_POINT('Ctrl Pts',(36.9777048149674,-2.99999999999999,-37.0844749018041));
#4424=CARTESIAN_POINT('Ctrl Pts',(36.9679260851162,-2.99999999999999,-37.0848253915678));
#4425=CARTESIAN_POINT('Ctrl Pts',(36.9581548047141,-2.99999999999999,-37.0852835693402));
#4426=CARTESIAN_POINT('Ctrl Pts',(36.9010678292606,-2.99999999999999,-37.0879603918415));
#4427=CARTESIAN_POINT('Ctrl Pts',(36.8443901981619,-2.99999999999999,-37.094299837842));
#4428=CARTESIAN_POINT('Ctrl Pts',(36.7884550979334,-2.99999999999999,-37.1043613121217));
#4429=CARTESIAN_POINT('Ctrl Pts',(36.7841646162061,-2.99999999999999,-37.1051330738843));
#4430=CARTESIAN_POINT('Ctrl Pts',(36.7798784942172,-2.99999999999999,-37.1059267583382));
#4431=CARTESIAN_POINT('Ctrl Pts',(36.7755968783652,-2.99999999999999,-37.1067424043482));
#4432=CARTESIAN_POINT('Ctrl Pts',(36.7219282734185,-2.99999999999999,-37.1169662509044));
#4433=CARTESIAN_POINT('Ctrl Pts',(36.6689677710082,-2.99999999999999,-37.1306362381013));
#4434=CARTESIAN_POINT('Ctrl Pts',(36.6169102314201,-2.99999999999999,-37.1475008919305));
#4435=CARTESIAN_POINT('Ctrl Pts',(36.5653803357048,-2.99999999999999,-37.1641946093048));
#4436=CARTESIAN_POINT('Ctrl Pts',(36.5147344693327,-2.99999999999999,-37.1840190810892));
#4437=CARTESIAN_POINT('Ctrl Pts',(36.4651668066735,-2.99999999999999,-37.2067778138049));
#4438=CARTESIAN_POINT('Ctrl Pts',(36.45625023886,-2.99999999999999,-37.2108718092189));
#4439=CARTESIAN_POINT('Ctrl Pts',(36.4473680510947,-2.99999999999999,-37.2150611299015));
#4440=CARTESIAN_POINT('Ctrl Pts',(36.4385230665414,-2.99999999999999,-37.2193439789951));
#4441=CARTESIAN_POINT('Ctrl Pts',(36.3868957912029,-2.99999999999999,-37.2443425336058));
#4442=CARTESIAN_POINT('Ctrl Pts',(36.3368035225082,-3.,-37.2723930715393));
#4443=CARTESIAN_POINT('Ctrl Pts',(36.2884542468291,-2.99999999999999,-37.3032075050826));
#4444=CARTESIAN_POINT('Ctrl Pts',(36.2389665688293,-2.99999999999999,-37.3347474763338));
#4445=CARTESIAN_POINT('Ctrl Pts',(36.1913040078254,-2.99999999999999,-37.369183411127));
#4446=CARTESIAN_POINT('Ctrl Pts',(36.145697841099,-2.99999999999999,-37.4062609336354));
#4447=CARTESIAN_POINT('Ctrl Pts',(36.0997987438547,-2.99999999999999,-37.4435766067854));
#4448=CARTESIAN_POINT('Ctrl Pts',(36.0559815478815,-2.99999999999999,-37.4835684930208));
#4449=CARTESIAN_POINT('Ctrl Pts',(36.0145048006931,-2.99999999999999,-37.5260243338813));
#4450=CARTESIAN_POINT('Ctrl Pts',(36.0062044865896,-2.99999999999999,-37.5345205839143));
#4451=CARTESIAN_POINT('Ctrl Pts',(35.9979980032121,-2.99999999999999,-37.5431156435487));
#4452=CARTESIAN_POINT('Ctrl Pts',(35.9898875869796,-2.99999999999999,-37.5518080034886));
#4453=CARTESIAN_POINT('Ctrl Pts',(35.9829099777249,-2.99999999999999,-37.5592862745689));
#4454=CARTESIAN_POINT('Ctrl Pts',(35.9760054262357,-2.99999999999999,-37.5668345765862));
#4455=CARTESIAN_POINT('Ctrl Pts',(35.9691822507692,-2.99999999999999,-37.5744437720706));
#4456=CARTESIAN_POINT('Ctrl Pts',(35.9285330784943,-2.99999999999999,-37.6197756706325));
#4457=CARTESIAN_POINT('Ctrl Pts',(35.8906967842375,-2.99999999999999,-37.6673432897151));
#4458=CARTESIAN_POINT('Ctrl Pts',(35.8559127374789,-2.99999999999999,-37.7168748140284));
#4459=CARTESIAN_POINT('Ctrl Pts',(35.8214840627057,-2.99999999999999,-37.7659002984246));
#4460=CARTESIAN_POINT('Ctrl Pts',(35.7900446800313,-2.99999999999999,-37.8168505089093));
#4461=CARTESIAN_POINT('Ctrl Pts',(35.7618544214337,-2.99999999999999,-37.8695034093934));
#4462=CARTESIAN_POINT('Ctrl Pts',(35.7360869710984,-2.99999999999999,-37.9176310629064));
#4463=CARTESIAN_POINT('Ctrl Pts',(35.7130339158263,-2.99999999999999,-37.9671821615247));
#4464=CARTESIAN_POINT('Ctrl Pts',(35.6929240896025,-2.99999999999999,-38.0180101988621));
#4465=CARTESIAN_POINT('Ctrl Pts',(35.68818197316,-2.99999999999999,-38.0299960046526));
#4466=CARTESIAN_POINT('Ctrl Pts',(35.6836036730898,-2.99999999999999,-38.0420528966801));
#4467=CARTESIAN_POINT('Ctrl Pts',(35.6791885200629,-2.99999999999999,-38.0541779396643));
#4468=CARTESIAN_POINT('Ctrl Pts',(37.1731939558967,-7.55658032638058,-37.1907498059233));
#4469=CARTESIAN_POINT('Ctrl Pts',(37.3376999464657,-7.54625943219347,-37.1899080758267));
#4470=CARTESIAN_POINT('Ctrl Pts',(37.5019133338562,-7.53593853800635,-37.21974223766));
#4471=CARTESIAN_POINT('Ctrl Pts',(37.652967224185,-7.52561764381924,-37.281671497139));
#4472=CARTESIAN_POINT('Ctrl Pts',(38.040310782419,-7.49915204356299,-37.4404750848731));
#4473=CARTESIAN_POINT('Ctrl Pts',(38.3411240550121,-7.47268644330673,-37.8103200181787));
#4474=CARTESIAN_POINT('Ctrl Pts',(38.4177079555367,-7.44622084305048,-38.221887522265));
#4475=CARTESIAN_POINT('Ctrl Pts',(38.4942918560613,-7.41975524279423,-38.6334550263514));
#4476=CARTESIAN_POINT('Ctrl Pts',(38.3466463845174,-7.39328964253798,-39.0867451012186));
#4477=CARTESIAN_POINT('Ctrl Pts',(38.0423570501858,-7.36682404228172,-39.3742506907633));
#4478=CARTESIAN_POINT('Ctrl Pts',(37.7380677158542,-7.34035844202547,-39.6617562803079));
#4479=CARTESIAN_POINT('Ctrl Pts',(37.277134518735,-7.31389284176921,-39.78347738453));
#4480=CARTESIAN_POINT('Ctrl Pts',(36.8705698936449,-7.28742724151296,-39.6836894701089));
#4481=CARTESIAN_POINT('Ctrl Pts',(36.4640052685548,-7.2609616412567,-39.5839015556878));
#4482=CARTESIAN_POINT('Ctrl Pts',(36.1118092154938,-7.23449604100046,-39.2626046226235));
#4483=CARTESIAN_POINT('Ctrl Pts',(35.975211854704,-7.2080304407442,-38.8668857531811));
#4484=CARTESIAN_POINT('Ctrl Pts',(35.8386144939143,-7.18156484048795,-38.4711668837387));
#4485=CARTESIAN_POINT('Ctrl Pts',(35.9176158253957,-7.15509924023169,-38.0010260779182));
#4486=CARTESIAN_POINT('Ctrl Pts',(36.1760505528179,-7.12863363997544,-37.6716879527533));
#4487=CARTESIAN_POINT('Ctrl Pts',(36.4105824014372,-7.10461586877715,-37.3728106304748));
#4488=CARTESIAN_POINT('Ctrl Pts',(36.7928906853423,-7.08059809757887,-37.1898945433771));
#4489=CARTESIAN_POINT('Ctrl Pts',(37.173158139089,-7.05658032638058,-37.1874474774389));
#4490=CARTESIAN_POINT('Ctrl Pts',(35.6818369698265,-7.99999999999999,-38.055086656571));
#4491=CARTESIAN_POINT('Ctrl Pts',(35.7030522096365,-7.99999999999999,-37.9970256856283));
#4492=CARTESIAN_POINT('Ctrl Pts',(35.7279639593778,-7.99999999999999,-37.9405652110887));
#4493=CARTESIAN_POINT('Ctrl Pts',(35.7562608129467,-7.99999999999999,-37.8859082153604));
#4494=CARTESIAN_POINT('Ctrl Pts',(35.784097201183,-7.99999999999999,-37.8321406348337));
#4495=CARTESIAN_POINT('Ctrl Pts',(35.8152105500811,-7.99999999999999,-37.7801176768637));
#4496=CARTESIAN_POINT('Ctrl Pts',(35.8493493393752,-7.99999999999999,-37.7300648068199));
#4497=CARTESIAN_POINT('Ctrl Pts',(35.8754475602079,-7.99999999999999,-37.6918006831434));
#4498=CARTESIAN_POINT('Ctrl Pts',(35.9033149188881,-7.99999999999999,-37.6546884856646));
#4499=CARTESIAN_POINT('Ctrl Pts',(35.9328512932773,-7.99999999999999,-37.6188454365119));
#4500=CARTESIAN_POINT('Ctrl Pts',(35.9488769557305,-7.99999999999999,-37.5993979376602));
#4501=CARTESIAN_POINT('Ctrl Pts',(35.9653941094403,-7.99999999999999,-37.5803243266582));
#4502=CARTESIAN_POINT('Ctrl Pts',(35.9823876385544,-7.99999999999999,-37.5616454090984));
#4503=CARTESIAN_POINT('Ctrl Pts',(35.9885793602084,-7.99999999999999,-37.5548396033384));
#4504=CARTESIAN_POINT('Ctrl Pts',(35.9948335476589,-7.99999999999999,-37.548087155403));
#4505=CARTESIAN_POINT('Ctrl Pts',(36.0011425908037,-7.99999999999999,-37.5413960851365));
#4506=CARTESIAN_POINT('Ctrl Pts',(36.0417743843886,-7.99999999999999,-37.4983039426854));
#4507=CARTESIAN_POINT('Ctrl Pts',(36.0847535671908,-7.99999999999999,-37.4576713262501));
#4508=CARTESIAN_POINT('Ctrl Pts',(36.1298382043057,-7.99999999999999,-37.4197041887856));
#4509=CARTESIAN_POINT('Ctrl Pts',(36.1740008326923,-7.99999999999999,-37.382513502777));
#4510=CARTESIAN_POINT('Ctrl Pts',(36.220184624734,-7.99999999999999,-37.3478799474782));
#4511=CARTESIAN_POINT('Ctrl Pts',(36.2681852924718,-7.99999999999999,-37.3160400280441));
#4512=CARTESIAN_POINT('Ctrl Pts',(36.304166492427,-7.99999999999999,-37.292172891154));
#4513=CARTESIAN_POINT('Ctrl Pts',(36.3411691278327,-7.99999999999999,-37.2698763116653));
#4514=CARTESIAN_POINT('Ctrl Pts',(36.3791113374316,-7.99999999999999,-37.2492684887282));
#4515=CARTESIAN_POINT('Ctrl Pts',(36.3983398274424,-7.99999999999999,-37.2388247817939));
#4516=CARTESIAN_POINT('Ctrl Pts',(36.4178096624318,-7.99999999999999,-37.2288150665777));
#4517=CARTESIAN_POINT('Ctrl Pts',(36.4375102715717,-7.99999999999999,-37.2192564764257));
#4518=CARTESIAN_POINT('Ctrl Pts',(36.4467665396725,-7.99999999999999,-37.2147654034602));
#4519=CARTESIAN_POINT('Ctrl Pts',(36.4560661119075,-7.99999999999999,-37.2103776727568));
#4520=CARTESIAN_POINT('Ctrl Pts',(36.4654044741799,-7.99999999999999,-37.206096022861));
#4521=CARTESIAN_POINT('Ctrl Pts',(36.5160491099682,-7.99999999999999,-37.1828753988137));
#4522=CARTESIAN_POINT('Ctrl Pts',(36.5678645369984,-7.99999999999999,-37.1627559035447));
#4523=CARTESIAN_POINT('Ctrl Pts',(36.6206596372912,-7.99999999999999,-37.1459494564279));
#4524=CARTESIAN_POINT('Ctrl Pts',(36.6600619979636,-7.99999999999999,-37.1334063664964));
#4525=CARTESIAN_POINT('Ctrl Pts',(36.7000104755693,-7.99999999999999,-37.1227095395366));
#4526=CARTESIAN_POINT('Ctrl Pts',(36.7404282665036,-7.99999999999999,-37.113965911426));
#4527=CARTESIAN_POINT('Ctrl Pts',(36.7946200181333,-7.99999999999999,-37.1022425462455));
#4528=CARTESIAN_POINT('Ctrl Pts',(36.8496565322499,-7.99999999999999,-37.0940292600816));
#4529=CARTESIAN_POINT('Ctrl Pts',(36.905217473546,-7.99999999999999,-37.0892676993562));
#4530=CARTESIAN_POINT('Ctrl Pts',(36.9209899565638,-7.99999999999999,-37.0879160009521));
#4531=CARTESIAN_POINT('Ctrl Pts',(36.9368046110006,-7.99999999999999,-37.0868427408419));
#4532=CARTESIAN_POINT('Ctrl Pts',(36.9526538404997,-7.99999999999999,-37.0860472228713));
#4533=CARTESIAN_POINT('Ctrl Pts',(36.9627121790487,-7.99999999999999,-37.0855423662112));
#4534=CARTESIAN_POINT('Ctrl Pts',(36.9727843115033,-7.99999999999999,-37.0851494881269));
#4535=CARTESIAN_POINT('Ctrl Pts',(36.9828539635837,-7.99999999999999,-37.0848685387828));
#4536=CARTESIAN_POINT('Ctrl Pts',(37.0384880040869,-7.99999999999999,-37.0833163156209));
#4537=CARTESIAN_POINT('Ctrl Pts',(37.0941575008267,-7.99999999999999,-37.0851700111482));
#4538=CARTESIAN_POINT('Ctrl Pts',(37.149545346268,-7.99999999999999,-37.0903184197545));
#4539=CARTESIAN_POINT('Ctrl Pts',(37.2049113205127,-7.99999999999999,-37.0954647953902));
#4540=CARTESIAN_POINT('Ctrl Pts',(37.2599970104244,-7.99999999999999,-37.103903751697));
#4541=CARTESIAN_POINT('Ctrl Pts',(37.3144705029969,-7.99999999999999,-37.1155735879566));
#4542=CARTESIAN_POINT('Ctrl Pts',(37.3474676751772,-7.99999999999999,-37.122642560005));
#4543=CARTESIAN_POINT('Ctrl Pts',(37.3802398426678,-7.99999999999999,-37.1308979618745));
#4544=CARTESIAN_POINT('Ctrl Pts',(37.4127078564626,-7.99999999999999,-37.1403338133208));
#4545=CARTESIAN_POINT('Ctrl Pts',(37.4295613911906,-7.99999999999999,-37.1452317861701));
#4546=CARTESIAN_POINT('Ctrl Pts',(37.4463328938316,-7.99999999999999,-37.1504479161777));
#4547=CARTESIAN_POINT('Ctrl Pts',(37.4630107117781,-7.99999999999999,-37.1559819263529));
#4548=CARTESIAN_POINT('Ctrl Pts',(37.4765032226507,-7.99999999999999,-37.1604589923994));
#4549=CARTESIAN_POINT('Ctrl Pts',(37.4899374050458,-7.99999999999999,-37.1651453865041));
#4550=CARTESIAN_POINT('Ctrl Pts',(37.5032830059255,-7.99999999999999,-37.1700318775913));
#4551=CARTESIAN_POINT('Ctrl Pts',(37.5536581749094,-7.99999999999999,-37.1884767431674));
#4552=CARTESIAN_POINT('Ctrl Pts',(37.6028438440379,-7.99999999999999,-37.2097912818121));
#4553=CARTESIAN_POINT('Ctrl Pts',(37.6505264469462,-7.99999999999999,-37.2339280972057));
#4554=CARTESIAN_POINT('Ctrl Pts',(37.6839469852122,-7.99999999999999,-37.250845490831));
#4555=CARTESIAN_POINT('Ctrl Pts',(37.7166286335443,-7.99999999999999,-37.2691502179555));
#4556=CARTESIAN_POINT('Ctrl Pts',(37.7484523066345,-7.99999999999999,-37.2888364879768));
#4557=CARTESIAN_POINT('Ctrl Pts',(37.7613152791386,-7.99999999999999,-37.2967935817188));
#4558=CARTESIAN_POINT('Ctrl Pts',(37.7740396775003,-7.99999999999999,-37.3049778574771));
#4559=CARTESIAN_POINT('Ctrl Pts',(37.7865983664633,-7.99999999999999,-37.3133760539906));
#4560=CARTESIAN_POINT('Ctrl Pts',(37.829166662338,-7.99999999999999,-37.3418421554329));
#4561=CARTESIAN_POINT('Ctrl Pts',(37.8698839801954,-7.99999999999999,-37.3727932042443));
#4562=CARTESIAN_POINT('Ctrl Pts',(37.9084499642863,-7.99999999999999,-37.4062028695048));
#4563=CARTESIAN_POINT('Ctrl Pts',(37.9321625954934,-7.99999999999999,-37.4267450931703));
#4564=CARTESIAN_POINT('Ctrl Pts',(37.9550612050218,-7.99999999999999,-37.4482174352063));
#4565=CARTESIAN_POINT('Ctrl Pts',(37.9770676696129,-7.99999999999999,-37.4706191339062));
#4566=CARTESIAN_POINT('Ctrl Pts',(37.984504473322,-7.99999999999999,-37.4781895019357));
#4567=CARTESIAN_POINT('Ctrl Pts',(37.9918393313043,-7.99999999999999,-37.4858660373329));
#4568=CARTESIAN_POINT('Ctrl Pts',(37.9990711958618,-7.99999999999999,-37.4936461887325));
#4569=CARTESIAN_POINT('Origin',(27.1980617036712,-5.5,-37.7388613738053));
#4570=CARTESIAN_POINT('Origin',(27.1980617036712,-3.,-37.7388613738053));
#4571=CARTESIAN_POINT('Origin',(37.172486398045,-5.49999999999999,-38.4536004984283));
#4572=CARTESIAN_POINT('Origin',(37.172486398045,-2.99999999999999,-38.4536004984283));
#4573=CARTESIAN_POINT('Origin',(44.6533049188256,4.5,-38.9896548418957));
#4574=CARTESIAN_POINT('',(62.1085482916263,12.,-40.2404483212826));
#4575=CARTESIAN_POINT('',(61.572493948159,4.5,-47.7212668420629));
#4576=CARTESIAN_POINT('Origin',(62.1085482916263,4.5,-40.2404483212826));
#4577=CARTESIAN_POINT('',(-8.24847907010469,4.5,-42.7180929584049));
#4578=CARTESIAN_POINT('',(44.1172505753583,4.5,-46.4704733626761));
#4579=CARTESIAN_POINT('',(-7.17637038317008,4.5,-27.7564559168441));
#4580=CARTESIAN_POINT('Origin',(-7.71242472663738,4.5,-35.2372744376244));
#4581=CARTESIAN_POINT('',(62.6446024774472,4.5,-32.7596297892056));
#4582=CARTESIAN_POINT('',(10.2788728319842,4.5,-29.0072493849345));
#4583=CARTESIAN_POINT('Origin',(62.1085481339799,4.5,-40.2404483099859));
#4584=CARTESIAN_POINT('Origin',(-7.71242472663738,4.5,-35.2372744376245));
#4585=CARTESIAN_POINT('Origin',(-7.71242472663738,4.5,-35.2372744376245));
#4586=CARTESIAN_POINT('Origin',(62.1085481339799,4.5,-40.240448309986));
#4587=CARTESIAN_POINT('Origin',(62.1085481339799,4.5,-40.240448309986));
#4588=CARTESIAN_POINT('Origin',(62.1085481339799,-7.99999999999999,-40.240448309986));
#4589=CARTESIAN_POINT('',(62.6446024774472,-7.99999999999999,-32.7596297892056));
#4590=CARTESIAN_POINT('',(62.6446024774472,-7.99999999999999,-32.7596297892056));
#4591=CARTESIAN_POINT('',(61.5724937905126,-7.99999999999999,-47.7212668307664));
#4592=CARTESIAN_POINT('Origin',(62.1085481339799,-7.99999999999999,-40.240448309986));
#4593=CARTESIAN_POINT('',(61.5724937905126,2.00000000000001,-47.7212668307664));
#4594=CARTESIAN_POINT('',(61.5724937905126,-7.99999999999999,-47.7212668307664));
#4595=CARTESIAN_POINT('',(61.572493948159,2.,-47.7212668420629));
#4596=CARTESIAN_POINT('Origin',(-7.17637038317008,-7.99999999999999,-27.7564559168441));
#4597=CARTESIAN_POINT('',(-7.17637038317008,-7.99999999999999,-27.7564559168441));
#4598=CARTESIAN_POINT('',(-7.17637038317008,-7.99999999999999,-27.7564559168441));
#4599=CARTESIAN_POINT('',(-7.17637038317008,-7.99999999999999,-27.7564559168441));
#4600=CARTESIAN_POINT('Origin',(-7.71242472663738,-7.99999999999999,-35.2372744376245));
#4601=CARTESIAN_POINT('',(-8.24847907010469,-7.99999999999999,-42.7180929584049));
#4602=CARTESIAN_POINT('',(-8.24847907010469,-7.99999999999999,-42.7180929584049));
#4603=CARTESIAN_POINT('Origin',(-7.71242472663738,-7.99999999999999,-35.2372744376245));
#4604=CARTESIAN_POINT('Origin',(61.5724937905126,-7.99999999999999,-47.7212668307664));
#4605=CARTESIAN_POINT('',(61.5724937905126,-7.99999999999999,-47.7212668307664));
#4606=CARTESIAN_POINT('Origin',(27.1980617036712,-7.99999999999999,-37.7388613738053));
#4607=UNCERTAINTY_MEASURE_WITH_UNIT(LENGTH_MEASURE(0.01),#4611,
'DISTANCE_ACCURACY_VALUE',
'Maximum model space distance between geometric entities at asserted c
onnectivities');
#4608=UNCERTAINTY_MEASURE_WITH_UNIT(LENGTH_MEASURE(0.01),#4611,
'DISTANCE_ACCURACY_VALUE',
'Maximum model space distance between geometric entities at asserted c
onnectivities');
#4609=(
GEOMETRIC_REPRESENTATION_CONTEXT(3)
GLOBAL_UNCERTAINTY_ASSIGNED_CONTEXT((#4607))
GLOBAL_UNIT_ASSIGNED_CONTEXT((#4611,#4613,#4614))
REPRESENTATION_CONTEXT('','3D')
);
#4610=(
GEOMETRIC_REPRESENTATION_CONTEXT(3)
GLOBAL_UNCERTAINTY_ASSIGNED_CONTEXT((#4608))
GLOBAL_UNIT_ASSIGNED_CONTEXT((#4611,#4613,#4614))
REPRESENTATION_CONTEXT('','3D')
);
#4611=(
LENGTH_UNIT()
NAMED_UNIT(*)
SI_UNIT(.MILLI.,.METRE.)
);
#4612=(
LENGTH_UNIT()
NAMED_UNIT(*)
SI_UNIT($,.METRE.)
);
#4613=(
NAMED_UNIT(*)
PLANE_ANGLE_UNIT()
SI_UNIT($,.RADIAN.)
);
#4614=(
NAMED_UNIT(*)
SI_UNIT($,.STERADIAN.)
SOLID_ANGLE_UNIT()
);
#4615=SHAPE_DEFINITION_REPRESENTATION(#4616,#4617);
#4616=PRODUCT_DEFINITION_SHAPE('',$,#4619);
#4617=SHAPE_REPRESENTATION('',(#1059),#4609);
#4618=PRODUCT_DEFINITION_CONTEXT('part definition',#4623,'design');
#4619=PRODUCT_DEFINITION('Inside Foot','Inside Foot',#4620,#4618);
#4620=PRODUCT_DEFINITION_FORMATION('',$,#4625);
#4621=PRODUCT_RELATED_PRODUCT_CATEGORY('Inside Foot','Inside Foot',(#4625));
#4622=APPLICATION_PROTOCOL_DEFINITION('international standard',
'automotive_design',2009,#4623);
#4623=APPLICATION_CONTEXT(
'Core Data for Automotive Mechanical Design Process');
#4624=PRODUCT_CONTEXT('part definition',#4623,'mechanical');
#4625=PRODUCT('Inside Foot','Inside Foot',$,(#4624));
#4626=PRESENTATION_STYLE_ASSIGNMENT((#4627));
#4627=SURFACE_STYLE_USAGE(.BOTH.,#4628);
#4628=SURFACE_SIDE_STYLE('',(#4629));
#4629=SURFACE_STYLE_FILL_AREA(#4630);
#4630=FILL_AREA_STYLE('Steel - Satin',(#4631));
#4631=FILL_AREA_STYLE_COLOUR('Steel - Satin',#4632);
#4632=COLOUR_RGB('Steel - Satin',0.627450980392157,0.627450980392157,0.627450980392157);
ENDSEC;
END-ISO-10303-21;
