ISO-10303-21;
HEADER;
/* Generated by software containing ST-Developer
 * from STEP Tools, Inc. (www.steptools.com) 
 */

FILE_DESCRIPTION(
/* description */ (''),
/* implementation_level */ '2;1');

FILE_NAME(
/* name */ 'Outside Foot.step',
/* time_stamp */ '2026-05-10T21:59:53+02:00',
/* author */ (''),
/* organization */ (''),
/* preprocessor_version */ 'ST-DEVELOPER v20.1',
/* originating_system */ 'Autodesk Translation Framework v15.8.0.0',
/* authorisation */ '');

FILE_SCHEMA (('AUTOMOTIVE_DESIGN { 1 0 10303 214 3 1 1 }'));
ENDSEC;

DATA;
#10=MECHANICAL_DESIGN_GEOMETRIC_PRESENTATION_REPRESENTATION('',(#17),#7695);
#11=ITEM_DEFINED_TRANSFORMATION($,$,#1837,#1960);
#12=(
REPRESENTATION_RELATIONSHIP($,$,#7706,#7705)
REPRESENTATION_RELATIONSHIP_WITH_TRANSFORMATION(#11)
SHAPE_REPRESENTATION_RELATIONSHIP()
);
#13=CONTEXT_DEPENDENT_SHAPE_REPRESENTATION(#12,#7704);
#14=NEXT_ASSEMBLY_USAGE_OCCURRENCE('Outside Foot:1','Outside Foot:1',
'Outside Foot:1',#7708,#7709,'Outside Foot:1');
#15=SHAPE_REPRESENTATION_RELATIONSHIP('SRR','None',#7706,#16);
#16=ADVANCED_BREP_SHAPE_REPRESENTATION('',(#18),#7694);
#17=STYLED_ITEM('',(#7719),#18);
#18=MANIFOLD_SOLID_BREP('Body1',#1823);
#19=SPHERICAL_SURFACE('',#1949,7.5);
#20=SPHERICAL_SURFACE('',#1951,7.5);
#21=FACE_BOUND('',#231,.T.);
#22=FACE_BOUND('',#238,.T.);
#23=FACE_BOUND('',#244,.T.);
#24=FACE_BOUND('',#249,.T.);
#25=FACE_BOUND('',#255,.T.);
#26=FACE_BOUND('',#256,.T.);
#27=FACE_BOUND('',#264,.T.);
#28=FACE_BOUND('',#265,.T.);
#29=FACE_BOUND('',#266,.T.);
#30=FACE_BOUND('',#267,.T.);
#31=PLANE('',#1917);
#32=PLANE('',#1919);
#33=PLANE('',#1926);
#34=PLANE('',#1927);
#35=PLANE('',#1934);
#36=PLANE('',#1935);
#37=PLANE('',#1937);
#38=PLANE('',#1940);
#39=PLANE('',#1955);
#40=PLANE('',#1958);
#41=PLANE('',#1959);
#42=B_SPLINE_SURFACE_WITH_KNOTS('',3,3,((#4365,#4366,#4367,#4368,#4369,
#4370,#4371,#4372,#4373,#4374,#4375,#4376,#4377,#4378,#4379,#4380,#4381,
#4382,#4383,#4384,#4385,#4386,#4387,#4388,#4389,#4390,#4391,#4392,#4393,
#4394,#4395,#4396,#4397,#4398,#4399,#4400,#4401,#4402,#4403,#4404,#4405,
#4406,#4407,#4408,#4409,#4410,#4411,#4412,#4413,#4414,#4415,#4416,#4417,
#4418,#4419,#4420,#4421,#4422,#4423,#4424,#4425,#4426,#4427,#4428,#4429,
#4430,#4431,#4432),(#4433,#4434,#4435,#4436,#4437,#4438,#4439,#4440,#4441,
#4442,#4443,#4444,#4445,#4446,#4447,#4448,#4449,#4450,#4451,#4452,#4453,
#4454,#4455,#4456,#4457,#4458,#4459,#4460,#4461,#4462,#4463,#4464,#4465,
#4466,#4467,#4468,#4469,#4470,#4471,#4472,#4473,#4474,#4475,#4476,#4477,
#4478,#4479,#4480,#4481,#4482,#4483,#4484,#4485,#4486,#4487,#4488,#4489,
#4490,#4491,#4492,#4493,#4494,#4495,#4496,#4497,#4498,#4499,#4500),(#4501,
#4502,#4503,#4504,#4505,#4506,#4507,#4508,#4509,#4510,#4511,#4512,#4513,
#4514,#4515,#4516,#4517,#4518,#4519,#4520,#4521,#4522,#4523,#4524,#4525,
#4526,#4527,#4528,#4529,#4530,#4531,#4532,#4533,#4534,#4535,#4536,#4537,
#4538,#4539,#4540,#4541,#4542,#4543,#4544,#4545,#4546,#4547,#4548,#4549,
#4550,#4551,#4552,#4553,#4554,#4555,#4556,#4557,#4558,#4559,#4560,#4561,
#4562,#4563,#4564,#4565,#4566,#4567,#4568),(#4569,#4570,#4571,#4572,#4573,
#4574,#4575,#4576,#4577,#4578,#4579,#4580,#4581,#4582,#4583,#4584,#4585,
#4586,#4587,#4588,#4589,#4590,#4591,#4592,#4593,#4594,#4595,#4596,#4597,
#4598,#4599,#4600,#4601,#4602,#4603,#4604,#4605,#4606,#4607,#4608,#4609,
#4610,#4611,#4612,#4613,#4614,#4615,#4616,#4617,#4618,#4619,#4620,#4621,
#4622,#4623,#4624,#4625,#4626,#4627,#4628,#4629,#4630,#4631,#4632,#4633,
#4634,#4635,#4636)),.UNSPECIFIED.,.F.,.F.,.F.,(4,4),(4,1,1,1,1,1,1,1,1,
1,1,1,1,1,1,1,1,1,1,1,1,1,1,1,1,1,1,1,1,1,1,1,1,1,1,1,1,1,1,1,1,1,1,1,1,
1,1,1,1,1,1,1,1,1,1,1,1,1,1,1,1,1,1,1,1,4),(0.,0.0321584099938625),(11.8553612635793,
12.8530908876339,13.8508205116886,14.8485501357433,15.8462797597979,16.8440093838526,
17.8417390079073,18.8394686319619,19.8371982560166,20.8349278800713,21.8326575041259,
22.8303871281806,23.8281167522353,24.82584637629,25.8235760003446,26.8213056243993,
27.819035248454,28.8167648725086,29.8144944965633,30.812224120618,31.8099537446726,
32.8076833687273,33.805412992782,34.8031426168366,35.8008722408913,36.798601864946,
37.7963314890006,38.7940611130553,39.79179073711,40.7895203611646,41.7872499852193,
42.784979609274,43.7827092333286,44.7804388573833,45.778168481438,46.7758981054926,
47.7736277295473,48.771357353602,49.7690869776566,50.7668166017113,51.764546225766,
52.7622758498206,53.7600054738753,54.75773509793,55.7554647219847,56.7531943460393,
57.750923970094,58.7486535941487,59.7463832182033,60.744112842258,61.7418424663127,
62.7395720903673,63.737301714422,64.7350313384767,65.7327609625313,66.730490586586,
67.7282202106407,68.7259498346953,69.72367945875,70.7214090828047,71.7191387068593,
72.716868330914,73.7145979549687,74.7123275790233,75.710057203078,76.7077868271327),
 .UNSPECIFIED.);
#43=B_SPLINE_SURFACE_WITH_KNOTS('',3,3,((#4817,#4818,#4819,#4820,#4821,
#4822,#4823,#4824,#4825,#4826,#4827,#4828,#4829,#4830,#4831,#4832,#4833,
#4834,#4835,#4836,#4837,#4838,#4839,#4840,#4841,#4842,#4843,#4844,#4845,
#4846,#4847,#4848,#4849,#4850,#4851,#4852,#4853,#4854,#4855,#4856,#4857,
#4858,#4859,#4860,#4861,#4862,#4863,#4864,#4865,#4866,#4867,#4868,#4869,
#4870,#4871,#4872,#4873,#4874,#4875,#4876,#4877,#4878,#4879,#4880,#4881,
#4882,#4883,#4884),(#4885,#4886,#4887,#4888,#4889,#4890,#4891,#4892,#4893,
#4894,#4895,#4896,#4897,#4898,#4899,#4900,#4901,#4902,#4903,#4904,#4905,
#4906,#4907,#4908,#4909,#4910,#4911,#4912,#4913,#4914,#4915,#4916,#4917,
#4918,#4919,#4920,#4921,#4922,#4923,#4924,#4925,#4926,#4927,#4928,#4929,
#4930,#4931,#4932,#4933,#4934,#4935,#4936,#4937,#4938,#4939,#4940,#4941,
#4942,#4943,#4944,#4945,#4946,#4947,#4948,#4949,#4950,#4951,#4952),(#4953,
#4954,#4955,#4956,#4957,#4958,#4959,#4960,#4961,#4962,#4963,#4964,#4965,
#4966,#4967,#4968,#4969,#4970,#4971,#4972,#4973,#4974,#4975,#4976,#4977,
#4978,#4979,#4980,#4981,#4982,#4983,#4984,#4985,#4986,#4987,#4988,#4989,
#4990,#4991,#4992,#4993,#4994,#4995,#4996,#4997,#4998,#4999,#5000,#5001,
#5002,#5003,#5004,#5005,#5006,#5007,#5008,#5009,#5010,#5011,#5012,#5013,
#5014,#5015,#5016,#5017,#5018,#5019,#5020),(#5021,#5022,#5023,#5024,#5025,
#5026,#5027,#5028,#5029,#5030,#5031,#5032,#5033,#5034,#5035,#5036,#5037,
#5038,#5039,#5040,#5041,#5042,#5043,#5044,#5045,#5046,#5047,#5048,#5049,
#5050,#5051,#5052,#5053,#5054,#5055,#5056,#5057,#5058,#5059,#5060,#5061,
#5062,#5063,#5064,#5065,#5066,#5067,#5068,#5069,#5070,#5071,#5072,#5073,
#5074,#5075,#5076,#5077,#5078,#5079,#5080,#5081,#5082,#5083,#5084,#5085,
#5086,#5087,#5088)),.UNSPECIFIED.,.F.,.F.,.F.,(4,4),(4,1,1,1,1,1,1,1,1,
1,1,1,1,1,1,1,1,1,1,1,1,1,1,1,1,1,1,1,1,1,1,1,1,1,1,1,1,1,1,1,1,1,1,1,1,
1,1,1,1,1,1,1,1,1,1,1,1,1,1,1,1,1,1,1,1,4),(0.,0.0321584099938625),(14.3984001269714,
15.3961297510261,16.3938593750807,17.3915889991354,18.3893186231901,19.3870482472447,
20.3847778712994,21.3825074953541,22.3802371194087,23.3779667434634,24.3756963675181,
25.3734259915727,26.3711556156274,27.3688852396821,28.3666148637367,29.3643444877914,
30.3620741118461,31.3598037359007,32.3575333599554,33.35526298401,34.3529926080647,
35.3507222321194,36.348451856174,37.3461814802287,38.3439111042834,39.341640728338,
40.3393703523927,41.3370999764474,42.334829600502,43.3325592245567,44.3302888486114,
45.328018472666,46.3257480967207,47.3234777207754,48.32120734483,49.3189369688847,
50.3166665929393,51.314396216994,52.3121258410487,53.3098554651033,54.307585089158,
55.3053147132127,56.3030443372673,57.300773961322,58.2985035853767,59.2962332094313,
60.293962833486,61.2916924575407,62.2894220815953,63.28715170565,64.2848813297047,
65.2826109537593,66.280340577814,67.2780702018686,68.2757998259233,69.273529449978,
70.2712590740326,71.2689886980873,72.266718322142,73.2644479461966,74.2621775702513,
75.259907194306,76.2576368183606,77.2553664424153,78.25309606647,79.2508256905246),
 .UNSPECIFIED.);
#44=B_SPLINE_SURFACE_WITH_KNOTS('',3,3,((#5294,#5295,#5296,#5297,#5298,
#5299,#5300,#5301,#5302,#5303,#5304,#5305,#5306,#5307,#5308,#5309,#5310,
#5311,#5312,#5313,#5314,#5315,#5316,#5317,#5318,#5319,#5320,#5321,#5322,
#5323,#5324,#5325,#5326,#5327,#5328,#5329,#5330,#5331,#5332,#5333,#5334,
#5335,#5336,#5337,#5338,#5339,#5340,#5341,#5342,#5343,#5344,#5345,#5346,
#5347,#5348,#5349,#5350,#5351,#5352,#5353,#5354,#5355,#5356,#5357,#5358,
#5359,#5360,#5361),(#5362,#5363,#5364,#5365,#5366,#5367,#5368,#5369,#5370,
#5371,#5372,#5373,#5374,#5375,#5376,#5377,#5378,#5379,#5380,#5381,#5382,
#5383,#5384,#5385,#5386,#5387,#5388,#5389,#5390,#5391,#5392,#5393,#5394,
#5395,#5396,#5397,#5398,#5399,#5400,#5401,#5402,#5403,#5404,#5405,#5406,
#5407,#5408,#5409,#5410,#5411,#5412,#5413,#5414,#5415,#5416,#5417,#5418,
#5419,#5420,#5421,#5422,#5423,#5424,#5425,#5426,#5427,#5428,#5429),(#5430,
#5431,#5432,#5433,#5434,#5435,#5436,#5437,#5438,#5439,#5440,#5441,#5442,
#5443,#5444,#5445,#5446,#5447,#5448,#5449,#5450,#5451,#5452,#5453,#5454,
#5455,#5456,#5457,#5458,#5459,#5460,#5461,#5462,#5463,#5464,#5465,#5466,
#5467,#5468,#5469,#5470,#5471,#5472,#5473,#5474,#5475,#5476,#5477,#5478,
#5479,#5480,#5481,#5482,#5483,#5484,#5485,#5486,#5487,#5488,#5489,#5490,
#5491,#5492,#5493,#5494,#5495,#5496,#5497),(#5498,#5499,#5500,#5501,#5502,
#5503,#5504,#5505,#5506,#5507,#5508,#5509,#5510,#5511,#5512,#5513,#5514,
#5515,#5516,#5517,#5518,#5519,#5520,#5521,#5522,#5523,#5524,#5525,#5526,
#5527,#5528,#5529,#5530,#5531,#5532,#5533,#5534,#5535,#5536,#5537,#5538,
#5539,#5540,#5541,#5542,#5543,#5544,#5545,#5546,#5547,#5548,#5549,#5550,
#5551,#5552,#5553,#5554,#5555,#5556,#5557,#5558,#5559,#5560,#5561,#5562,
#5563,#5564,#5565)),.UNSPECIFIED.,.F.,.F.,.F.,(4,4),(4,1,1,1,1,1,1,1,1,
1,1,1,1,1,1,1,1,1,1,1,1,1,1,1,1,1,1,1,1,1,1,1,1,1,1,1,1,1,1,1,1,1,1,1,1,
1,1,1,1,1,1,1,1,1,1,1,1,1,1,1,1,1,1,1,1,4),(0.,0.0321584099938625),(11.8553612635792,
12.8530908876339,13.8508205116886,14.8485501357433,15.846279759798,16.8440093838527,
17.8417390079074,18.8394686319621,19.8371982560168,20.8349278800715,21.8326575041262,
22.8303871281809,23.8281167522356,24.8258463762903,25.8235760003451,26.8213056243998,
27.8190352484545,28.8167648725092,29.8144944965639,30.8122241206186,31.8099537446733,
32.807683368728,33.8054129927827,34.8031426168374,35.8008722408921,36.7986018649468,
37.7963314890015,38.7940611130562,39.7917907371109,40.7895203611656,41.7872499852204,
42.7849796092751,43.7827092333298,44.7804388573845,45.7781684814392,46.7758981054939,
47.7736277295486,48.7713573536033,49.769086977658,50.7668166017127,51.7645462257674,
52.7622758498221,53.7600054738768,54.7577350979315,55.7554647219863,56.753194346041,
57.7509239700957,58.7486535941504,59.7463832182051,60.7441128422598,61.7418424663145,
62.7395720903692,63.7373017144239,64.7350313384786,65.7327609625333,66.730490586588,
67.7282202106427,68.7259498346974,69.7236794587521,70.7214090828068,71.7191387068616,
72.7168683309163,73.714597954971,74.7123275790257,75.7100572030804,76.7077868271351),
 .UNSPECIFIED.);
#45=B_SPLINE_SURFACE_WITH_KNOTS('',3,3,((#5746,#5747,#5748,#5749,#5750,
#5751,#5752,#5753,#5754,#5755,#5756,#5757,#5758,#5759,#5760,#5761,#5762,
#5763,#5764,#5765,#5766,#5767,#5768,#5769,#5770,#5771,#5772,#5773,#5774,
#5775,#5776,#5777,#5778,#5779,#5780,#5781,#5782,#5783,#5784,#5785,#5786,
#5787,#5788,#5789,#5790,#5791,#5792,#5793,#5794,#5795,#5796,#5797,#5798,
#5799,#5800,#5801,#5802,#5803,#5804,#5805,#5806,#5807,#5808,#5809,#5810,
#5811,#5812,#5813),(#5814,#5815,#5816,#5817,#5818,#5819,#5820,#5821,#5822,
#5823,#5824,#5825,#5826,#5827,#5828,#5829,#5830,#5831,#5832,#5833,#5834,
#5835,#5836,#5837,#5838,#5839,#5840,#5841,#5842,#5843,#5844,#5845,#5846,
#5847,#5848,#5849,#5850,#5851,#5852,#5853,#5854,#5855,#5856,#5857,#5858,
#5859,#5860,#5861,#5862,#5863,#5864,#5865,#5866,#5867,#5868,#5869,#5870,
#5871,#5872,#5873,#5874,#5875,#5876,#5877,#5878,#5879,#5880,#5881),(#5882,
#5883,#5884,#5885,#5886,#5887,#5888,#5889,#5890,#5891,#5892,#5893,#5894,
#5895,#5896,#5897,#5898,#5899,#5900,#5901,#5902,#5903,#5904,#5905,#5906,
#5907,#5908,#5909,#5910,#5911,#5912,#5913,#5914,#5915,#5916,#5917,#5918,
#5919,#5920,#5921,#5922,#5923,#5924,#5925,#5926,#5927,#5928,#5929,#5930,
#5931,#5932,#5933,#5934,#5935,#5936,#5937,#5938,#5939,#5940,#5941,#5942,
#5943,#5944,#5945,#5946,#5947,#5948,#5949),(#5950,#5951,#5952,#5953,#5954,
#5955,#5956,#5957,#5958,#5959,#5960,#5961,#5962,#5963,#5964,#5965,#5966,
#5967,#5968,#5969,#5970,#5971,#5972,#5973,#5974,#5975,#5976,#5977,#5978,
#5979,#5980,#5981,#5982,#5983,#5984,#5985,#5986,#5987,#5988,#5989,#5990,
#5991,#5992,#5993,#5994,#5995,#5996,#5997,#5998,#5999,#6000,#6001,#6002,
#6003,#6004,#6005,#6006,#6007,#6008,#6009,#6010,#6011,#6012,#6013,#6014,
#6015,#6016,#6017)),.UNSPECIFIED.,.F.,.F.,.F.,(4,4),(4,1,1,1,1,1,1,1,1,
1,1,1,1,1,1,1,1,1,1,1,1,1,1,1,1,1,1,1,1,1,1,1,1,1,1,1,1,1,1,1,1,1,1,1,1,
1,1,1,1,1,1,1,1,1,1,1,1,1,1,1,1,1,1,1,1,4),(0.,0.0321584099938625),(14.3984001269718,
15.3961297510265,16.3938593750811,17.3915889991358,18.3893186231904,19.3870482472451,
20.3847778712998,21.3825074953544,22.3802371194091,23.3779667434637,24.3756963675184,
25.3734259915731,26.3711556156277,27.3688852396824,28.366614863737,29.3643444877917,
30.3620741118463,31.359803735901,32.3575333599557,33.3552629840103,34.352992608065,
35.3507222321196,36.3484518561743,37.346181480229,38.3439111042836,39.3416407283383,
40.3393703523929,41.3370999764476,42.3348296005023,43.3325592245569,44.3302888486116,
45.3280184726662,46.3257480967209,47.3234777207755,48.3212073448302,49.3189369688849,
50.3166665929395,51.3143962169942,52.3121258410488,53.3098554651035,54.3075850891582,
55.3053147132128,56.3030443372675,57.3007739613221,58.2985035853768,59.2962332094314,
60.2939628334861,61.2916924575408,62.2894220815954,63.2871517056501,64.2848813297047,
65.2826109537594,66.2803405778141,67.2780702018687,68.2757998259234,69.273529449978,
70.2712590740327,71.2689886980874,72.266718322142,73.2644479461967,74.2621775702513,
75.259907194306,76.2576368183607,77.2553664424153,78.25309606647,79.2508256905246),
 .UNSPECIFIED.);
#46=B_SPLINE_SURFACE_WITH_KNOTS('',3,1,((#6202,#6203),(#6204,#6205),(#6206,
#6207),(#6208,#6209),(#6210,#6211),(#6212,#6213)),.UNSPECIFIED.,.F.,.F.,
 .F.,(4,2,4),(2,2),(0.278726482474556,0.289108104367979,0.332205532296187),
(0.,0.9),.UNSPECIFIED.);
#47=B_SPLINE_SURFACE_WITH_KNOTS('',3,1,((#6235,#6236),(#6237,#6238),(#6239,
#6240),(#6241,#6242)),.UNSPECIFIED.,.F.,.F.,.F.,(4,4),(2,2),(0.,0.0538250920398978),
(0.,0.9),.UNSPECIFIED.);
#48=B_SPLINE_SURFACE_WITH_KNOTS('',3,1,((#6347,#6348),(#6349,#6350),(#6351,
#6352),(#6353,#6354),(#6355,#6356),(#6357,#6358)),.UNSPECIFIED.,.F.,.F.,
 .F.,(4,2,4),(2,2),(0.278726482474922,0.289108104368014,0.33220553229636),
(0.,0.9),.UNSPECIFIED.);
#49=B_SPLINE_SURFACE_WITH_KNOTS('',3,1,((#6380,#6381),(#6382,#6383),(#6384,
#6385),(#6386,#6387)),.UNSPECIFIED.,.F.,.F.,.F.,(4,4),(2,2),(0.,0.0538250920395289),
(0.,0.9),.UNSPECIFIED.);
#50=B_SPLINE_SURFACE_WITH_KNOTS('',3,3,((#6514,#6515,#6516,#6517,#6518,
#6519,#6520,#6521,#6522,#6523,#6524,#6525,#6526,#6527,#6528,#6529,#6530,
#6531,#6532,#6533,#6534,#6535,#6536,#6537,#6538,#6539,#6540,#6541,#6542,
#6543,#6544,#6545,#6546,#6547,#6548,#6549,#6550),(#6551,#6552,#6553,#6554,
#6555,#6556,#6557,#6558,#6559,#6560,#6561,#6562,#6563,#6564,#6565,#6566,
#6567,#6568,#6569,#6570,#6571,#6572,#6573,#6574,#6575,#6576,#6577,#6578,
#6579,#6580,#6581,#6582,#6583,#6584,#6585,#6586,#6587),(#6588,#6589,#6590,
#6591,#6592,#6593,#6594,#6595,#6596,#6597,#6598,#6599,#6600,#6601,#6602,
#6603,#6604,#6605,#6606,#6607,#6608,#6609,#6610,#6611,#6612,#6613,#6614,
#6615,#6616,#6617,#6618,#6619,#6620,#6621,#6622,#6623,#6624),(#6625,#6626,
#6627,#6628,#6629,#6630,#6631,#6632,#6633,#6634,#6635,#6636,#6637,#6638,
#6639,#6640,#6641,#6642,#6643,#6644,#6645,#6646,#6647,#6648,#6649,#6650,
#6651,#6652,#6653,#6654,#6655,#6656,#6657,#6658,#6659,#6660,#6661)),
 .UNSPECIFIED.,.F.,.F.,.F.,(4,4),(4,1,1,1,1,1,1,1,1,1,1,1,1,1,1,1,1,1,1,
1,1,1,1,1,1,1,1,1,1,1,1,1,1,1,4),(0.,0.0386536005222458),(11.8529428644236,
12.8364671093205,13.8199913542174,14.8035155991143,15.7870398440112,16.7705640889081,
17.754088333805,18.7376125787019,19.7211368235988,20.7046610684957,21.6881853133927,
22.6717095582896,23.6552338031865,24.6387580480834,25.6222822929803,26.6058065378772,
27.5893307827741,28.572855027671,29.5563792725679,30.5399035174649,31.5234277623618,
32.5069520072587,33.4904762521556,34.4740004970525,35.4575247419494,36.4410489868463,
37.4245732317432,38.4080974766401,39.391621721537,40.375145966434,41.3586702113309,
42.3421944562278,43.3257187011247,44.3092429460216,45.2927671909185),
 .UNSPECIFIED.);
#51=B_SPLINE_SURFACE_WITH_KNOTS('',3,3,((#6766,#6767,#6768,#6769,#6770,
#6771,#6772,#6773,#6774,#6775,#6776,#6777,#6778,#6779,#6780,#6781,#6782,
#6783,#6784,#6785,#6786,#6787,#6788,#6789,#6790,#6791,#6792,#6793,#6794,
#6795,#6796,#6797,#6798,#6799,#6800,#6801,#6802),(#6803,#6804,#6805,#6806,
#6807,#6808,#6809,#6810,#6811,#6812,#6813,#6814,#6815,#6816,#6817,#6818,
#6819,#6820,#6821,#6822,#6823,#6824,#6825,#6826,#6827,#6828,#6829,#6830,
#6831,#6832,#6833,#6834,#6835,#6836,#6837,#6838,#6839),(#6840,#6841,#6842,
#6843,#6844,#6845,#6846,#6847,#6848,#6849,#6850,#6851,#6852,#6853,#6854,
#6855,#6856,#6857,#6858,#6859,#6860,#6861,#6862,#6863,#6864,#6865,#6866,
#6867,#6868,#6869,#6870,#6871,#6872,#6873,#6874,#6875,#6876),(#6877,#6878,
#6879,#6880,#6881,#6882,#6883,#6884,#6885,#6886,#6887,#6888,#6889,#6890,
#6891,#6892,#6893,#6894,#6895,#6896,#6897,#6898,#6899,#6900,#6901,#6902,
#6903,#6904,#6905,#6906,#6907,#6908,#6909,#6910,#6911,#6912,#6913)),
 .UNSPECIFIED.,.F.,.F.,.F.,(4,4),(4,1,1,1,1,1,1,1,1,1,1,1,1,1,1,1,1,1,1,
1,1,1,1,1,1,1,1,1,1,1,1,1,1,1,4),(0.,0.0386536005222458),(14.3974932272898,
15.3810174721865,16.3645417170833,17.3480659619801,18.3315902068768,19.3151144517736,
20.2986386966703,21.2821629415671,22.2656871864638,23.2492114313606,24.2327356762573,
25.2162599211541,26.1997841660508,27.1833084109476,28.1668326558443,29.1503569007411,
30.1338811456379,31.1174053905346,32.1009296354314,33.0844538803281,34.0679781252249,
35.0515023701216,36.0350266150184,37.0185508599151,38.0020751048119,38.9855993497086,
39.9691235946054,40.9526478395021,41.9361720843989,42.9196963292957,43.9032205741924,
44.8867448190892,45.8702690639859,46.8537933088827,47.8373175537794),
 .UNSPECIFIED.);
#52=B_SPLINE_SURFACE_WITH_KNOTS('',3,3,((#7049,#7050,#7051,#7052,#7053,
#7054,#7055,#7056,#7057,#7058,#7059,#7060,#7061,#7062,#7063,#7064,#7065,
#7066,#7067,#7068,#7069,#7070,#7071,#7072,#7073,#7074,#7075,#7076,#7077,
#7078,#7079,#7080,#7081,#7082,#7083,#7084,#7085),(#7086,#7087,#7088,#7089,
#7090,#7091,#7092,#7093,#7094,#7095,#7096,#7097,#7098,#7099,#7100,#7101,
#7102,#7103,#7104,#7105,#7106,#7107,#7108,#7109,#7110,#7111,#7112,#7113,
#7114,#7115,#7116,#7117,#7118,#7119,#7120,#7121,#7122),(#7123,#7124,#7125,
#7126,#7127,#7128,#7129,#7130,#7131,#7132,#7133,#7134,#7135,#7136,#7137,
#7138,#7139,#7140,#7141,#7142,#7143,#7144,#7145,#7146,#7147,#7148,#7149,
#7150,#7151,#7152,#7153,#7154,#7155,#7156,#7157,#7158,#7159),(#7160,#7161,
#7162,#7163,#7164,#7165,#7166,#7167,#7168,#7169,#7170,#7171,#7172,#7173,
#7174,#7175,#7176,#7177,#7178,#7179,#7180,#7181,#7182,#7183,#7184,#7185,
#7186,#7187,#7188,#7189,#7190,#7191,#7192,#7193,#7194,#7195,#7196)),
 .UNSPECIFIED.,.F.,.F.,.F.,(4,4),(4,1,1,1,1,1,1,1,1,1,1,1,1,1,1,1,1,1,1,
1,1,1,1,1,1,1,1,1,1,1,1,1,1,1,4),(0.,0.0386536005222458),(11.852942864424,
12.8364671093209,13.8199913542178,14.8035155991146,15.7870398440115,16.7705640889084,
17.7540883338052,18.7376125787021,19.721136823599,20.7046610684959,21.6881853133927,
22.6717095582896,23.6552338031865,24.6387580480834,25.6222822929802,26.6058065378771,
27.589330782774,28.5728550276709,29.5563792725677,30.5399035174646,31.5234277623615,
32.5069520072583,33.4904762521552,34.4740004970521,35.457524741949,36.4410489868458,
37.4245732317427,38.4080974766396,39.3916217215365,40.3751459664333,41.3586702113302,
42.3421944562271,43.325718701124,44.3092429460208,45.2927671909177),
 .UNSPECIFIED.);
#53=B_SPLINE_SURFACE_WITH_KNOTS('',3,3,((#7304,#7305,#7306,#7307,#7308,
#7309,#7310,#7311,#7312,#7313,#7314,#7315,#7316,#7317,#7318,#7319,#7320,
#7321,#7322,#7323,#7324,#7325,#7326,#7327,#7328,#7329,#7330,#7331,#7332,
#7333,#7334,#7335,#7336,#7337,#7338,#7339,#7340),(#7341,#7342,#7343,#7344,
#7345,#7346,#7347,#7348,#7349,#7350,#7351,#7352,#7353,#7354,#7355,#7356,
#7357,#7358,#7359,#7360,#7361,#7362,#7363,#7364,#7365,#7366,#7367,#7368,
#7369,#7370,#7371,#7372,#7373,#7374,#7375,#7376,#7377),(#7378,#7379,#7380,
#7381,#7382,#7383,#7384,#7385,#7386,#7387,#7388,#7389,#7390,#7391,#7392,
#7393,#7394,#7395,#7396,#7397,#7398,#7399,#7400,#7401,#7402,#7403,#7404,
#7405,#7406,#7407,#7408,#7409,#7410,#7411,#7412,#7413,#7414),(#7415,#7416,
#7417,#7418,#7419,#7420,#7421,#7422,#7423,#7424,#7425,#7426,#7427,#7428,
#7429,#7430,#7431,#7432,#7433,#7434,#7435,#7436,#7437,#7438,#7439,#7440,
#7441,#7442,#7443,#7444,#7445,#7446,#7447,#7448,#7449,#7450,#7451)),
 .UNSPECIFIED.,.F.,.F.,.F.,(4,4),(4,1,1,1,1,1,1,1,1,1,1,1,1,1,1,1,1,1,1,
1,1,1,1,1,1,1,1,1,1,1,1,1,1,1,4),(0.,0.0386536005222458),(14.3974932272898,
15.3810174721865,16.3645417170833,17.3480659619801,18.3315902068768,19.3151144517736,
20.2986386966704,21.2821629415671,22.2656871864639,23.2492114313607,24.2327356762574,
25.2162599211542,26.199784166051,27.1833084109477,28.1668326558445,29.1503569007413,
30.133881145638,31.1174053905348,32.1009296354316,33.0844538803283,34.0679781252251,
35.0515023701219,36.0350266150186,37.0185508599154,38.0020751048121,38.9855993497089,
39.9691235946057,40.9526478395024,41.9361720843992,42.919696329296,43.9032205741927,
44.8867448190895,45.8702690639863,46.853793308883,47.8373175537798),
 .UNSPECIFIED.);
#54=FACE_OUTER_BOUND('',#156,.T.);
#55=FACE_OUTER_BOUND('',#157,.T.);
#56=FACE_OUTER_BOUND('',#158,.T.);
#57=FACE_OUTER_BOUND('',#159,.T.);
#58=FACE_OUTER_BOUND('',#160,.T.);
#59=FACE_OUTER_BOUND('',#161,.T.);
#60=FACE_OUTER_BOUND('',#162,.T.);
#61=FACE_OUTER_BOUND('',#163,.T.);
#62=FACE_OUTER_BOUND('',#164,.T.);
#63=FACE_OUTER_BOUND('',#165,.T.);
#64=FACE_OUTER_BOUND('',#166,.T.);
#65=FACE_OUTER_BOUND('',#167,.T.);
#66=FACE_OUTER_BOUND('',#168,.T.);
#67=FACE_OUTER_BOUND('',#169,.T.);
#68=FACE_OUTER_BOUND('',#170,.T.);
#69=FACE_OUTER_BOUND('',#171,.T.);
#70=FACE_OUTER_BOUND('',#172,.T.);
#71=FACE_OUTER_BOUND('',#173,.T.);
#72=FACE_OUTER_BOUND('',#174,.T.);
#73=FACE_OUTER_BOUND('',#175,.T.);
#74=FACE_OUTER_BOUND('',#176,.T.);
#75=FACE_OUTER_BOUND('',#177,.T.);
#76=FACE_OUTER_BOUND('',#178,.T.);
#77=FACE_OUTER_BOUND('',#179,.T.);
#78=FACE_OUTER_BOUND('',#180,.T.);
#79=FACE_OUTER_BOUND('',#181,.T.);
#80=FACE_OUTER_BOUND('',#182,.T.);
#81=FACE_OUTER_BOUND('',#183,.T.);
#82=FACE_OUTER_BOUND('',#184,.T.);
#83=FACE_OUTER_BOUND('',#185,.T.);
#84=FACE_OUTER_BOUND('',#186,.T.);
#85=FACE_OUTER_BOUND('',#187,.T.);
#86=FACE_OUTER_BOUND('',#188,.T.);
#87=FACE_OUTER_BOUND('',#189,.T.);
#88=FACE_OUTER_BOUND('',#190,.T.);
#89=FACE_OUTER_BOUND('',#191,.T.);
#90=FACE_OUTER_BOUND('',#192,.T.);
#91=FACE_OUTER_BOUND('',#193,.T.);
#92=FACE_OUTER_BOUND('',#194,.T.);
#93=FACE_OUTER_BOUND('',#195,.T.);
#94=FACE_OUTER_BOUND('',#196,.T.);
#95=FACE_OUTER_BOUND('',#197,.T.);
#96=FACE_OUTER_BOUND('',#198,.T.);
#97=FACE_OUTER_BOUND('',#199,.T.);
#98=FACE_OUTER_BOUND('',#200,.T.);
#99=FACE_OUTER_BOUND('',#201,.T.);
#100=FACE_OUTER_BOUND('',#202,.T.);
#101=FACE_OUTER_BOUND('',#203,.T.);
#102=FACE_OUTER_BOUND('',#204,.T.);
#103=FACE_OUTER_BOUND('',#205,.T.);
#104=FACE_OUTER_BOUND('',#206,.T.);
#105=FACE_OUTER_BOUND('',#207,.T.);
#106=FACE_OUTER_BOUND('',#208,.T.);
#107=FACE_OUTER_BOUND('',#209,.T.);
#108=FACE_OUTER_BOUND('',#210,.T.);
#109=FACE_OUTER_BOUND('',#211,.T.);
#110=FACE_OUTER_BOUND('',#212,.T.);
#111=FACE_OUTER_BOUND('',#213,.T.);
#112=FACE_OUTER_BOUND('',#214,.T.);
#113=FACE_OUTER_BOUND('',#215,.T.);
#114=FACE_OUTER_BOUND('',#216,.T.);
#115=FACE_OUTER_BOUND('',#217,.T.);
#116=FACE_OUTER_BOUND('',#218,.T.);
#117=FACE_OUTER_BOUND('',#219,.T.);
#118=FACE_OUTER_BOUND('',#220,.T.);
#119=FACE_OUTER_BOUND('',#221,.T.);
#120=FACE_OUTER_BOUND('',#222,.T.);
#121=FACE_OUTER_BOUND('',#223,.T.);
#122=FACE_OUTER_BOUND('',#224,.T.);
#123=FACE_OUTER_BOUND('',#225,.T.);
#124=FACE_OUTER_BOUND('',#226,.T.);
#125=FACE_OUTER_BOUND('',#227,.T.);
#126=FACE_OUTER_BOUND('',#228,.T.);
#127=FACE_OUTER_BOUND('',#229,.T.);
#128=FACE_OUTER_BOUND('',#230,.T.);
#129=FACE_OUTER_BOUND('',#232,.T.);
#130=FACE_OUTER_BOUND('',#233,.T.);
#131=FACE_OUTER_BOUND('',#234,.T.);
#132=FACE_OUTER_BOUND('',#235,.T.);
#133=FACE_OUTER_BOUND('',#236,.T.);
#134=FACE_OUTER_BOUND('',#237,.T.);
#135=FACE_OUTER_BOUND('',#239,.T.);
#136=FACE_OUTER_BOUND('',#240,.T.);
#137=FACE_OUTER_BOUND('',#241,.T.);
#138=FACE_OUTER_BOUND('',#242,.T.);
#139=FACE_OUTER_BOUND('',#243,.T.);
#140=FACE_OUTER_BOUND('',#245,.T.);
#141=FACE_OUTER_BOUND('',#246,.T.);
#142=FACE_OUTER_BOUND('',#247,.T.);
#143=FACE_OUTER_BOUND('',#248,.T.);
#144=FACE_OUTER_BOUND('',#250,.T.);
#145=FACE_OUTER_BOUND('',#251,.T.);
#146=FACE_OUTER_BOUND('',#252,.T.);
#147=FACE_OUTER_BOUND('',#253,.T.);
#148=FACE_OUTER_BOUND('',#254,.T.);
#149=FACE_OUTER_BOUND('',#257,.T.);
#150=FACE_OUTER_BOUND('',#258,.T.);
#151=FACE_OUTER_BOUND('',#259,.T.);
#152=FACE_OUTER_BOUND('',#260,.T.);
#153=FACE_OUTER_BOUND('',#261,.T.);
#154=FACE_OUTER_BOUND('',#262,.T.);
#155=FACE_OUTER_BOUND('',#263,.T.);
#156=EDGE_LOOP('',(#1088,#1089,#1090,#1091));
#157=EDGE_LOOP('',(#1092,#1093,#1094,#1095));
#158=EDGE_LOOP('',(#1096,#1097,#1098,#1099));
#159=EDGE_LOOP('',(#1100,#1101,#1102,#1103));
#160=EDGE_LOOP('',(#1104,#1105,#1106,#1107));
#161=EDGE_LOOP('',(#1108,#1109,#1110,#1111));
#162=EDGE_LOOP('',(#1112,#1113,#1114,#1115));
#163=EDGE_LOOP('',(#1116,#1117,#1118,#1119));
#164=EDGE_LOOP('',(#1120,#1121,#1122,#1123));
#165=EDGE_LOOP('',(#1124,#1125,#1126,#1127));
#166=EDGE_LOOP('',(#1128,#1129,#1130,#1131,#1132,#1133));
#167=EDGE_LOOP('',(#1134,#1135,#1136,#1137));
#168=EDGE_LOOP('',(#1138,#1139,#1140,#1141));
#169=EDGE_LOOP('',(#1142,#1143,#1144,#1145));
#170=EDGE_LOOP('',(#1146,#1147,#1148,#1149));
#171=EDGE_LOOP('',(#1150,#1151,#1152,#1153,#1154,#1155));
#172=EDGE_LOOP('',(#1156,#1157,#1158,#1159));
#173=EDGE_LOOP('',(#1160,#1161,#1162,#1163));
#174=EDGE_LOOP('',(#1164,#1165,#1166,#1167));
#175=EDGE_LOOP('',(#1168,#1169,#1170,#1171));
#176=EDGE_LOOP('',(#1172,#1173,#1174,#1175));
#177=EDGE_LOOP('',(#1176,#1177,#1178,#1179));
#178=EDGE_LOOP('',(#1180,#1181,#1182,#1183));
#179=EDGE_LOOP('',(#1184,#1185,#1186,#1187));
#180=EDGE_LOOP('',(#1188,#1189,#1190,#1191));
#181=EDGE_LOOP('',(#1192,#1193,#1194,#1195));
#182=EDGE_LOOP('',(#1196,#1197,#1198,#1199));
#183=EDGE_LOOP('',(#1200,#1201,#1202,#1203));
#184=EDGE_LOOP('',(#1204,#1205,#1206,#1207));
#185=EDGE_LOOP('',(#1208,#1209,#1210,#1211));
#186=EDGE_LOOP('',(#1212,#1213,#1214,#1215));
#187=EDGE_LOOP('',(#1216,#1217,#1218,#1219));
#188=EDGE_LOOP('',(#1220,#1221,#1222,#1223));
#189=EDGE_LOOP('',(#1224,#1225,#1226,#1227));
#190=EDGE_LOOP('',(#1228,#1229,#1230,#1231));
#191=EDGE_LOOP('',(#1232,#1233,#1234,#1235));
#192=EDGE_LOOP('',(#1236,#1237,#1238,#1239));
#193=EDGE_LOOP('',(#1240,#1241,#1242,#1243));
#194=EDGE_LOOP('',(#1244,#1245,#1246,#1247));
#195=EDGE_LOOP('',(#1248,#1249,#1250,#1251));
#196=EDGE_LOOP('',(#1252,#1253,#1254,#1255));
#197=EDGE_LOOP('',(#1256,#1257,#1258,#1259));
#198=EDGE_LOOP('',(#1260,#1261,#1262,#1263));
#199=EDGE_LOOP('',(#1264,#1265,#1266,#1267));
#200=EDGE_LOOP('',(#1268,#1269,#1270,#1271));
#201=EDGE_LOOP('',(#1272,#1273,#1274,#1275));
#202=EDGE_LOOP('',(#1276,#1277,#1278,#1279));
#203=EDGE_LOOP('',(#1280,#1281,#1282,#1283));
#204=EDGE_LOOP('',(#1284,#1285,#1286,#1287));
#205=EDGE_LOOP('',(#1288,#1289,#1290,#1291));
#206=EDGE_LOOP('',(#1292,#1293,#1294,#1295));
#207=EDGE_LOOP('',(#1296,#1297,#1298,#1299));
#208=EDGE_LOOP('',(#1300,#1301,#1302,#1303));
#209=EDGE_LOOP('',(#1304,#1305,#1306,#1307));
#210=EDGE_LOOP('',(#1308,#1309,#1310,#1311));
#211=EDGE_LOOP('',(#1312,#1313,#1314,#1315));
#212=EDGE_LOOP('',(#1316,#1317,#1318,#1319));
#213=EDGE_LOOP('',(#1320,#1321,#1322,#1323));
#214=EDGE_LOOP('',(#1324,#1325,#1326,#1327));
#215=EDGE_LOOP('',(#1328,#1329,#1330,#1331));
#216=EDGE_LOOP('',(#1332,#1333,#1334,#1335));
#217=EDGE_LOOP('',(#1336,#1337,#1338,#1339,#1340,#1341,#1342,#1343,#1344,
#1345,#1346,#1347,#1348,#1349,#1350,#1351,#1352,#1353,#1354,#1355,#1356,
#1357,#1358,#1359));
#218=EDGE_LOOP('',(#1360,#1361,#1362,#1363,#1364,#1365,#1366,#1367,#1368,
#1369,#1370,#1371,#1372,#1373,#1374,#1375,#1376,#1377,#1378,#1379,#1380,
#1381,#1382,#1383));
#219=EDGE_LOOP('',(#1384,#1385,#1386,#1387));
#220=EDGE_LOOP('',(#1388,#1389,#1390,#1391,#1392,#1393,#1394,#1395,#1396,
#1397,#1398,#1399,#1400,#1401,#1402,#1403,#1404,#1405,#1406,#1407,#1408,
#1409,#1410,#1411));
#221=EDGE_LOOP('',(#1412,#1413,#1414,#1415,#1416,#1417,#1418,#1419,#1420,
#1421,#1422,#1423,#1424,#1425,#1426,#1427,#1428,#1429,#1430,#1431,#1432,
#1433,#1434,#1435));
#222=EDGE_LOOP('',(#1436,#1437,#1438,#1439));
#223=EDGE_LOOP('',(#1440,#1441,#1442,#1443));
#224=EDGE_LOOP('',(#1444,#1445,#1446,#1447));
#225=EDGE_LOOP('',(#1448,#1449,#1450,#1451));
#226=EDGE_LOOP('',(#1452,#1453,#1454,#1455));
#227=EDGE_LOOP('',(#1456,#1457,#1458,#1459));
#228=EDGE_LOOP('',(#1460,#1461,#1462,#1463));
#229=EDGE_LOOP('',(#1464,#1465,#1466,#1467));
#230=EDGE_LOOP('',(#1468));
#231=EDGE_LOOP('',(#1469,#1470,#1471,#1472));
#232=EDGE_LOOP('',(#1473,#1474,#1475,#1476));
#233=EDGE_LOOP('',(#1477,#1478,#1479,#1480));
#234=EDGE_LOOP('',(#1481,#1482,#1483,#1484));
#235=EDGE_LOOP('',(#1485,#1486,#1487,#1488));
#236=EDGE_LOOP('',(#1489,#1490,#1491,#1492));
#237=EDGE_LOOP('',(#1493));
#238=EDGE_LOOP('',(#1494,#1495,#1496,#1497));
#239=EDGE_LOOP('',(#1498,#1499,#1500,#1501));
#240=EDGE_LOOP('',(#1502,#1503,#1504,#1505));
#241=EDGE_LOOP('',(#1506,#1507,#1508,#1509,#1510,#1511,#1512,#1513,#1514,
#1515,#1516,#1517,#1518,#1519,#1520));
#242=EDGE_LOOP('',(#1521,#1522,#1523,#1524,#1525,#1526,#1527,#1528,#1529,
#1530,#1531,#1532,#1533,#1534,#1535));
#243=EDGE_LOOP('',(#1536));
#244=EDGE_LOOP('',(#1537,#1538,#1539,#1540));
#245=EDGE_LOOP('',(#1541,#1542,#1543,#1544));
#246=EDGE_LOOP('',(#1545,#1546,#1547,#1548,#1549,#1550,#1551,#1552,#1553,
#1554,#1555,#1556,#1557,#1558,#1559));
#247=EDGE_LOOP('',(#1560,#1561,#1562,#1563,#1564,#1565,#1566,#1567,#1568,
#1569,#1570,#1571,#1572,#1573,#1574));
#248=EDGE_LOOP('',(#1575));
#249=EDGE_LOOP('',(#1576,#1577,#1578,#1579));
#250=EDGE_LOOP('',(#1580,#1581,#1582,#1583));
#251=EDGE_LOOP('',(#1584,#1585,#1586,#1587));
#252=EDGE_LOOP('',(#1588,#1589,#1590,#1591,#1592,#1593));
#253=EDGE_LOOP('',(#1594,#1595,#1596,#1597,#1598,#1599));
#254=EDGE_LOOP('',(#1600,#1601,#1602,#1603));
#255=EDGE_LOOP('',(#1604,#1605,#1606));
#256=EDGE_LOOP('',(#1607,#1608,#1609));
#257=EDGE_LOOP('',(#1610,#1611));
#258=EDGE_LOOP('',(#1612,#1613));
#259=EDGE_LOOP('',(#1614,#1615,#1616,#1617));
#260=EDGE_LOOP('',(#1618,#1619,#1620,#1621));
#261=EDGE_LOOP('',(#1622,#1623,#1624,#1625));
#262=EDGE_LOOP('',(#1626,#1627,#1628,#1629));
#263=EDGE_LOOP('',(#1630,#1631,#1632,#1633));
#264=EDGE_LOOP('',(#1634,#1635,#1636,#1637));
#265=EDGE_LOOP('',(#1638,#1639,#1640,#1641));
#266=EDGE_LOOP('',(#1642));
#267=EDGE_LOOP('',(#1643));
#268=CIRCLE('',#1839,1.465);
#269=CIRCLE('',#1844,1.465);
#270=CIRCLE('',#1846,1.465);
#271=CIRCLE('',#1851,1.465);
#272=CIRCLE('',#1853,1.79975000000024);
#273=CIRCLE('',#1858,1.79975);
#274=CIRCLE('',#1860,1.79975000000036);
#275=CIRCLE('',#1865,1.79975);
#276=CIRCLE('',#1867,1.2645);
#277=CIRCLE('',#1877,1.2645);
#278=CIRCLE('',#1879,1.2645);
#279=CIRCLE('',#1889,1.2645);
#280=CIRCLE('',#1891,1.54300000000001);
#281=CIRCLE('',#1901,1.54300000000001);
#282=CIRCLE('',#1903,1.54300000000002);
#283=CIRCLE('',#1913,1.54300000000002);
#284=CIRCLE('',#1921,1.75);
#285=CIRCLE('',#1922,1.75);
#286=CIRCLE('',#1924,2.5);
#287=CIRCLE('',#1925,2.5);
#288=CIRCLE('',#1929,1.75);
#289=CIRCLE('',#1930,1.75);
#290=CIRCLE('',#1932,2.5);
#291=CIRCLE('',#1933,2.5);
#292=CIRCLE('',#1938,3.);
#293=CIRCLE('',#1941,3.);
#294=CIRCLE('',#1947,7.5);
#295=CIRCLE('',#1948,7.5);
#296=CIRCLE('',#1950,7.5);
#297=CIRCLE('',#1952,7.5);
#298=CIRCLE('',#1954,7.5);
#299=CIRCLE('',#1957,7.5);
#300=B_SPLINE_CURVE_WITH_KNOTS('',3,(#2298,#2299,#2300,#2301),
 .UNSPECIFIED.,.F.,.F.,(4,4),(32.7263965765571,33.4398243264896),
 .UNSPECIFIED.);
#301=B_SPLINE_CURVE_WITH_KNOTS('',3,(#2304,#2305,#2306,#2307,#2308,#2309,
#2310,#2311,#2312,#2313),.UNSPECIFIED.,.F.,.F.,(4,3,3,4),(-31.4159265359057,
-30.4892515918042,-29.5057273469073,-28.9877616322438),.UNSPECIFIED.);
#302=B_SPLINE_CURVE_WITH_KNOTS('',3,(#2318,#2319,#2320,#2321,#2322,#2323,
#2324,#2325,#2326,#2327,#2328,#2329,#2330,#2331,#2332,#2333,#2334,#2335,
#2336,#2337,#2338,#2339,#2340,#2341,#2342),.UNSPECIFIED.,.F.,.F.,(4,3,3,
3,3,3,3,3,4),(26.4432112693775,26.5551546122124,27.5386788571091,28.5222031020059,
29.5057273469026,30.4892515917994,31.4727758366961,32.4563000815929,32.7263965765571),
 .UNSPECIFIED.);
#303=B_SPLINE_CURVE_WITH_KNOTS('',3,(#2343,#2344,#2345,#2346,#2347,#2348,
#2349,#2350,#2351,#2352,#2353,#2354,#2355,#2356,#2357,#2358,#2359,#2360,
#2361,#2362,#2363,#2364),.UNSPECIFIED.,.F.,.F.,(4,3,3,3,3,3,3,4),(-28.9877616322438,
-28.5222031020104,-27.5386788571135,-26.5551546122166,-25.5716303673197,
-24.5881061224228,-23.6045818775258,-22.7045763250642),.UNSPECIFIED.);
#304=B_SPLINE_CURVE_WITH_KNOTS('',3,(#2369,#2370,#2371,#2372,#2373,#2374,
#2375,#2376,#2377,#2378,#2379,#2380,#2381,#2382,#2383,#2384,#2385,#2386,
#2387,#2388,#2389,#2390),.UNSPECIFIED.,.F.,.F.,(4,3,3,3,3,3,3,4),(20.1600259621979,
20.6540091428318,21.6375333877286,22.6210576326253,23.6045818775221,24.5881061224189,
25.5716303673156,26.4432112693775),.UNSPECIFIED.);
#305=B_SPLINE_CURVE_WITH_KNOTS('',3,(#2391,#2392,#2393,#2394,#2395,#2396,
#2397,#2398,#2399,#2400,#2401,#2402,#2403,#2404,#2405,#2406,#2407,#2408,
#2409,#2410,#2411,#2412,#2413,#2414,#2415),.UNSPECIFIED.,.F.,.F.,(4,3,3,
3,3,3,3,3,4),(-22.7045763250642,-22.6210576326289,-21.637533387732,-20.6540091428351,
-19.6704848979382,-18.6869606530413,-17.7034364081444,-16.7199121632475,
-16.4213910178846),.UNSPECIFIED.);
#306=B_SPLINE_CURVE_WITH_KNOTS('',3,(#2420,#2421,#2422,#2423,#2424,#2425,
#2426,#2427,#2428,#2429,#2430,#2431,#2432,#2433,#2434,#2435,#2436,#2437,
#2438,#2439,#2440,#2441),.UNSPECIFIED.,.F.,.F.,(4,3,3,3,3,3,3,4),(13.8768406550184,
14.7528636734513,15.7363879183481,16.7199121632448,17.7034364081416,18.6869606530383,
19.6704848979351,20.1600259621979),.UNSPECIFIED.);
#307=B_SPLINE_CURVE_WITH_KNOTS('',3,(#2442,#2443,#2444,#2445,#2446,#2447,
#2448,#2449,#2450,#2451,#2452,#2453,#2454,#2455,#2456,#2457,#2458,#2459,
#2460,#2461,#2462,#2463),.UNSPECIFIED.,.F.,.F.,(4,3,3,3,3,3,3,4),(-16.4213910178846,
-15.7363879183506,-14.7528636734537,-13.7693394285567,-12.7858151836598,
-11.8022909387629,-10.818766693866,-10.138205710705),.UNSPECIFIED.);
#308=B_SPLINE_CURVE_WITH_KNOTS('',3,(#2469,#2470,#2471,#2472,#2473,#2474,
#2475,#2476,#2477,#2478,#2479,#2480,#2481),.UNSPECIFIED.,.F.,.F.,(4,3,3,
3,4),(-3.85502040352543,-2.95057273469073,-1.96704848979382,-0.983524244896912,
0.),.UNSPECIFIED.);
#309=B_SPLINE_CURVE_WITH_KNOTS('',3,(#2484,#2485,#2486,#2487,#2488,#2489,
#2490,#2491,#2492,#2493,#2494,#2495,#2496,#2497,#2498,#2499,#2500,#2501,
#2502),.UNSPECIFIED.,.F.,.F.,(4,3,3,3,3,3,4),(2.02389779059492,2.95057273469026,
3.93409697958701,4.91762122448377,5.90114546938052,6.88466971427728,7.59365534783876),
 .UNSPECIFIED.);
#310=B_SPLINE_CURVE_WITH_KNOTS('',3,(#2508,#2509,#2510,#2511),
 .UNSPECIFIED.,.F.,.F.,(4,4),(32.7263965765571,33.43982432649),
 .UNSPECIFIED.);
#311=B_SPLINE_CURVE_WITH_KNOTS('',3,(#2514,#2515,#2516,#2517,#2518,#2519,
#2520,#2521,#2522,#2523),.UNSPECIFIED.,.F.,.F.,(4,3,3,4),(-31.4159265359046,
-30.4892515918031,-29.5057273469062,-28.9877616322433),.UNSPECIFIED.);
#312=B_SPLINE_CURVE_WITH_KNOTS('',3,(#2528,#2529,#2530,#2531,#2532,#2533,
#2534,#2535,#2536,#2537,#2538,#2539,#2540,#2541,#2542,#2543,#2544,#2545,
#2546,#2547,#2548,#2549,#2550,#2551,#2552),.UNSPECIFIED.,.F.,.F.,(4,3,3,
3,3,3,3,3,4),(26.4432112693775,26.5551546122127,27.5386788571095,28.5222031020062,
29.505727346903,30.4892515917998,31.4727758366965,32.4563000815933,32.7263965765571),
 .UNSPECIFIED.);
#313=B_SPLINE_CURVE_WITH_KNOTS('',3,(#2553,#2554,#2555,#2556,#2557,#2558,
#2559,#2560,#2561,#2562,#2563,#2564,#2565,#2566,#2567,#2568,#2569,#2570,
#2571,#2572,#2573,#2574),.UNSPECIFIED.,.F.,.F.,(4,3,3,3,3,3,3,4),(-28.9877616322433,
-28.5222031020093,-27.5386788571125,-26.5551546122156,-25.5716303673187,
-24.5881061224219,-23.604581877525,-22.7045763250637),.UNSPECIFIED.);
#314=B_SPLINE_CURVE_WITH_KNOTS('',3,(#2579,#2580,#2581,#2582,#2583,#2584,
#2585,#2586,#2587,#2588,#2589,#2590,#2591,#2592,#2593,#2594,#2595,#2596,
#2597,#2598,#2599,#2600),.UNSPECIFIED.,.F.,.F.,(4,3,3,3,3,3,3,4),(20.1600259621979,
20.6540091428321,21.6375333877289,22.6210576326256,23.6045818775224,24.5881061224192,
25.5716303673159,26.4432112693775),.UNSPECIFIED.);
#315=B_SPLINE_CURVE_WITH_KNOTS('',3,(#2601,#2602,#2603,#2604,#2605,#2606,
#2607,#2608,#2609,#2610,#2611,#2612,#2613,#2614,#2615,#2616,#2617,#2618,
#2619,#2620,#2621,#2622,#2623,#2624,#2625),.UNSPECIFIED.,.F.,.F.,(4,3,3,
3,3,3,3,3,4),(-22.7045763250637,-22.6210576326281,-21.6375333877312,-20.6540091428344,
-19.6704848979375,-18.6869606530406,-17.7034364081437,-16.7199121632469,
-16.4213910178841),.UNSPECIFIED.);
#316=B_SPLINE_CURVE_WITH_KNOTS('',3,(#2630,#2631,#2632,#2633,#2634,#2635,
#2636,#2637,#2638,#2639,#2640,#2641,#2642,#2643,#2644,#2645,#2646,#2647,
#2648,#2649,#2650,#2651),.UNSPECIFIED.,.F.,.F.,(4,3,3,3,3,3,3,4),(13.8768406550184,
14.7528636734515,15.7363879183483,16.719912163245,17.7034364081418,18.6869606530386,
19.6704848979353,20.1600259621979),.UNSPECIFIED.);
#317=B_SPLINE_CURVE_WITH_KNOTS('',3,(#2652,#2653,#2654,#2655,#2656,#2657,
#2658,#2659,#2660,#2661,#2662,#2663,#2664,#2665,#2666,#2667,#2668,#2669,
#2670,#2671,#2672,#2673),.UNSPECIFIED.,.F.,.F.,(4,3,3,3,3,3,3,4),(-16.4213910178841,
-15.73638791835,-14.7528636734531,-13.7693394285562,-12.7858151836594,-11.8022909387625,
-10.8187666938656,-10.1382057107045),.UNSPECIFIED.);
#318=B_SPLINE_CURVE_WITH_KNOTS('',3,(#2679,#2680,#2681,#2682,#2683,#2684,
#2685,#2686,#2687,#2688,#2689,#2690,#2691),.UNSPECIFIED.,.F.,.F.,(4,3,3,
3,4),(-3.85502040352495,-2.95057273469063,-1.96704848979375,-0.983524244896877,
0.),.UNSPECIFIED.);
#319=B_SPLINE_CURVE_WITH_KNOTS('',3,(#2694,#2695,#2696,#2697,#2698,#2699,
#2700,#2701,#2702,#2703,#2704,#2705,#2706,#2707,#2708,#2709,#2710,#2711,
#2712),.UNSPECIFIED.,.F.,.F.,(4,3,3,3,3,3,4),(2.02389779059411,2.9505727346903,
3.93409697958706,4.91762122448383,5.9011454693806,6.88466971427736,7.59365534783878),
 .UNSPECIFIED.);
#320=B_SPLINE_CURVE_WITH_KNOTS('',3,(#2718,#2719,#2720,#2721,#2722,#2723,
#2724,#2725),.UNSPECIFIED.,.F.,.F.,(4,1,1,1,1,4),(40.8407044966673,41.3586702113302,
42.3421944562271,43.325718701124,44.3092429460208,45.2927671909177),
 .UNSPECIFIED.);
#321=B_SPLINE_CURVE_WITH_KNOTS('',3,(#2732,#2733,#2734,#2735,#2736,#2737,
#2738,#2739,#2740),.UNSPECIFIED.,.F.,.F.,(4,1,1,1,1,1,4),(40.8407044966673,
40.9526478395024,41.9361720843992,42.919696329296,43.9032205741927,44.8867448190895,
45.8134197631878),.UNSPECIFIED.);
#322=B_SPLINE_CURVE_WITH_KNOTS('',3,(#2745,#2746,#2747,#2748,#2749,#2750,
#2751,#2752,#2753,#2754),.UNSPECIFIED.,.F.,.F.,(4,1,1,1,1,1,1,4),(34.5575191894877,
35.457524741949,36.4410489868458,37.4245732317427,38.4080974766396,39.3916217215365,
40.3751459664333,40.8407044966673),.UNSPECIFIED.);
#323=B_SPLINE_CURVE_WITH_KNOTS('',3,(#2755,#2756,#2757,#2758,#2759,#2760,
#2761,#2762,#2763,#2764),.UNSPECIFIED.,.F.,.F.,(4,1,1,1,1,1,1,4),(34.5575191894877,
35.0515023701219,36.0350266150186,37.0185508599154,38.0020751048121,38.9855993497089,
39.9691235946057,40.8407044966673),.UNSPECIFIED.);
#324=B_SPLINE_CURVE_WITH_KNOTS('',3,(#2769,#2770,#2771,#2772,#2773,#2774,
#2775,#2776,#2777,#2778,#2779),.UNSPECIFIED.,.F.,.F.,(4,1,1,1,1,1,1,1,4),
(28.2743338823081,28.5728550276709,29.5563792725677,30.5399035174646,31.5234277623615,
32.5069520072583,33.4904762521552,34.4740004970521,34.5575191894877),
 .UNSPECIFIED.);
#325=B_SPLINE_CURVE_WITH_KNOTS('',3,(#2780,#2781,#2782,#2783,#2784,#2785,
#2786,#2787,#2788,#2789),.UNSPECIFIED.,.F.,.F.,(4,1,1,1,1,1,1,4),(28.2743338823081,
29.1503569007413,30.133881145638,31.1174053905348,32.1009296354316,33.0844538803283,
34.0679781252251,34.5575191894877),.UNSPECIFIED.);
#326=B_SPLINE_CURVE_WITH_KNOTS('',3,(#2794,#2795,#2796,#2797,#2798,#2799,
#2800,#2801,#2802,#2803),.UNSPECIFIED.,.F.,.F.,(4,1,1,1,1,1,1,4),(21.9911485751286,
22.6717095582896,23.6552338031865,24.6387580480834,25.6222822929802,26.6058065378771,
27.589330782774,28.2743338823081),.UNSPECIFIED.);
#327=B_SPLINE_CURVE_WITH_KNOTS('',3,(#2804,#2805,#2806,#2807,#2808,#2809,
#2810,#2811,#2812,#2813,#2814),.UNSPECIFIED.,.F.,.F.,(4,1,1,1,1,1,1,1,4),
(21.9911485751285,22.2656871864639,23.2492114313607,24.2327356762574,25.2162599211542,
26.199784166051,27.1833084109477,28.1668326558445,28.2743338823081),
 .UNSPECIFIED.);
#328=B_SPLINE_CURVE_WITH_KNOTS('',3,(#2820,#2821,#2822,#2823,#2824),
 .UNSPECIFIED.,.F.,.F.,(4,1,4),(14.3974932272898,15.3810174721865,15.707963267949),
 .UNSPECIFIED.);
#329=B_SPLINE_CURVE_WITH_KNOTS('',3,(#2827,#2828,#2829,#2830,#2831),
 .UNSPECIFIED.,.F.,.F.,(4,1,4),(13.8768406550184,14.8035155991146,15.707963267949),
 .UNSPECIFIED.);
#330=B_SPLINE_CURVE_WITH_KNOTS('',3,(#2837,#2838,#2839,#2840,#2841,#2842,
#2843,#2844),.UNSPECIFIED.,.F.,.F.,(4,1,1,1,1,4),(40.8407044966673,41.3586702113309,
42.3421944562278,43.3257187011247,44.3092429460216,45.2927671909185),
 .UNSPECIFIED.);
#331=B_SPLINE_CURVE_WITH_KNOTS('',3,(#2851,#2852,#2853,#2854,#2855,#2856,
#2857,#2858,#2859),.UNSPECIFIED.,.F.,.F.,(4,1,1,1,1,1,4),(40.8407044966673,
40.9526478395021,41.9361720843989,42.9196963292957,43.9032205741924,44.8867448190892,
45.8134197631878),.UNSPECIFIED.);
#332=B_SPLINE_CURVE_WITH_KNOTS('',3,(#2864,#2865,#2866,#2867,#2868,#2869,
#2870,#2871,#2872,#2873),.UNSPECIFIED.,.F.,.F.,(4,1,1,1,1,1,1,4),(34.5575191894877,
35.4575247419494,36.4410489868463,37.4245732317432,38.4080974766401,39.391621721537,
40.375145966434,40.8407044966673),.UNSPECIFIED.);
#333=B_SPLINE_CURVE_WITH_KNOTS('',3,(#2874,#2875,#2876,#2877,#2878,#2879,
#2880,#2881,#2882,#2883),.UNSPECIFIED.,.F.,.F.,(4,1,1,1,1,1,1,4),(34.5575191894877,
35.0515023701216,36.0350266150184,37.0185508599151,38.0020751048119,38.9855993497086,
39.9691235946054,40.8407044966673),.UNSPECIFIED.);
#334=B_SPLINE_CURVE_WITH_KNOTS('',3,(#2888,#2889,#2890,#2891,#2892,#2893,
#2894,#2895,#2896,#2897,#2898),.UNSPECIFIED.,.F.,.F.,(4,1,1,1,1,1,1,1,4),
(28.2743338823081,28.572855027671,29.5563792725679,30.5399035174649,31.5234277623618,
32.5069520072587,33.4904762521556,34.4740004970525,34.5575191894877),
 .UNSPECIFIED.);
#335=B_SPLINE_CURVE_WITH_KNOTS('',3,(#2899,#2900,#2901,#2902,#2903,#2904,
#2905,#2906,#2907,#2908),.UNSPECIFIED.,.F.,.F.,(4,1,1,1,1,1,1,4),(28.2743338823081,
29.1503569007411,30.1338811456379,31.1174053905346,32.1009296354314,33.0844538803281,
34.0679781252249,34.5575191894877),.UNSPECIFIED.);
#336=B_SPLINE_CURVE_WITH_KNOTS('',3,(#2913,#2914,#2915,#2916,#2917,#2918,
#2919,#2920,#2921,#2922),.UNSPECIFIED.,.F.,.F.,(4,1,1,1,1,1,1,4),(21.9911485751286,
22.6717095582896,23.6552338031865,24.6387580480834,25.6222822929803,26.6058065378772,
27.5893307827741,28.2743338823081),.UNSPECIFIED.);
#337=B_SPLINE_CURVE_WITH_KNOTS('',3,(#2923,#2924,#2925,#2926,#2927,#2928,
#2929,#2930,#2931,#2932,#2933),.UNSPECIFIED.,.F.,.F.,(4,1,1,1,1,1,1,1,4),
(21.9911485751285,22.2656871864638,23.2492114313606,24.2327356762573,25.2162599211541,
26.1997841660508,27.1833084109476,28.1668326558443,28.2743338823081),
 .UNSPECIFIED.);
#338=B_SPLINE_CURVE_WITH_KNOTS('',3,(#2939,#2940,#2941,#2942,#2943),
 .UNSPECIFIED.,.F.,.F.,(4,1,4),(14.3974932272898,15.3810174721865,15.707963267949),
 .UNSPECIFIED.);
#339=B_SPLINE_CURVE_WITH_KNOTS('',3,(#2946,#2947,#2948,#2949,#2950),
 .UNSPECIFIED.,.F.,.F.,(4,1,4),(13.8768406550184,14.8035155991143,15.707963267949),
 .UNSPECIFIED.);
#340=B_SPLINE_CURVE_WITH_KNOTS('',3,(#2956,#2957,#2958,#2959),
 .UNSPECIFIED.,.F.,.F.,(4,4),(64.1414162127733,64.8524255635532),
 .UNSPECIFIED.);
#341=B_SPLINE_CURVE_WITH_KNOTS('',3,(#2962,#2963,#2964,#2965,#2966,#2967,
#2968,#2969,#2970,#2971),.UNSPECIFIED.,.F.,.F.,(4,3,3,4),(-62.8318530717935,
-61.8592366913894,-60.8615070673347,-60.4012697689859),.UNSPECIFIED.);
#342=B_SPLINE_CURVE_WITH_KNOTS('',3,(#2976,#2977,#2978,#2979,#2980,#2981,
#2982,#2983,#2984,#2985,#2986,#2987,#2988,#2989,#2990,#2991,#2992,#2993,
#2994,#2995,#2996,#2997,#2998,#2999,#3000),.UNSPECIFIED.,.F.,.F.,(4,3,3,
3,3,3,3,3,4),(57.8582309055938,57.8683181951706,58.8660478192252,59.8637774432799,
60.8615070673345,61.8592366913892,62.8569663154439,63.8546959394985,64.1414162127733),
 .UNSPECIFIED.);
#343=B_SPLINE_CURVE_WITH_KNOTS('',3,(#3001,#3002,#3003,#3004,#3005,#3006,
#3007,#3008,#3009,#3010,#3011,#3012,#3013,#3014,#3015,#3016,#3017,#3018,
#3019,#3020,#3021,#3022),.UNSPECIFIED.,.F.,.F.,(4,3,3,3,3,3,3,4),(-60.4012697689859,
-59.8637774432801,-58.8660478192254,-57.8683181951707,-56.8705885711161,
-55.8728589470614,-54.8751293230067,-54.1180844618063),.UNSPECIFIED.);
#344=B_SPLINE_CURVE_WITH_KNOTS('',3,(#3027,#3028,#3029,#3030,#3031,#3032,
#3033,#3034,#3035,#3036,#3037,#3038,#3039,#3040,#3041,#3042,#3043,#3044,
#3045,#3046,#3047,#3048),.UNSPECIFIED.,.F.,.F.,(4,3,3,3,3,3,3,4),(51.5750455984141,
51.8819404508426,52.8796700748972,53.8773996989519,54.8751293230066,55.8728589470612,
56.8705885711159,57.8582309055938),.UNSPECIFIED.);
#345=B_SPLINE_CURVE_WITH_KNOTS('',3,(#3049,#3050,#3051,#3052,#3053,#3054,
#3055,#3056,#3057,#3058,#3059,#3060,#3061,#3062,#3063,#3064,#3065,#3066,
#3067,#3068,#3069,#3070,#3071,#3072,#3073),.UNSPECIFIED.,.F.,.F.,(4,3,3,
3,3,3,3,3,4),(-54.1180844618063,-53.8773996989521,-52.8796700748974,-51.8819404508427,
-50.8842108267881,-49.8864812027334,-48.8887515786787,-47.8910219546241,
-47.8348991546267),.UNSPECIFIED.);
#346=B_SPLINE_CURVE_WITH_KNOTS('',3,(#3078,#3079,#3080,#3081,#3082,#3083,
#3084,#3085,#3086,#3087,#3088,#3089,#3090,#3091,#3092,#3093,#3094,#3095,
#3096,#3097,#3098,#3099),.UNSPECIFIED.,.F.,.F.,(4,3,3,3,3,3,3,4),(45.2918602912346,
45.8955627065146,46.8932923305692,47.8910219546239,48.8887515786786,49.8864812027332,
50.8842108267879,51.5750455984141),.UNSPECIFIED.);
#347=B_SPLINE_CURVE_WITH_KNOTS('',3,(#3100,#3101,#3102,#3103,#3104,#3105,
#3106,#3107,#3108,#3109,#3110,#3111,#3112,#3113,#3114,#3115,#3116,#3117,
#3118,#3119,#3120,#3121),.UNSPECIFIED.,.F.,.F.,(4,3,3,3,3,3,3,4),(-47.8348991546267,
-46.8932923305694,-45.8955627065147,-44.8978330824601,-43.9001034584054,
-42.9023738343507,-41.9046442102961,-41.5517138474472),.UNSPECIFIED.);
#348=B_SPLINE_CURVE_WITH_KNOTS('',3,(#3126,#3127,#3128,#3129,#3130,#3131,
#3132,#3133,#3134,#3135,#3136,#3137,#3138,#3139,#3140,#3141,#3142,#3143,
#3144,#3145,#3146,#3147),.UNSPECIFIED.,.F.,.F.,(4,3,3,3,3,3,3,4),(39.008674984055,
39.9091849621866,40.9069145862413,41.9046442102959,42.9023738343506,43.9001034584053,
44.8978330824599,45.2918602912346),.UNSPECIFIED.);
#349=B_SPLINE_CURVE_WITH_KNOTS('',3,(#3148,#3149,#3150,#3151,#3152,#3153,
#3154,#3155,#3156,#3157,#3158,#3159,#3160,#3161,#3162,#3163,#3164,#3165,
#3166,#3167,#3168,#3169),.UNSPECIFIED.,.F.,.F.,(4,3,3,3,3,3,3,4),(-41.5517138474472,
-40.9069145862414,-39.9091849621867,-38.9114553381321,-37.9137257140774,
-36.9159960900227,-35.918266465968,-35.2685285402676),.UNSPECIFIED.);
#350=B_SPLINE_CURVE_WITH_KNOTS('',3,(#3174,#3175,#3176,#3177,#3178,#3179,
#3180,#3181,#3182,#3183,#3184,#3185,#3186,#3187,#3188,#3189,#3190,#3191,
#3192,#3193,#3194,#3195,#3196,#3197,#3198),.UNSPECIFIED.,.F.,.F.,(4,3,3,
3,3,3,3,3,4),(32.7254896768754,32.9250775938039,33.9228072178586,34.9205368419133,
35.9182664659679,36.9159960900226,37.9137257140773,38.9114553381319,39.008674984055),
 .UNSPECIFIED.);
#351=B_SPLINE_CURVE_WITH_KNOTS('',3,(#3199,#3200,#3201,#3202,#3203,#3204,
#3205,#3206,#3207,#3208,#3209,#3210,#3211,#3212,#3213,#3214,#3215,#3216,
#3217,#3218,#3219,#3220),.UNSPECIFIED.,.F.,.F.,(4,3,3,3,3,3,3,4),(-35.2685285402676,
-34.9205368419134,-33.9228072178587,-32.925077593804,-31.9273479697494,
-30.9296183456947,-29.93188872164,-28.985343233088),.UNSPECIFIED.);
#352=B_SPLINE_CURVE_WITH_KNOTS('',3,(#3225,#3226,#3227,#3228,#3229,#3230,
#3231,#3232,#3233,#3234,#3235,#3236,#3237,#3238,#3239,#3240,#3241,#3242,
#3243,#3244,#3245,#3246),.UNSPECIFIED.,.F.,.F.,(4,3,3,3,3,3,3,4),(26.4423043696958,
26.9386998494759,27.9364294735306,28.9341590975853,29.9318887216399,30.9296183456946,
31.9273479697493,32.7254896768754),.UNSPECIFIED.);
#353=B_SPLINE_CURVE_WITH_KNOTS('',3,(#3247,#3248,#3249,#3250,#3251,#3252,
#3253,#3254,#3255,#3256,#3257,#3258,#3259,#3260,#3261,#3262,#3263,#3264,
#3265,#3266,#3267,#3268,#3269,#3270,#3271),.UNSPECIFIED.,.F.,.F.,(4,3,3,
3,3,3,3,3,4),(-28.985343233088,-28.9341590975854,-27.9364294735307,-26.938699849476,
-25.9409702254214,-24.9432406013667,-23.945510977312,-22.9477813532573,
-22.7021579259084),.UNSPECIFIED.);
#354=B_SPLINE_CURVE_WITH_KNOTS('',3,(#3276,#3277,#3278,#3279,#3280,#3281,
#3282,#3283,#3284,#3285,#3286,#3287,#3288,#3289,#3290,#3291,#3292,#3293,
#3294,#3295,#3296,#3297),.UNSPECIFIED.,.F.,.F.,(4,3,3,3,3,3,3,4),(20.1591190625162,
20.952322105148,21.9500517292026,22.9477813532573,23.9455109773119,24.9432406013666,
25.9409702254213,26.4423043696958),.UNSPECIFIED.);
#355=B_SPLINE_CURVE_WITH_KNOTS('',3,(#3298,#3299,#3300,#3301,#3302,#3303,
#3304,#3305,#3306,#3307,#3308,#3309,#3310,#3311,#3312,#3313,#3314,#3315,
#3316,#3317,#3318,#3319),.UNSPECIFIED.,.F.,.F.,(4,3,3,3,3,3,3,4),(-22.7021579259084,
-21.9500517292027,-20.952322105148,-19.9545924810933,-18.9568628570387,
-17.959133232984,-16.9614036089293,-16.4189726187288),.UNSPECIFIED.);
#356=B_SPLINE_CURVE_WITH_KNOTS('',3,(#3324,#3325,#3326,#3327,#3328,#3329,
#3330,#3331,#3332,#3333,#3334,#3335,#3336,#3337,#3338,#3339,#3340,#3341,
#3342,#3343,#3344,#3345,#3346,#3347,#3348),.UNSPECIFIED.,.F.,.F.,(4,3,3,
3,3,3,3,3,4),(13.8759337553366,13.9682147367653,14.96594436082,15.9636739848746,
16.9614036089293,17.959133232984,18.9568628570386,19.9545924810933,20.1591190625162),
 .UNSPECIFIED.);
#357=B_SPLINE_CURVE_WITH_KNOTS('',3,(#3349,#3350,#3351,#3352,#3353,#3354,
#3355,#3356,#3357,#3358,#3359,#3360,#3361,#3362,#3363,#3364,#3365,#3366,
#3367,#3368,#3369,#3370),.UNSPECIFIED.,.F.,.F.,(4,3,3,3,3,3,3,4),(-16.4189726187288,
-15.9636739848747,-14.96594436082,-13.9682147367653,-12.9704851127107,-11.972755488656,
-10.9750258646013,-10.1357873115492),.UNSPECIFIED.);
#358=B_SPLINE_CURVE_WITH_KNOTS('',3,(#3376,#3377,#3378,#3379,#3380,#3381,
#3382,#3383,#3384,#3385,#3386,#3387,#3388),.UNSPECIFIED.,.F.,.F.,(4,3,3,
3,4),(-3.85260200436963,-2.993188872164,-1.99545924810933,-0.997729624054662,
0.),.UNSPECIFIED.);
#359=B_SPLINE_CURVE_WITH_KNOTS('',3,(#3391,#3392,#3393,#3394,#3395,#3396,
#3397,#3398,#3399,#3400,#3401,#3402,#3403,#3404,#3405,#3406,#3407,#3408,
#3409),.UNSPECIFIED.,.F.,.F.,(4,3,3,3,3,3,4),(2.02057249175676,2.99318887216399,
3.99091849621865,4.98864812027332,5.98637774432798,6.98410736838265,7.59274844815703),
 .UNSPECIFIED.);
#360=B_SPLINE_CURVE_WITH_KNOTS('',3,(#3415,#3416,#3417,#3418),
 .UNSPECIFIED.,.F.,.F.,(4,4),(64.141416212773,64.8524255635529),
 .UNSPECIFIED.);
#361=B_SPLINE_CURVE_WITH_KNOTS('',3,(#3421,#3422,#3423,#3424,#3425,#3426,
#3427,#3428,#3429,#3430),.UNSPECIFIED.,.F.,.F.,(4,3,3,4),(-62.8318530717963,
-61.8592366913918,-60.8615070673371,-60.401269768986),.UNSPECIFIED.);
#362=B_SPLINE_CURVE_WITH_KNOTS('',3,(#3435,#3436,#3437,#3438,#3439,#3440,
#3441,#3442,#3443,#3444,#3445,#3446,#3447,#3448,#3449,#3450,#3451,#3452,
#3453,#3454,#3455,#3456,#3457,#3458,#3459),.UNSPECIFIED.,.F.,.F.,(4,3,3,
3,3,3,3,3,4),(57.8582309055934,57.8683181951702,58.8660478192249,59.8637774432795,
60.8615070673342,61.8592366913889,62.8569663154435,63.8546959394982,64.141416212773),
 .UNSPECIFIED.);
#363=B_SPLINE_CURVE_WITH_KNOTS('',3,(#3460,#3461,#3462,#3463,#3464,#3465,
#3466,#3467,#3468,#3469,#3470,#3471,#3472,#3473,#3474,#3475,#3476,#3477,
#3478,#3479,#3480,#3481),.UNSPECIFIED.,.F.,.F.,(4,3,3,3,3,3,3,4),(-60.401269768986,
-59.8637774432824,-58.8660478192277,-57.868318195173,-56.8705885711183,
-55.8728589470636,-54.8751293230089,-54.1180844618065),.UNSPECIFIED.);
#364=B_SPLINE_CURVE_WITH_KNOTS('',3,(#3486,#3487,#3488,#3489,#3490,#3491,
#3492,#3493,#3494,#3495,#3496,#3497,#3498,#3499,#3500,#3501,#3502,#3503,
#3504,#3505,#3506,#3507),.UNSPECIFIED.,.F.,.F.,(4,3,3,3,3,3,3,4),(51.5750455984138,
51.8819404508423,52.8796700748969,53.8773996989516,54.8751293230062,55.8728589470609,
56.8705885711156,57.8582309055934),.UNSPECIFIED.);
#365=B_SPLINE_CURVE_WITH_KNOTS('',3,(#3508,#3509,#3510,#3511,#3512,#3513,
#3514,#3515,#3516,#3517,#3518,#3519,#3520,#3521,#3522,#3523,#3524,#3525,
#3526,#3527,#3528,#3529,#3530,#3531,#3532),.UNSPECIFIED.,.F.,.F.,(4,3,3,
3,3,3,3,3,4),(-54.1180844618065,-53.8773996989542,-52.8796700748994,-51.8819404508447,
-50.88421082679,-49.8864812027353,-48.8887515786806,-47.8910219546259,-47.8348991546269),
 .UNSPECIFIED.);
#366=B_SPLINE_CURVE_WITH_KNOTS('',3,(#3537,#3538,#3539,#3540,#3541,#3542,
#3543,#3544,#3545,#3546,#3547,#3548,#3549,#3550,#3551,#3552,#3553,#3554,
#3555,#3556,#3557,#3558),.UNSPECIFIED.,.F.,.F.,(4,3,3,3,3,3,3,4),(45.2918602912342,
45.8955627065143,46.893292330569,47.8910219546236,48.8887515786783,49.8864812027329,
50.8842108267876,51.5750455984138),.UNSPECIFIED.);
#367=B_SPLINE_CURVE_WITH_KNOTS('',3,(#3559,#3560,#3561,#3562,#3563,#3564,
#3565,#3566,#3567,#3568,#3569,#3570,#3571,#3572,#3573,#3574,#3575,#3576,
#3577,#3578,#3579,#3580),.UNSPECIFIED.,.F.,.F.,(4,3,3,3,3,3,3,4),(-47.8348991546269,
-46.8932923305712,-45.8955627065165,-44.8978330824618,-43.9001034584071,
-42.9023738343524,-41.9046442102977,-41.5517138474473),.UNSPECIFIED.);
#368=B_SPLINE_CURVE_WITH_KNOTS('',3,(#3585,#3586,#3587,#3588,#3589,#3590,
#3591,#3592,#3593,#3594,#3595,#3596,#3597,#3598,#3599,#3600,#3601,#3602,
#3603,#3604,#3605,#3606),.UNSPECIFIED.,.F.,.F.,(4,3,3,3,3,3,3,4),(39.0086749840546,
39.9091849621864,40.906914586241,41.9046442102957,42.9023738343503,43.900103458405,
44.8978330824596,45.2918602912342),.UNSPECIFIED.);
#369=B_SPLINE_CURVE_WITH_KNOTS('',3,(#3607,#3608,#3609,#3610,#3611,#3612,
#3613,#3614,#3615,#3616,#3617,#3618,#3619,#3620,#3621,#3622,#3623,#3624,
#3625,#3626,#3627,#3628),.UNSPECIFIED.,.F.,.F.,(4,3,3,3,3,3,3,4),(-41.5517138474473,
-40.906914586243,-39.9091849621883,-38.9114553381336,-37.9137257140789,
-36.9159960900242,-35.9182664659694,-35.2685285402677),.UNSPECIFIED.);
#370=B_SPLINE_CURVE_WITH_KNOTS('',3,(#3633,#3634,#3635,#3636,#3637,#3638,
#3639,#3640,#3641,#3642,#3643,#3644,#3645,#3646,#3647,#3648,#3649,#3650,
#3651,#3652,#3653,#3654,#3655,#3656,#3657),.UNSPECIFIED.,.F.,.F.,(4,3,3,
3,3,3,3,3,4),(32.725489676875,32.9250775938037,33.9228072178584,34.9205368419131,
35.9182664659677,36.9159960900224,37.913725714077,38.9114553381317,39.0086749840546),
 .UNSPECIFIED.);
#371=B_SPLINE_CURVE_WITH_KNOTS('',3,(#3658,#3659,#3660,#3661,#3662,#3663,
#3664,#3665,#3666,#3667,#3668,#3669,#3670,#3671,#3672,#3673,#3674,#3675,
#3676,#3677,#3678,#3679),.UNSPECIFIED.,.F.,.F.,(4,3,3,3,3,3,3,4),(-35.2685285402677,
-34.9205368419147,-33.92280721786,-32.9250775938053,-31.9273479697506,-30.9296183456959,
-29.9318887216412,-28.9853432330881),.UNSPECIFIED.);
#372=B_SPLINE_CURVE_WITH_KNOTS('',3,(#3684,#3685,#3686,#3687,#3688,#3689,
#3690,#3691,#3692,#3693,#3694,#3695,#3696,#3697,#3698,#3699,#3700,#3701,
#3702,#3703,#3704,#3705),.UNSPECIFIED.,.F.,.F.,(4,3,3,3,3,3,3,4),(26.4423043696954,
26.9386998494758,27.9364294735304,28.9341590975851,29.9318887216398,30.9296183456944,
31.9273479697491,32.725489676875),.UNSPECIFIED.);
#373=B_SPLINE_CURVE_WITH_KNOTS('',3,(#3706,#3707,#3708,#3709,#3710,#3711,
#3712,#3713,#3714,#3715,#3716,#3717,#3718,#3719,#3720,#3721,#3722,#3723,
#3724,#3725,#3726,#3727,#3728,#3729,#3730),.UNSPECIFIED.,.F.,.F.,(4,3,3,
3,3,3,3,3,4),(-28.9853432330881,-28.9341590975865,-27.9364294735318,-26.9386998494771,
-25.9409702254224,-24.9432406013677,-23.945510977313,-22.9477813532583,
-22.7021579259085),.UNSPECIFIED.);
#374=B_SPLINE_CURVE_WITH_KNOTS('',3,(#3735,#3736,#3737,#3738,#3739,#3740,
#3741,#3742,#3743,#3744,#3745,#3746,#3747,#3748,#3749,#3750,#3751,#3752,
#3753,#3754,#3755,#3756),.UNSPECIFIED.,.F.,.F.,(4,3,3,3,3,3,3,4),(20.1591190625158,
20.9523221051478,21.9500517292025,22.9477813532572,23.9455109773118,24.9432406013665,
25.9409702254211,26.4423043696954),.UNSPECIFIED.);
#375=B_SPLINE_CURVE_WITH_KNOTS('',3,(#3757,#3758,#3759,#3760,#3761,#3762,
#3763,#3764,#3765,#3766,#3767,#3768,#3769,#3770,#3771,#3772,#3773,#3774,
#3775,#3776,#3777,#3778),.UNSPECIFIED.,.F.,.F.,(4,3,3,3,3,3,3,4),(-22.7021579259085,
-21.9500517292036,-20.9523221051488,-19.9545924810941,-18.9568628570394,
-17.9591332329847,-16.96140360893,-16.4189726187289),.UNSPECIFIED.);
#376=B_SPLINE_CURVE_WITH_KNOTS('',3,(#3783,#3784,#3785,#3786,#3787,#3788,
#3789,#3790,#3791,#3792,#3793,#3794,#3795,#3796,#3797,#3798,#3799,#3800,
#3801,#3802,#3803,#3804,#3805,#3806,#3807),.UNSPECIFIED.,.F.,.F.,(4,3,3,
3,3,3,3,3,4),(13.8759337553362,13.9682147367652,14.9659443608199,15.9636739848745,
16.9614036089292,17.9591332329839,18.9568628570385,19.9545924810932,20.1591190625158),
 .UNSPECIFIED.);
#377=B_SPLINE_CURVE_WITH_KNOTS('',3,(#3808,#3809,#3810,#3811,#3812,#3813,
#3814,#3815,#3816,#3817,#3818,#3819,#3820,#3821,#3822,#3823,#3824,#3825,
#3826,#3827,#3828,#3829),.UNSPECIFIED.,.F.,.F.,(4,3,3,3,3,3,3,4),(-16.4189726187289,
-15.9636739848753,-14.9659443608206,-13.9682147367659,-12.9704851127112,
-11.9727554886565,-10.9750258646018,-10.1357873115493),.UNSPECIFIED.);
#378=B_SPLINE_CURVE_WITH_KNOTS('',3,(#3835,#3836,#3837,#3838,#3839,#3840,
#3841,#3842,#3843,#3844,#3845,#3846,#3847),.UNSPECIFIED.,.F.,.F.,(4,3,3,
3,4),(-3.85260200436975,-2.99318887216412,-1.99545924810941,-0.997729624054704,
0.),.UNSPECIFIED.);
#379=B_SPLINE_CURVE_WITH_KNOTS('',3,(#3850,#3851,#3852,#3853,#3854,#3855,
#3856,#3857,#3858,#3859,#3860,#3861,#3862,#3863,#3864,#3865,#3866,#3867,
#3868),.UNSPECIFIED.,.F.,.F.,(4,3,3,3,3,3,4),(2.02057249176064,2.99318887216398,
3.99091849621864,4.9886481202733,5.98637774432796,6.98410736838262,7.59274844815664),
 .UNSPECIFIED.);
#380=B_SPLINE_CURVE_WITH_KNOTS('',3,(#3874,#3875,#3876,#3877,#3878,#3879,
#3880,#3881),.UNSPECIFIED.,.F.,.F.,(4,1,1,1,1,4),(72.2566310325652,72.7168683309163,
73.714597954971,74.7123275790257,75.7100572030804,76.7077868271351),
 .UNSPECIFIED.);
#381=B_SPLINE_CURVE_WITH_KNOTS('',3,(#3884,#3885,#3886,#3887,#3888,#3889,
#3890,#3891,#3892),.UNSPECIFIED.,.F.,.F.,(4,1,1,1,1,1,4),(72.2566310325652,
72.266718322142,73.2644479461967,74.2621775702513,75.259907194306,76.2576368183607,
77.2302531987677),.UNSPECIFIED.);
#382=B_SPLINE_CURVE_WITH_KNOTS('',3,(#3897,#3898,#3899,#3900,#3901,#3902,
#3903,#3904,#3905,#3906),.UNSPECIFIED.,.F.,.F.,(4,1,1,1,1,1,1,4),(65.9734457253856,
66.730490586588,67.7282202106427,68.7259498346974,69.7236794587521,70.7214090828068,
71.7191387068616,72.2566310325652),.UNSPECIFIED.);
#383=B_SPLINE_CURVE_WITH_KNOTS('',3,(#3907,#3908,#3909,#3910,#3911,#3912,
#3913,#3914,#3915,#3916),.UNSPECIFIED.,.F.,.F.,(4,1,1,1,1,1,1,4),(65.9734457253856,
66.2803405778141,67.2780702018687,68.2757998259234,69.273529449978,70.2712590740327,
71.2689886980874,72.2566310325652),.UNSPECIFIED.);
#384=B_SPLINE_CURVE_WITH_KNOTS('',3,(#3921,#3922,#3923,#3924,#3925,#3926,
#3927,#3928,#3929,#3930,#3931),.UNSPECIFIED.,.F.,.F.,(4,1,1,1,1,1,1,1,4),
(59.6902604182061,59.7463832182051,60.7441128422598,61.7418424663145,62.7395720903692,
63.7373017144239,64.7350313384786,65.7327609625333,65.9734457253856),
 .UNSPECIFIED.);
#385=B_SPLINE_CURVE_WITH_KNOTS('',3,(#3932,#3933,#3934,#3935,#3936,#3937,
#3938,#3939,#3940,#3941),.UNSPECIFIED.,.F.,.F.,(4,1,1,1,1,1,1,4),(59.6902604182061,
60.2939628334861,61.2916924575408,62.2894220815954,63.2871517056501,64.2848813297047,
65.2826109537594,65.9734457253856),.UNSPECIFIED.);
#386=B_SPLINE_CURVE_WITH_KNOTS('',3,(#3946,#3947,#3948,#3949,#3950,#3951,
#3952,#3953,#3954,#3955),.UNSPECIFIED.,.F.,.F.,(4,1,1,1,1,1,1,4),(53.4070751110265,
53.7600054738768,54.7577350979315,55.7554647219863,56.753194346041,57.7509239700957,
58.7486535941504,59.6902604182061),.UNSPECIFIED.);
#387=B_SPLINE_CURVE_WITH_KNOTS('',3,(#3956,#3957,#3958,#3959,#3960,#3961,
#3962,#3963,#3964,#3965),.UNSPECIFIED.,.F.,.F.,(4,1,1,1,1,1,1,4),(53.4070751110264,
54.3075850891582,55.3053147132128,56.3030443372675,57.3007739613221,58.2985035853768,
59.2962332094314,59.6902604182061),.UNSPECIFIED.);
#388=B_SPLINE_CURVE_WITH_KNOTS('',3,(#3970,#3971,#3972,#3973,#3974,#3975,
#3976,#3977,#3978,#3979),.UNSPECIFIED.,.F.,.F.,(4,1,1,1,1,1,1,4),(47.1238898038469,
47.7736277295486,48.7713573536033,49.769086977658,50.7668166017127,51.7645462257674,
52.7622758498221,53.4070751110265),.UNSPECIFIED.);
#389=B_SPLINE_CURVE_WITH_KNOTS('',3,(#3980,#3981,#3982,#3983,#3984,#3985,
#3986,#3987,#3988,#3989,#3990),.UNSPECIFIED.,.F.,.F.,(4,1,1,1,1,1,1,1,4),
(47.1238898038468,47.3234777207755,48.3212073448302,49.3189369688849,50.3166665929395,
51.3143962169942,52.3121258410488,53.3098554651035,53.4070751110264),
 .UNSPECIFIED.);
#390=B_SPLINE_CURVE_WITH_KNOTS('',3,(#3995,#3996,#3997,#3998,#3999,#4000,
#4001,#4002,#4003,#4004),.UNSPECIFIED.,.F.,.F.,(4,1,1,1,1,1,1,4),(40.8407044966673,
41.7872499852204,42.7849796092751,43.7827092333298,44.7804388573845,45.7781684814392,
46.7758981054939,47.1238898038469),.UNSPECIFIED.);
#391=B_SPLINE_CURVE_WITH_KNOTS('',3,(#4005,#4006,#4007,#4008,#4009,#4010,
#4011,#4012,#4013,#4014),.UNSPECIFIED.,.F.,.F.,(4,1,1,1,1,1,1,4),(40.8407044966673,
41.3370999764476,42.3348296005023,43.3325592245569,44.3302888486116,45.3280184726662,
46.3257480967209,47.1238898038468),.UNSPECIFIED.);
#392=B_SPLINE_CURVE_WITH_KNOTS('',3,(#4019,#4020,#4021,#4022,#4023,#4024,
#4025,#4026,#4027,#4028,#4029),.UNSPECIFIED.,.F.,.F.,(4,1,1,1,1,1,1,1,4),
(34.5575191894877,34.8031426168374,35.8008722408921,36.7986018649468,37.7963314890015,
38.7940611130562,39.7917907371109,40.7895203611656,40.8407044966673),
 .UNSPECIFIED.);
#393=B_SPLINE_CURVE_WITH_KNOTS('',3,(#4030,#4031,#4032,#4033,#4034,#4035,
#4036,#4037,#4038,#4039),.UNSPECIFIED.,.F.,.F.,(4,1,1,1,1,1,1,4),(34.5575191894877,
35.3507222321196,36.3484518561743,37.346181480229,38.3439111042836,39.3416407283383,
40.3393703523929,40.8407044966673),.UNSPECIFIED.);
#394=B_SPLINE_CURVE_WITH_KNOTS('',3,(#4044,#4045,#4046,#4047,#4048,#4049,
#4050,#4051,#4052,#4053),.UNSPECIFIED.,.F.,.F.,(4,1,1,1,1,1,1,4),(28.2743338823081,
28.8167648725092,29.8144944965639,30.8122241206186,31.8099537446733,32.807683368728,
33.8054129927827,34.5575191894877),.UNSPECIFIED.);
#395=B_SPLINE_CURVE_WITH_KNOTS('',3,(#4054,#4055,#4056,#4057,#4058,#4059,
#4060,#4061,#4062,#4063,#4064),.UNSPECIFIED.,.F.,.F.,(4,1,1,1,1,1,1,1,4),
(28.2743338823081,28.366614863737,29.3643444877917,30.3620741118463,31.359803735901,
32.3575333599557,33.3552629840103,34.352992608065,34.5575191894877),
 .UNSPECIFIED.);
#396=B_SPLINE_CURVE_WITH_KNOTS('',3,(#4069,#4070,#4071,#4072,#4073,#4074,
#4075,#4076,#4077,#4078),.UNSPECIFIED.,.F.,.F.,(4,1,1,1,1,1,1,4),(21.9911485751285,
22.8303871281809,23.8281167522356,24.8258463762903,25.8235760003451,26.8213056243998,
27.8190352484545,28.2743338823081),.UNSPECIFIED.);
#397=B_SPLINE_CURVE_WITH_KNOTS('',3,(#4079,#4080,#4081,#4082,#4083,#4084,
#4085,#4086,#4087,#4088),.UNSPECIFIED.,.F.,.F.,(4,1,1,1,1,1,1,4),(21.9911485751285,
22.3802371194091,23.3779667434637,24.3756963675184,25.3734259915731,26.3711556156277,
27.3688852396824,28.2743338823081),.UNSPECIFIED.);
#398=B_SPLINE_CURVE_WITH_KNOTS('',3,(#4094,#4095,#4096,#4097,#4098),
 .UNSPECIFIED.,.F.,.F.,(4,1,4),(14.3984001269718,15.3961297510265,15.7079632679489),
 .UNSPECIFIED.);
#399=B_SPLINE_CURVE_WITH_KNOTS('',3,(#4101,#4102,#4103,#4104,#4105),
 .UNSPECIFIED.,.F.,.F.,(4,1,4),(13.8759337553362,14.8485501357433,15.7079632679489),
 .UNSPECIFIED.);
#400=B_SPLINE_CURVE_WITH_KNOTS('',3,(#4111,#4112,#4113,#4114,#4115,#4116,
#4117,#4118),.UNSPECIFIED.,.F.,.F.,(4,1,1,1,1,4),(72.2566310325652,72.716868330914,
73.7145979549687,74.7123275790233,75.710057203078,76.7077868271327),
 .UNSPECIFIED.);
#401=B_SPLINE_CURVE_WITH_KNOTS('',3,(#4121,#4122,#4123,#4124,#4125,#4126,
#4127,#4128,#4129),.UNSPECIFIED.,.F.,.F.,(4,1,1,1,1,1,4),(72.2566310325652,
72.266718322142,73.2644479461966,74.2621775702513,75.259907194306,76.2576368183606,
77.2302531987677),.UNSPECIFIED.);
#402=B_SPLINE_CURVE_WITH_KNOTS('',3,(#4134,#4135,#4136,#4137,#4138,#4139,
#4140,#4141,#4142,#4143),.UNSPECIFIED.,.F.,.F.,(4,1,1,1,1,1,1,4),(65.9734457253856,
66.730490586586,67.7282202106407,68.7259498346953,69.72367945875,70.7214090828047,
71.7191387068593,72.2566310325652),.UNSPECIFIED.);
#403=B_SPLINE_CURVE_WITH_KNOTS('',3,(#4144,#4145,#4146,#4147,#4148,#4149,
#4150,#4151,#4152,#4153),.UNSPECIFIED.,.F.,.F.,(4,1,1,1,1,1,1,4),(65.9734457253856,
66.280340577814,67.2780702018686,68.2757998259233,69.273529449978,70.2712590740326,
71.2689886980873,72.2566310325652),.UNSPECIFIED.);
#404=B_SPLINE_CURVE_WITH_KNOTS('',3,(#4158,#4159,#4160,#4161,#4162,#4163,
#4164,#4165,#4166,#4167,#4168),.UNSPECIFIED.,.F.,.F.,(4,1,1,1,1,1,1,1,4),
(59.6902604182061,59.7463832182033,60.744112842258,61.7418424663127,62.7395720903673,
63.737301714422,64.7350313384767,65.7327609625313,65.9734457253856),
 .UNSPECIFIED.);
#405=B_SPLINE_CURVE_WITH_KNOTS('',3,(#4169,#4170,#4171,#4172,#4173,#4174,
#4175,#4176,#4177,#4178),.UNSPECIFIED.,.F.,.F.,(4,1,1,1,1,1,1,4),(59.6902604182061,
60.293962833486,61.2916924575407,62.2894220815953,63.28715170565,64.2848813297047,
65.2826109537593,65.9734457253856),.UNSPECIFIED.);
#406=B_SPLINE_CURVE_WITH_KNOTS('',3,(#4183,#4184,#4185,#4186,#4187,#4188,
#4189,#4190,#4191,#4192),.UNSPECIFIED.,.F.,.F.,(4,1,1,1,1,1,1,4),(53.4070751110265,
53.7600054738753,54.75773509793,55.7554647219847,56.7531943460393,57.750923970094,
58.7486535941487,59.6902604182061),.UNSPECIFIED.);
#407=B_SPLINE_CURVE_WITH_KNOTS('',3,(#4193,#4194,#4195,#4196,#4197,#4198,
#4199,#4200,#4201,#4202),.UNSPECIFIED.,.F.,.F.,(4,1,1,1,1,1,1,4),(53.4070751110265,
54.307585089158,55.3053147132127,56.3030443372673,57.300773961322,58.2985035853767,
59.2962332094313,59.6902604182061),.UNSPECIFIED.);
#408=B_SPLINE_CURVE_WITH_KNOTS('',3,(#4207,#4208,#4209,#4210,#4211,#4212,
#4213,#4214,#4215,#4216),.UNSPECIFIED.,.F.,.F.,(4,1,1,1,1,1,1,4),(47.1238898038469,
47.7736277295473,48.771357353602,49.7690869776566,50.7668166017113,51.764546225766,
52.7622758498206,53.4070751110265),.UNSPECIFIED.);
#409=B_SPLINE_CURVE_WITH_KNOTS('',3,(#4217,#4218,#4219,#4220,#4221,#4222,
#4223,#4224,#4225,#4226,#4227),.UNSPECIFIED.,.F.,.F.,(4,1,1,1,1,1,1,1,4),
(47.1238898038469,47.3234777207754,48.32120734483,49.3189369688847,50.3166665929393,
51.314396216994,52.3121258410487,53.3098554651033,53.4070751110265),
 .UNSPECIFIED.);
#410=B_SPLINE_CURVE_WITH_KNOTS('',3,(#4232,#4233,#4234,#4235,#4236,#4237,
#4238,#4239,#4240,#4241),.UNSPECIFIED.,.F.,.F.,(4,1,1,1,1,1,1,4),(40.8407044966673,
41.7872499852193,42.784979609274,43.7827092333286,44.7804388573833,45.778168481438,
46.7758981054926,47.1238898038469),.UNSPECIFIED.);
#411=B_SPLINE_CURVE_WITH_KNOTS('',3,(#4242,#4243,#4244,#4245,#4246,#4247,
#4248,#4249,#4250,#4251),.UNSPECIFIED.,.F.,.F.,(4,1,1,1,1,1,1,4),(40.8407044966673,
41.3370999764474,42.334829600502,43.3325592245567,44.3302888486114,45.328018472666,
46.3257480967207,47.1238898038469),.UNSPECIFIED.);
#412=B_SPLINE_CURVE_WITH_KNOTS('',3,(#4256,#4257,#4258,#4259,#4260,#4261,
#4262,#4263,#4264,#4265,#4266),.UNSPECIFIED.,.F.,.F.,(4,1,1,1,1,1,1,1,4),
(34.5575191894877,34.8031426168366,35.8008722408913,36.798601864946,37.7963314890006,
38.7940611130553,39.79179073711,40.7895203611646,40.8407044966673),
 .UNSPECIFIED.);
#413=B_SPLINE_CURVE_WITH_KNOTS('',3,(#4267,#4268,#4269,#4270,#4271,#4272,
#4273,#4274,#4275,#4276),.UNSPECIFIED.,.F.,.F.,(4,1,1,1,1,1,1,4),(34.5575191894877,
35.3507222321194,36.348451856174,37.3461814802287,38.3439111042834,39.341640728338,
40.3393703523927,40.8407044966673),.UNSPECIFIED.);
#414=B_SPLINE_CURVE_WITH_KNOTS('',3,(#4281,#4282,#4283,#4284,#4285,#4286,
#4287,#4288,#4289,#4290),.UNSPECIFIED.,.F.,.F.,(4,1,1,1,1,1,1,4),(28.2743338823081,
28.8167648725086,29.8144944965633,30.812224120618,31.8099537446726,32.8076833687273,
33.805412992782,34.5575191894877),.UNSPECIFIED.);
#415=B_SPLINE_CURVE_WITH_KNOTS('',3,(#4291,#4292,#4293,#4294,#4295,#4296,
#4297,#4298,#4299,#4300,#4301),.UNSPECIFIED.,.F.,.F.,(4,1,1,1,1,1,1,1,4),
(28.2743338823081,28.3666148637367,29.3643444877914,30.3620741118461,31.3598037359007,
32.3575333599554,33.35526298401,34.3529926080647,34.5575191894877),
 .UNSPECIFIED.);
#416=B_SPLINE_CURVE_WITH_KNOTS('',3,(#4306,#4307,#4308,#4309,#4310,#4311,
#4312,#4313,#4314,#4315),.UNSPECIFIED.,.F.,.F.,(4,1,1,1,1,1,1,4),(21.9911485751285,
22.8303871281806,23.8281167522353,24.82584637629,25.8235760003446,26.8213056243993,
27.819035248454,28.2743338823081),.UNSPECIFIED.);
#417=B_SPLINE_CURVE_WITH_KNOTS('',3,(#4316,#4317,#4318,#4319,#4320,#4321,
#4322,#4323,#4324,#4325),.UNSPECIFIED.,.F.,.F.,(4,1,1,1,1,1,1,4),(21.9911485751285,
22.3802371194087,23.3779667434634,24.3756963675181,25.3734259915727,26.3711556156274,
27.3688852396821,28.2743338823081),.UNSPECIFIED.);
#418=B_SPLINE_CURVE_WITH_KNOTS('',3,(#4331,#4332,#4333,#4334,#4335),
 .UNSPECIFIED.,.F.,.F.,(4,1,4),(14.3984001269714,15.3961297510261,15.7079632679489),
 .UNSPECIFIED.);
#419=B_SPLINE_CURVE_WITH_KNOTS('',3,(#4338,#4339,#4340,#4341,#4342),
 .UNSPECIFIED.,.F.,.F.,(4,1,4),(13.8759337553362,14.8485501357433,15.7079632679489),
 .UNSPECIFIED.);
#420=B_SPLINE_CURVE_WITH_KNOTS('',3,(#4344,#4345,#4346,#4347,#4348,#4349,
#4350,#4351,#4352,#4353,#4354),.UNSPECIFIED.,.F.,.F.,(4,1,1,1,1,1,1,1,4),
(15.7079632679489,15.8462797597979,16.8440093838526,17.8417390079073,18.8394686319619,
19.8371982560166,20.8349278800713,21.8326575041259,21.9911485751285),
 .UNSPECIFIED.);
#421=B_SPLINE_CURVE_WITH_KNOTS('',3,(#4355,#4356,#4357,#4358,#4359,#4360,
#4361,#4362,#4363,#4364),.UNSPECIFIED.,.F.,.F.,(4,1,1,1,1,1,1,4),(15.7079632679489,
16.3938593750807,17.3915889991354,18.3893186231901,19.3870482472447,20.3847778712994,
21.3825074953541,21.9911485751285),.UNSPECIFIED.);
#422=B_SPLINE_CURVE_WITH_KNOTS('',3,(#4637,#4638,#4639,#4640,#4641,#4642,
#4643,#4644,#4645,#4646,#4647,#4648,#4649,#4650,#4651,#4652,#4653,#4654,
#4655,#4656,#4657,#4658,#4659,#4660,#4661,#4662,#4663,#4664,#4665,#4666,
#4667,#4668,#4669,#4670,#4671,#4672,#4673,#4674,#4675,#4676,#4677,#4678,
#4679,#4680,#4681,#4682,#4683,#4684,#4685,#4686,#4687,#4688,#4689,#4690,
#4691,#4692,#4693,#4694,#4695,#4696,#4697,#4698,#4699,#4700,#4701,#4702,
#4703,#4704,#4705,#4706,#4707,#4708,#4709,#4710,#4711,#4712),
 .UNSPECIFIED.,.F.,.F.,(4,3,3,3,3,3,3,3,3,3,3,3,3,3,3,3,3,3,3,3,3,3,3,3,
3,4),(-0.28514280399505,-0.266695300315485,-0.248992209043783,-0.244701572894184,
-0.226724823147604,-0.215150055110832,-0.210341608678626,-0.192146900148603,
-0.175011171281618,-0.165405066278616,-0.156924959601886,-0.153988105673944,
-0.137562774558533,-0.120467503187655,-0.105809118061016,-0.102709740918093,
-0.0997725219288477,-0.0831585141837657,-0.0666442283367183,-0.0581353753626165,
-0.0526957969318169,-0.0496854514431938,-0.0337445733286027,-0.0183709045154405,
-0.00320042217454913,0.),.UNSPECIFIED.);
#423=B_SPLINE_CURVE_WITH_KNOTS('',3,(#4713,#4714,#4715,#4716,#4717,#4718,
#4719,#4720,#4721,#4722,#4723,#4724,#4725,#4726,#4727,#4728,#4729,#4730,
#4731,#4732,#4733,#4734,#4735,#4736,#4737,#4738,#4739,#4740,#4741,#4742,
#4743,#4744,#4745,#4746,#4747,#4748,#4749,#4750,#4751,#4752,#4753,#4754,
#4755,#4756,#4757,#4758,#4759,#4760,#4761,#4762,#4763,#4764,#4765,#4766,
#4767,#4768,#4769,#4770,#4771,#4772,#4773,#4774,#4775,#4776,#4777,#4778,
#4779,#4780,#4781,#4782,#4783,#4784,#4785,#4786,#4787,#4788,#4789,#4790,
#4791),.UNSPECIFIED.,.F.,.F.,(4,3,3,3,3,3,3,3,3,3,3,3,3,3,3,3,3,3,3,3,3,
3,3,3,3,3,4),(0.,0.0151346833427187,0.0309520498336351,0.0438345950222697,
0.0499473365472949,0.0529463066623693,0.0692714403340257,0.0858467842115109,
0.0978881909943113,0.101548995511454,0.104480090757871,0.121559346932613,
0.134012411342713,0.150659714230224,0.155442635869147,0.158497020646576,
0.175518572460758,0.192950234367124,0.203990166245436,0.21254533428915,
0.215900517669401,0.232242810600454,0.244620663593969,0.248846780647131,
0.26705456463866,0.281269689393615,0.28514280399517),.UNSPECIFIED.);
#424=B_SPLINE_CURVE_WITH_KNOTS('',3,(#4792,#4793,#4794,#4795,#4796,#4797,
#4798,#4799,#4800,#4801,#4802,#4803,#4804,#4805,#4806,#4807,#4808,#4809,
#4810,#4811,#4812,#4813,#4814,#4815,#4816),.UNSPECIFIED.,.F.,.F.,(4,3,3,
3,3,3,3,3,4),(-10.1357873115492,-9.97729624054667,-8.979566616492,-7.98183699243734,
-6.98410736838267,-5.986377744328,-4.98864812027333,-3.99091849621867,-3.85260200436963),
 .UNSPECIFIED.);
#425=B_SPLINE_CURVE_WITH_KNOTS('',3,(#5089,#5090,#5091,#5092,#5093,#5094,
#5095,#5096,#5097,#5098,#5099,#5100,#5101,#5102,#5103,#5104,#5105,#5106,
#5107,#5108,#5109,#5110,#5111,#5112,#5113,#5114,#5115,#5116,#5117,#5118,
#5119,#5120,#5121,#5122,#5123,#5124,#5125,#5126,#5127,#5128,#5129,#5130,
#5131,#5132,#5133,#5134,#5135,#5136,#5137,#5138,#5139,#5140,#5141,#5142,
#5143,#5144,#5145,#5146,#5147,#5148,#5149,#5150,#5151,#5152,#5153,#5154,
#5155,#5156,#5157,#5158,#5159,#5160,#5161,#5162,#5163,#5164,#5165,#5166,
#5167,#5168,#5169,#5170),.UNSPECIFIED.,.F.,.F.,(4,3,3,3,3,3,3,3,3,3,3,3,
3,3,3,3,3,3,3,3,3,3,3,3,3,3,3,4),(-0.286347380332156,-0.27102864846755,
-0.259839941487433,-0.255801999794993,-0.251909200815206,-0.235718060504042,
-0.229232737221017,-0.224293420139418,-0.220544203767287,-0.203388834761567,
-0.186606767684928,-0.177935757699797,-0.173461919224135,-0.17050596011053,
-0.153242987801666,-0.151922727744406,-0.135325071030747,-0.118895508128393,
-0.115939914031497,-0.0986893031393746,-0.0810324599807136,-0.0632621632450668,
-0.0597072223453821,-0.0566482423451766,-0.0384213569785114,-0.0203806393784024,
-0.00388856781191586,0.),.UNSPECIFIED.);
#426=B_SPLINE_CURVE_WITH_KNOTS('',3,(#5171,#5172,#5173,#5174,#5175,#5176,
#5177,#5178,#5179,#5180,#5181,#5182,#5183,#5184,#5185,#5186,#5187,#5188,
#5189,#5190,#5191,#5192),.UNSPECIFIED.,.F.,.F.,(4,3,3,3,3,3,3,4),(7.59274844815703,
7.98183699243731,8.97956661649197,9.97729624054664,10.9750258646013,11.972755488656,
12.9704851127106,13.8759337553366),.UNSPECIFIED.);
#427=B_SPLINE_CURVE_WITH_KNOTS('',3,(#5193,#5194,#5195,#5196,#5197,#5198,
#5199,#5200,#5201,#5202,#5203,#5204,#5205,#5206,#5207,#5208,#5209,#5210,
#5211,#5212,#5213,#5214,#5215,#5216,#5217,#5218,#5219,#5220,#5221,#5222,
#5223,#5224,#5225,#5226,#5227,#5228,#5229,#5230,#5231,#5232,#5233,#5234,
#5235,#5236,#5237,#5238,#5239,#5240,#5241,#5242,#5243,#5244,#5245,#5246,
#5247,#5248,#5249,#5250,#5251,#5252,#5253,#5254,#5255,#5256,#5257,#5258,
#5259,#5260,#5261,#5262,#5263,#5264,#5265,#5266,#5267,#5268,#5269,#5270,
#5271),.UNSPECIFIED.,.F.,.F.,(4,3,3,3,3,3,3,3,3,3,3,3,3,3,3,3,3,3,3,3,3,
3,3,3,3,3,4),(0.,0.0185446662744556,0.0367875698461939,0.0507337898898753,
0.0583006640082112,0.0610577135905299,0.0788137354706643,0.0962065828489289,
0.109244269685608,0.115851552729996,0.118955984625549,0.135792053027141,
0.148357330195645,0.165204664660864,0.169987220468648,0.173022369611643,
0.189791325843105,0.206553649193024,0.216707466924562,0.221978013409559,
0.226241975584266,0.242337001762254,0.253617914252567,0.258177694034523,
0.273632978657782,0.283136005917397,0.286347380332183),.UNSPECIFIED.);
#428=B_SPLINE_CURVE_WITH_KNOTS('',3,(#5273,#5274,#5275,#5276,#5277,#5278,
#5279,#5280,#5281,#5282,#5283),.UNSPECIFIED.,.F.,.F.,(4,1,1,1,1,1,1,1,4),
(15.7079632679489,15.846279759798,16.8440093838527,17.8417390079074,18.8394686319621,
19.8371982560168,20.8349278800715,21.8326575041262,21.9911485751285),
 .UNSPECIFIED.);
#429=B_SPLINE_CURVE_WITH_KNOTS('',3,(#5284,#5285,#5286,#5287,#5288,#5289,
#5290,#5291,#5292,#5293),.UNSPECIFIED.,.F.,.F.,(4,1,1,1,1,1,1,4),(15.7079632679489,
16.3938593750811,17.3915889991358,18.3893186231904,19.3870482472451,20.3847778712998,
21.3825074953544,21.9911485751285),.UNSPECIFIED.);
#430=B_SPLINE_CURVE_WITH_KNOTS('',3,(#5566,#5567,#5568,#5569,#5570,#5571,
#5572,#5573,#5574,#5575,#5576,#5577,#5578,#5579,#5580,#5581,#5582,#5583,
#5584,#5585,#5586,#5587,#5588,#5589,#5590,#5591,#5592,#5593,#5594,#5595,
#5596,#5597,#5598,#5599,#5600,#5601,#5602,#5603,#5604,#5605,#5606,#5607,
#5608,#5609,#5610,#5611,#5612,#5613,#5614,#5615,#5616,#5617,#5618,#5619,
#5620,#5621,#5622,#5623,#5624,#5625,#5626,#5627,#5628,#5629,#5630,#5631,
#5632,#5633,#5634,#5635,#5636,#5637,#5638,#5639,#5640,#5641),
 .UNSPECIFIED.,.F.,.F.,(4,3,3,3,3,3,3,3,3,3,3,3,3,3,3,3,3,3,3,3,3,3,3,3,
3,4),(-0.285142803995652,-0.266695300316079,-0.248992981513762,-0.24470172710233,
-0.226724853872766,-0.215150416409392,-0.210341669251851,-0.192146945578654,
-0.175010693373009,-0.165404661536682,-0.156924334887077,-0.153986848579211,
-0.137562774559063,-0.120467585955562,-0.105809190482992,-0.102709629443319,
-0.0997722446882288,-0.0831583178581438,-0.0666438706469502,-0.0581348439272877,
-0.0526942069940789,-0.0496828658819235,-0.0337417396680897,-0.0183671059150611,
-0.00320042217500264,0.),.UNSPECIFIED.);
#431=B_SPLINE_CURVE_WITH_KNOTS('',3,(#5642,#5643,#5644,#5645,#5646,#5647,
#5648,#5649,#5650,#5651,#5652,#5653,#5654,#5655,#5656,#5657,#5658,#5659,
#5660,#5661,#5662,#5663,#5664,#5665,#5666,#5667,#5668,#5669,#5670,#5671,
#5672,#5673,#5674,#5675,#5676,#5677,#5678,#5679,#5680,#5681,#5682,#5683,
#5684,#5685,#5686,#5687,#5688,#5689,#5690,#5691,#5692,#5693,#5694,#5695,
#5696,#5697,#5698,#5699,#5700,#5701,#5702,#5703,#5704,#5705,#5706,#5707,
#5708,#5709,#5710,#5711,#5712,#5713,#5714,#5715,#5716,#5717,#5718,#5719,
#5720),.UNSPECIFIED.,.F.,.F.,(4,3,3,3,3,3,3,3,3,3,3,3,3,3,3,3,3,3,3,3,3,
3,3,3,3,3,4),(0.,0.0151326816650529,0.0309486235819706,0.0438315970520606,
0.0499346924064706,0.0529439091905546,0.0692676514929716,0.085841543056925,
0.0978842601283665,0.101686531688202,0.104366984109616,0.121446745172591,
0.134012411342691,0.150660663447239,0.155444323904478,0.158497770939282,
0.175520437708326,0.192952627796163,0.203992260495843,0.212545037008474,
0.215900640230343,0.232242902521158,0.244620974206579,0.248846906656829,
0.26705467194089,0.281269689393602,0.285142803995179),.UNSPECIFIED.);
#432=B_SPLINE_CURVE_WITH_KNOTS('',3,(#5721,#5722,#5723,#5724,#5725,#5726,
#5727,#5728,#5729,#5730,#5731,#5732,#5733,#5734,#5735,#5736,#5737,#5738,
#5739,#5740,#5741,#5742,#5743,#5744,#5745),.UNSPECIFIED.,.F.,.F.,(4,3,3,
3,3,3,3,3,4),(-10.1357873115493,-9.97729624054707,-8.97956661649237,-7.98183699243766,
-6.98410736838295,-5.98637774432824,-4.98864812027353,-3.99091849621883,
-3.85260200436975),.UNSPECIFIED.);
#433=B_SPLINE_CURVE_WITH_KNOTS('',3,(#6018,#6019,#6020,#6021,#6022,#6023,
#6024,#6025,#6026,#6027,#6028,#6029,#6030,#6031,#6032,#6033,#6034,#6035,
#6036,#6037,#6038,#6039,#6040,#6041,#6042,#6043,#6044,#6045,#6046,#6047,
#6048,#6049,#6050,#6051,#6052,#6053,#6054,#6055,#6056,#6057,#6058,#6059,
#6060,#6061,#6062,#6063,#6064,#6065,#6066,#6067,#6068,#6069,#6070,#6071,
#6072,#6073,#6074,#6075,#6076,#6077,#6078,#6079,#6080,#6081,#6082,#6083,
#6084,#6085,#6086,#6087,#6088,#6089,#6090,#6091,#6092,#6093,#6094,#6095,
#6096),.UNSPECIFIED.,.F.,.F.,(4,3,3,3,3,3,3,3,3,3,3,3,3,3,3,3,3,3,3,3,3,
3,3,3,3,3,4),(-0.286347380331691,-0.271030558173477,-0.259847673915179,
-0.2558137730045,-0.251910994649518,-0.235721129277773,-0.229239317799082,
-0.224366721344625,-0.221005885693289,-0.203735096205996,-0.186950264469353,
-0.178193380288044,-0.171742497942186,-0.168776244280398,-0.151922727744117,
-0.13532382060389,-0.118894414004849,-0.115940188303143,-0.0986885486517977,
-0.0810312638397939,-0.0632609647364586,-0.0596930178564611,-0.0566284536209318,
-0.0384012468084387,-0.0203607243654671,-0.00388856781156176,0.),
 .UNSPECIFIED.);
#434=B_SPLINE_CURVE_WITH_KNOTS('',3,(#6097,#6098,#6099,#6100,#6101,#6102,
#6103,#6104,#6105,#6106,#6107,#6108,#6109,#6110,#6111,#6112,#6113,#6114,
#6115,#6116,#6117,#6118),.UNSPECIFIED.,.F.,.F.,(4,3,3,3,3,3,3,4),(7.59274844815664,
7.98183699243727,8.97956661649193,9.97729624054659,10.9750258646012,11.9727554886559,
12.9704851127106,13.8759337553362),.UNSPECIFIED.);
#435=B_SPLINE_CURVE_WITH_KNOTS('',3,(#6119,#6120,#6121,#6122,#6123,#6124,
#6125,#6126,#6127,#6128,#6129,#6130,#6131,#6132,#6133,#6134,#6135,#6136,
#6137,#6138,#6139,#6140,#6141,#6142,#6143,#6144,#6145,#6146,#6147,#6148,
#6149,#6150,#6151,#6152,#6153,#6154,#6155,#6156,#6157,#6158,#6159,#6160,
#6161,#6162,#6163,#6164,#6165,#6166,#6167,#6168,#6169,#6170,#6171,#6172,
#6173,#6174,#6175,#6176,#6177,#6178,#6179,#6180,#6181,#6182,#6183,#6184,
#6185,#6186,#6187,#6188,#6189,#6190,#6191,#6192,#6193,#6194,#6195,#6196,
#6197),.UNSPECIFIED.,.F.,.F.,(4,3,3,3,3,3,3,3,3,3,3,3,3,3,3,3,3,3,3,3,3,
3,3,3,3,3,4),(0.,0.0185446662744529,0.0367874733385302,0.0507337054456668,
0.0583003631219373,0.0610573204016381,0.0788133437027404,0.0962067416721629,
0.109244388803028,0.115851659509772,0.118955908731692,0.135792483917184,
0.148357330195623,0.165204664660848,0.169987390251062,0.173022522991325,
0.189791424277033,0.206553799401812,0.21670681990851,0.221978040864996,
0.226242139812143,0.242337676894205,0.253619203843505,0.258178332977019,
0.273634526863978,0.283136005917419,0.286347380332178),.UNSPECIFIED.);
#436=B_SPLINE_CURVE_WITH_KNOTS('',3,(#6215,#6216,#6217,#6218,#6219,#6220),
 .UNSPECIFIED.,.F.,.F.,(4,2,4),(0.278726482474556,0.289108104367979,0.332205532296187),
 .UNSPECIFIED.);
#437=B_SPLINE_CURVE_WITH_KNOTS('',3,(#6222,#6223,#6224,#6225,#6226,#6227),
 .UNSPECIFIED.,.F.,.F.,(4,2,4),(0.278726482474556,0.289108104367979,0.332205532296187),
 .UNSPECIFIED.);
#438=B_SPLINE_CURVE_WITH_KNOTS('',3,(#6243,#6244,#6245,#6246),
 .UNSPECIFIED.,.F.,.F.,(4,4),(0.,0.0538250920398978),.UNSPECIFIED.);
#439=B_SPLINE_CURVE_WITH_KNOTS('',3,(#6247,#6248,#6249,#6250),
 .UNSPECIFIED.,.F.,.F.,(4,4),(0.,0.0538250920398978),.UNSPECIFIED.);
#440=B_SPLINE_CURVE_WITH_KNOTS('',3,(#6259,#6260,#6261,#6262,#6263,#6264,
#6265,#6266,#6267,#6268,#6269,#6270),.UNSPECIFIED.,.F.,.F.,(4,2,2,2,2,4),
(0.,0.0580721328243183,0.118590572306668,0.181554291068917,0.246962213636606,
0.278726482474538),.UNSPECIFIED.);
#441=B_SPLINE_CURVE_WITH_KNOTS('',3,(#6271,#6272,#6273,#6274,#6275,#6276,
#6277,#6278,#6279,#6280,#6281,#6282,#6283,#6284,#6285,#6286,#6287,#6288,
#6289,#6290,#6291,#6292,#6293,#6294,#6295,#6296,#6297,#6298,#6299,#6300,
#6301,#6302,#6303,#6304,#6305,#6306,#6307,#6308,#6309,#6310,#6311,#6312,
#6313,#6314,#6315,#6316,#6317,#6318,#6319,#6320,#6321,#6322,#6323,#6324,
#6325,#6326,#6327,#6328,#6329,#6330,#6331,#6332,#6333,#6334,#6335,#6336,
#6337,#6338,#6339,#6340,#6341,#6342,#6343,#6344,#6345,#6346),
 .UNSPECIFIED.,.F.,.F.,(4,3,3,3,3,3,3,3,3,3,3,3,3,3,3,3,3,3,3,3,3,3,3,3,
3,4),(0.0538250920398811,0.0624364348972472,0.0672620990789124,0.071143324650426,
0.0910328991501506,0.110902308046077,0.125804364718023,0.13301236322896,
0.137461463822893,0.156333051260734,0.170510534733858,0.189848238744257,
0.197063853818321,0.201347453904916,0.220106896382284,0.238845460756658,
0.251650032296504,0.258165060246729,0.263026237884346,0.281006405386893,
0.292057845744432,0.29660836611956,0.300154535380457,0.317445533838251,
0.32521216681705,0.333657454836511),.UNSPECIFIED.);
#442=B_SPLINE_CURVE_WITH_KNOTS('',3,(#6360,#6361,#6362,#6363,#6364,#6365),
 .UNSPECIFIED.,.F.,.F.,(4,2,4),(0.278726482474922,0.289108104368014,0.33220553229636),
 .UNSPECIFIED.);
#443=B_SPLINE_CURVE_WITH_KNOTS('',3,(#6367,#6368,#6369,#6370,#6371,#6372),
 .UNSPECIFIED.,.F.,.F.,(4,2,4),(0.278726482474922,0.289108104368014,0.33220553229636),
 .UNSPECIFIED.);
#444=B_SPLINE_CURVE_WITH_KNOTS('',3,(#6388,#6389,#6390,#6391),
 .UNSPECIFIED.,.F.,.F.,(4,4),(0.,0.0538250920395289),.UNSPECIFIED.);
#445=B_SPLINE_CURVE_WITH_KNOTS('',3,(#6392,#6393,#6394,#6395),
 .UNSPECIFIED.,.F.,.F.,(4,4),(0.,0.0538250920395289),.UNSPECIFIED.);
#446=B_SPLINE_CURVE_WITH_KNOTS('',3,(#6404,#6405,#6406,#6407,#6408,#6409,
#6410,#6411,#6412,#6413,#6414,#6415),.UNSPECIFIED.,.F.,.F.,(4,2,2,2,2,4),
(0.,0.0580721328243196,0.118590572306673,0.181554291068929,0.246962213636635,
0.278726482474904),.UNSPECIFIED.);
#447=B_SPLINE_CURVE_WITH_KNOTS('',3,(#6416,#6417,#6418,#6419,#6420,#6421,
#6422,#6423,#6424,#6425,#6426,#6427,#6428,#6429,#6430,#6431,#6432,#6433,
#6434,#6435,#6436,#6437,#6438,#6439,#6440,#6441,#6442,#6443,#6444,#6445,
#6446,#6447,#6448,#6449,#6450,#6451,#6452,#6453,#6454,#6455,#6456,#6457,
#6458,#6459,#6460,#6461,#6462,#6463,#6464,#6465,#6466,#6467,#6468,#6469,
#6470,#6471,#6472,#6473,#6474,#6475,#6476,#6477,#6478,#6479,#6480,#6481,
#6482,#6483,#6484,#6485,#6486,#6487,#6488,#6489,#6490,#6491),
 .UNSPECIFIED.,.F.,.F.,(4,3,3,3,3,3,3,3,3,3,3,3,3,3,3,3,3,3,3,3,3,3,3,3,
3,4),(0.0538250920395129,0.0624365507549258,0.0672611364492107,0.0711431235806844,
0.0910327010322872,0.11090215945768,0.125804253276725,0.133012360943848,
0.137461484735122,0.156332938533271,0.17051053473386,0.189848238744286,
0.197063704927862,0.201347413497943,0.220106875655409,0.238845438815945,
0.251649803501236,0.258165073783406,0.263026205868361,0.281006262029372,
0.292057738226346,0.296607637206141,0.30015376987807,0.317444576327473,
0.325212166817268,0.333657454836732),.UNSPECIFIED.);
#448=B_SPLINE_CURVE_WITH_KNOTS('',3,(#6493,#6494,#6495,#6496,#6497,#6498,
#6499,#6500,#6501,#6502,#6503),.UNSPECIFIED.,.F.,.F.,(4,1,1,1,1,1,1,1,4),
(15.707963267949,15.7870398440112,16.7705640889081,17.754088333805,18.7376125787019,
19.7211368235988,20.7046610684957,21.6881853133927,21.9911485751286),
 .UNSPECIFIED.);
#449=B_SPLINE_CURVE_WITH_KNOTS('',3,(#6504,#6505,#6506,#6507,#6508,#6509,
#6510,#6511,#6512,#6513),.UNSPECIFIED.,.F.,.F.,(4,1,1,1,1,1,1,4),(15.707963267949,
16.3645417170833,17.3480659619801,18.3315902068768,19.3151144517736,20.2986386966703,
21.2821629415671,21.9911485751285),.UNSPECIFIED.);
#450=B_SPLINE_CURVE_WITH_KNOTS('',3,(#6662,#6663,#6664,#6665,#6666,#6667,
#6668,#6669,#6670,#6671,#6672,#6673,#6674,#6675,#6676,#6677,#6678,#6679,
#6680,#6681,#6682,#6683,#6684,#6685,#6686,#6687,#6688,#6689,#6690,#6691,
#6692,#6693,#6694,#6695,#6696,#6697,#6698,#6699,#6700,#6701,#6702,#6703,
#6704,#6705,#6706,#6707,#6708,#6709,#6710,#6711,#6712,#6713,#6714,#6715,
#6716,#6717,#6718,#6719,#6720,#6721,#6722,#6723,#6724,#6725,#6726,#6727,
#6728,#6729,#6730,#6731,#6732,#6733,#6734,#6735,#6736,#6737,#6738,#6739,
#6740),.UNSPECIFIED.,.F.,.F.,(4,3,3,3,3,3,3,3,3,3,3,3,3,3,3,3,3,3,3,3,3,
3,3,3,3,3,4),(0.,0.0168941760254161,0.0345292774310994,0.0493714540698941,
0.0572469951132869,0.0603562925185285,0.0785626329969469,0.0972386473830744,
0.11124565817267,0.118187818587266,0.121806075008593,0.140910313167452,
0.153266690541457,0.170246867269762,0.178005052536055,0.181452897769601,
0.184801245441841,0.203763485703058,0.22320039966813,0.239677325843072,
0.246289795499003,0.249583663777306,0.269749475814047,0.289108104367899,
0.309545127383784,0.321989031910869,0.332205532297306),.UNSPECIFIED.);
#451=B_SPLINE_CURVE_WITH_KNOTS('',3,(#6741,#6742,#6743,#6744,#6745,#6746,
#6747,#6748,#6749,#6750,#6751,#6752,#6753,#6754,#6755,#6756,#6757,#6758,
#6759,#6760,#6761,#6762,#6763,#6764,#6765),.UNSPECIFIED.,.F.,.F.,(4,3,3,
3,3,3,3,3,4),(-10.138205710705,-9.8352424489691,-8.8517182040722,-7.86819395917528,
-6.88466971427837,-5.90114546938147,-4.91762122448455,-3.93409697958765,
-3.85502040352543),.UNSPECIFIED.);
#452=B_SPLINE_CURVE_WITH_KNOTS('',3,(#6914,#6915,#6916,#6917,#6918,#6919,
#6920,#6921,#6922,#6923,#6924,#6925,#6926,#6927,#6928,#6929,#6930,#6931,
#6932,#6933,#6934,#6935,#6936,#6937,#6938),.UNSPECIFIED.,.F.,.F.,(4,3,3,
3,3,3,3,3,4),(7.59365534783876,7.86819395917403,8.85171820407079,9.83524244896754,
10.8187666938643,11.802290938761,12.7858151836578,13.7693394285546,13.8768406550184),
 .UNSPECIFIED.);
#453=B_SPLINE_CURVE_WITH_KNOTS('',3,(#6939,#6940,#6941,#6942,#6943,#6944,
#6945,#6946,#6947,#6948,#6949,#6950,#6951,#6952,#6953,#6954,#6955,#6956,
#6957,#6958,#6959,#6960,#6961,#6962,#6963,#6964,#6965,#6966,#6967,#6968,
#6969,#6970,#6971,#6972,#6973,#6974,#6975,#6976,#6977,#6978,#6979,#6980,
#6981,#6982,#6983,#6984,#6985,#6986,#6987,#6988,#6989,#6990,#6991,#6992,
#6993,#6994,#6995,#6996,#6997,#6998,#6999,#7000,#7001,#7002,#7003,#7004,
#7005,#7006,#7007,#7008,#7009,#7010,#7011,#7012,#7013,#7014,#7015,#7016,
#7017,#7018,#7019,#7020,#7021,#7022,#7023),.UNSPECIFIED.,.F.,.F.,(4,3,3,
3,3,3,3,3,3,3,3,3,3,3,3,3,3,3,3,3,3,3,3,3,3,3,3,3,4),(0.,0.019894052031755,
0.040344249419569,0.0566150350838526,0.0638655174441899,0.0678784967965806,
0.0711925553257645,0.0910821840098278,0.11093927169083,0.125832087451582,
0.133031832110858,0.13746120251871,0.156332785215449,0.170510534733838,
0.189848238744305,0.197063844968119,0.201347451517645,0.220106895196608,
0.238845459562544,0.251650018916943,0.258165061018867,0.263026235984321,
0.281006396942607,0.292057839411349,0.296608322923384,0.300154489936505,
0.317445477035918,0.325212166817576,0.333657454837065),.UNSPECIFIED.);
#454=B_SPLINE_CURVE_WITH_KNOTS('',3,(#7028,#7029,#7030,#7031,#7032,#7033,
#7034,#7035,#7036,#7037,#7038),.UNSPECIFIED.,.F.,.F.,(4,1,1,1,1,1,1,1,4),
(15.707963267949,15.7870398440115,16.7705640889084,17.7540883338052,18.7376125787021,
19.721136823599,20.7046610684959,21.6881853133927,21.9911485751286),
 .UNSPECIFIED.);
#455=B_SPLINE_CURVE_WITH_KNOTS('',3,(#7039,#7040,#7041,#7042,#7043,#7044,
#7045,#7046,#7047,#7048),.UNSPECIFIED.,.F.,.F.,(4,1,1,1,1,1,1,4),(15.707963267949,
16.3645417170833,17.3480659619801,18.3315902068768,19.3151144517736,20.2986386966704,
21.2821629415671,21.9911485751285),.UNSPECIFIED.);
#456=B_SPLINE_CURVE_WITH_KNOTS('',3,(#7197,#7198,#7199,#7200,#7201,#7202,
#7203,#7204,#7205,#7206,#7207,#7208,#7209,#7210,#7211,#7212,#7213,#7214,
#7215,#7216,#7217,#7218,#7219,#7220,#7221,#7222,#7223,#7224,#7225,#7226,
#7227,#7228,#7229,#7230,#7231,#7232,#7233,#7234,#7235,#7236,#7237,#7238,
#7239,#7240,#7241,#7242,#7243,#7244,#7245,#7246,#7247,#7248,#7249,#7250,
#7251,#7252,#7253,#7254,#7255,#7256,#7257,#7258,#7259,#7260,#7261,#7262,
#7263,#7264,#7265,#7266,#7267,#7268,#7269,#7270,#7271,#7272,#7273,#7274,
#7275,#7276,#7277,#7278),.UNSPECIFIED.,.F.,.F.,(4,3,3,3,3,3,3,3,3,3,3,3,
3,3,3,3,3,3,3,3,3,3,3,3,3,3,3,4),(0.,0.0168947276460267,0.0345302374675349,
0.0493722941017773,0.0572484827727125,0.0603577792191288,0.0785645460894225,
0.0972400822024353,0.111246734287195,0.118189074208997,0.121806350109437,
0.140910555022835,0.153266690541474,0.17185743352443,0.18000293179126,0.183911851238465,
0.202981316768448,0.222491168370267,0.236317874889047,0.246683704871954,
0.250417466962225,0.270582984786424,0.283434496567546,0.288285819432969,
0.292533680086563,0.312946712200736,0.321989031910914,0.33220553229723),
 .UNSPECIFIED.);
#457=B_SPLINE_CURVE_WITH_KNOTS('',3,(#7279,#7280,#7281,#7282,#7283,#7284,
#7285,#7286,#7287,#7288,#7289,#7290,#7291,#7292,#7293,#7294,#7295,#7296,
#7297,#7298,#7299,#7300,#7301,#7302,#7303),.UNSPECIFIED.,.F.,.F.,(4,3,3,
3,3,3,3,3,4),(-10.1382057107045,-9.83524244896874,-8.85171820407187,-7.868193959175,
-6.88466971427813,-5.90114546938125,-4.91762122448438,-3.9340969795875,
-3.85502040352495),.UNSPECIFIED.);
#458=B_SPLINE_CURVE_WITH_KNOTS('',3,(#7452,#7453,#7454,#7455,#7456,#7457,
#7458,#7459,#7460,#7461,#7462,#7463,#7464,#7465,#7466,#7467,#7468,#7469,
#7470,#7471,#7472,#7473,#7474,#7475,#7476),.UNSPECIFIED.,.F.,.F.,(4,3,3,
3,3,3,3,3,4),(7.59365534783878,7.86819395917413,8.8517182040709,9.83524244896766,
10.8187666938644,11.8022909387612,12.785815183658,13.7693394285547,13.8768406550184),
 .UNSPECIFIED.);
#459=B_SPLINE_CURVE_WITH_KNOTS('',3,(#7477,#7478,#7479,#7480,#7481,#7482,
#7483,#7484,#7485,#7486,#7487,#7488,#7489,#7490,#7491,#7492,#7493,#7494,
#7495,#7496,#7497,#7498,#7499,#7500,#7501,#7502,#7503,#7504,#7505,#7506,
#7507,#7508,#7509,#7510,#7511,#7512,#7513,#7514,#7515,#7516,#7517,#7518,
#7519,#7520,#7521,#7522,#7523,#7524,#7525,#7526,#7527,#7528,#7529,#7530,
#7531,#7532,#7533,#7534,#7535,#7536,#7537,#7538,#7539,#7540,#7541,#7542,
#7543,#7544,#7545,#7546,#7547,#7548,#7549,#7550,#7551,#7552,#7553,#7554,
#7555,#7556,#7557,#7558,#7559,#7560,#7561),.UNSPECIFIED.,.F.,.F.,(4,3,3,
3,3,3,3,3,3,3,3,3,3,3,3,3,3,3,3,3,3,3,3,3,3,3,3,3,4),(0.,0.019894516099008,
0.0403447640542334,0.0566154853891856,0.0638658528895499,0.0678793715959073,
0.0711933294807218,0.0910829615807325,0.110939854869012,0.125832524835222,
0.13303221663575,0.137461219659428,0.156332668130479,0.170510534733851,
0.189848238744315,0.197063695323102,0.201347410875734,0.220106874264707,
0.238845437270303,0.251649788482912,0.258165074690943,0.263026203807794,
0.281006252696746,0.292057731226951,0.296607589904861,0.300153720250538,
0.317444514223504,0.325212166817566,0.333657454837053),.UNSPECIFIED.);
#460=B_SPLINE_CURVE_WITH_KNOTS('',3,(#7570,#7571,#7572,#7573,#7574,#7575,
#7576,#7577,#7578,#7579,#7580,#7581,#7582,#7583,#7584,#7585,#7586,#7587),
 .UNSPECIFIED.,.F.,.F.,(4,2,2,2,2,2,2,2,4),(0.457637601331159,0.571989102420946,
0.686340603510732,0.800807903086528,0.915275202662325,1.02974250223812,
1.14420980181392,1.2585613029037,1.37291280399349),.UNSPECIFIED.);
#461=B_SPLINE_CURVE_WITH_KNOTS('',3,(#7589,#7590,#7591,#7592),
 .UNSPECIFIED.,.F.,.F.,(4,4),(2.26694571391057,2.28818800665581),
 .UNSPECIFIED.);
#462=B_SPLINE_CURVE_WITH_KNOTS('',3,(#7594,#7595,#7596,#7597,#7598,#7599,
#7600,#7601,#7602,#7603,#7604,#7605,#7606,#7607,#7608,#7609,#7610,#7611,
#7612),.UNSPECIFIED.,.F.,.F.,(4,2,2,2,3,2,2,2,4),(1.37291280399349,1.48726430508327,
1.60161580617306,1.71608310574885,1.83055040532465,1.94501770490044,2.05948500447624,
2.17383650556602,2.26694571391057),.UNSPECIFIED.);
#463=B_SPLINE_CURVE_WITH_KNOTS('',3,(#7616,#7617,#7618,#7619,#7620,#7621,
#7622,#7623,#7624,#7625,#7626,#7627,#7628,#7629,#7630,#7631,#7632,#7633),
 .UNSPECIFIED.,.F.,.F.,(4,2,2,2,2,2,2,2,4),(0.457637601331159,0.571989102420946,
0.686340603510732,0.800807903086528,0.915275202662325,1.02974250223812,
1.14420980181392,1.2585613029037,1.37291280399349),.UNSPECIFIED.);
#464=B_SPLINE_CURVE_WITH_KNOTS('',3,(#7635,#7636,#7637,#7638),
 .UNSPECIFIED.,.F.,.F.,(4,4),(2.26694571391057,2.28818800665581),
 .UNSPECIFIED.);
#465=B_SPLINE_CURVE_WITH_KNOTS('',3,(#7640,#7641,#7642,#7643,#7644,#7645,
#7646,#7647,#7648,#7649,#7650,#7651,#7652,#7653,#7654,#7655,#7656,#7657,
#7658),.UNSPECIFIED.,.F.,.F.,(4,2,2,2,3,2,2,2,4),(1.37291280399349,1.48726430508327,
1.60161580617306,1.71608310574885,1.83055040532465,1.94501770490044,2.05948500447624,
2.17383650556602,2.26694571391057),.UNSPECIFIED.);
#466=LINE('',#2296,#546);
#467=LINE('',#2317,#547);
#468=LINE('',#2368,#548);
#469=LINE('',#2419,#549);
#470=LINE('',#2467,#550);
#471=LINE('',#2506,#551);
#472=LINE('',#2527,#552);
#473=LINE('',#2578,#553);
#474=LINE('',#2629,#554);
#475=LINE('',#2677,#555);
#476=LINE('',#2716,#556);
#477=LINE('',#2727,#557);
#478=LINE('',#2731,#558);
#479=LINE('',#2744,#559);
#480=LINE('',#2768,#560);
#481=LINE('',#2793,#561);
#482=LINE('',#2818,#562);
#483=LINE('',#2835,#563);
#484=LINE('',#2846,#564);
#485=LINE('',#2850,#565);
#486=LINE('',#2863,#566);
#487=LINE('',#2887,#567);
#488=LINE('',#2912,#568);
#489=LINE('',#2937,#569);
#490=LINE('',#2954,#570);
#491=LINE('',#2975,#571);
#492=LINE('',#3026,#572);
#493=LINE('',#3077,#573);
#494=LINE('',#3125,#574);
#495=LINE('',#3173,#575);
#496=LINE('',#3224,#576);
#497=LINE('',#3275,#577);
#498=LINE('',#3323,#578);
#499=LINE('',#3374,#579);
#500=LINE('',#3413,#580);
#501=LINE('',#3434,#581);
#502=LINE('',#3485,#582);
#503=LINE('',#3536,#583);
#504=LINE('',#3584,#584);
#505=LINE('',#3632,#585);
#506=LINE('',#3683,#586);
#507=LINE('',#3734,#587);
#508=LINE('',#3782,#588);
#509=LINE('',#3833,#589);
#510=LINE('',#3872,#590);
#511=LINE('',#3896,#591);
#512=LINE('',#3920,#592);
#513=LINE('',#3945,#593);
#514=LINE('',#3969,#594);
#515=LINE('',#3994,#595);
#516=LINE('',#4018,#596);
#517=LINE('',#4043,#597);
#518=LINE('',#4068,#598);
#519=LINE('',#4092,#599);
#520=LINE('',#4109,#600);
#521=LINE('',#4133,#601);
#522=LINE('',#4157,#602);
#523=LINE('',#4182,#603);
#524=LINE('',#4206,#604);
#525=LINE('',#4231,#605);
#526=LINE('',#4255,#606);
#527=LINE('',#4280,#607);
#528=LINE('',#4305,#608);
#529=LINE('',#4329,#609);
#530=LINE('',#6228,#610);
#531=LINE('',#6234,#611);
#532=LINE('',#6255,#612);
#533=LINE('',#6373,#613);
#534=LINE('',#6379,#614);
#535=LINE('',#6400,#615);
#536=LINE('',#7593,#616);
#537=LINE('',#7639,#617);
#538=LINE('',#7664,#618);
#539=LINE('',#7667,#619);
#540=LINE('',#7674,#620);
#541=LINE('',#7677,#621);
#542=LINE('',#7680,#622);
#543=LINE('',#7681,#623);
#544=LINE('',#7684,#624);
#545=LINE('',#7687,#625);
#546=VECTOR('',#1967,1.465);
#547=VECTOR('',#1972,1.465);
#548=VECTOR('',#1975,1.465);
#549=VECTOR('',#1978,1.465);
#550=VECTOR('',#1981,1.465);
#551=VECTOR('',#1986,1.465);
#552=VECTOR('',#1991,1.465);
#553=VECTOR('',#1994,1.465);
#554=VECTOR('',#1997,1.465);
#555=VECTOR('',#2000,1.465);
#556=VECTOR('',#2005,1.79975);
#557=VECTOR('',#2006,10.);
#558=VECTOR('',#2009,10.);
#559=VECTOR('',#2012,1.79975);
#560=VECTOR('',#2015,1.79975);
#561=VECTOR('',#2018,1.79975);
#562=VECTOR('',#2021,1.79975);
#563=VECTOR('',#2026,1.79975);
#564=VECTOR('',#2027,10.);
#565=VECTOR('',#2030,10.);
#566=VECTOR('',#2033,1.79975);
#567=VECTOR('',#2036,1.79975);
#568=VECTOR('',#2039,1.79975);
#569=VECTOR('',#2042,1.79975);
#570=VECTOR('',#2047,1.2645);
#571=VECTOR('',#2052,1.2645);
#572=VECTOR('',#2055,1.2645);
#573=VECTOR('',#2058,1.2645);
#574=VECTOR('',#2061,1.2645);
#575=VECTOR('',#2064,1.2645);
#576=VECTOR('',#2067,1.2645);
#577=VECTOR('',#2070,1.2645);
#578=VECTOR('',#2073,1.2645);
#579=VECTOR('',#2076,1.2645);
#580=VECTOR('',#2081,1.2645);
#581=VECTOR('',#2086,1.2645);
#582=VECTOR('',#2089,1.2645);
#583=VECTOR('',#2092,1.2645);
#584=VECTOR('',#2095,1.2645);
#585=VECTOR('',#2098,1.2645);
#586=VECTOR('',#2101,1.2645);
#587=VECTOR('',#2104,1.2645);
#588=VECTOR('',#2107,1.2645);
#589=VECTOR('',#2110,1.2645);
#590=VECTOR('',#2115,1.54300000000001);
#591=VECTOR('',#2120,1.54300000000001);
#592=VECTOR('',#2123,1.54300000000001);
#593=VECTOR('',#2126,1.54300000000001);
#594=VECTOR('',#2129,1.54300000000001);
#595=VECTOR('',#2132,1.54300000000001);
#596=VECTOR('',#2135,1.54300000000001);
#597=VECTOR('',#2138,1.54300000000001);
#598=VECTOR('',#2141,1.54300000000001);
#599=VECTOR('',#2144,1.54300000000001);
#600=VECTOR('',#2149,1.54300000000002);
#601=VECTOR('',#2154,1.54300000000002);
#602=VECTOR('',#2157,1.54300000000002);
#603=VECTOR('',#2160,1.54300000000002);
#604=VECTOR('',#2163,1.54300000000002);
#605=VECTOR('',#2166,1.54300000000002);
#606=VECTOR('',#2169,1.54300000000002);
#607=VECTOR('',#2172,1.54300000000002);
#608=VECTOR('',#2175,1.54300000000002);
#609=VECTOR('',#2178,1.54300000000002);
#610=VECTOR('',#2193,10.);
#611=VECTOR('',#2200,10.);
#612=VECTOR('',#2205,2.5);
#613=VECTOR('',#2212,10.);
#614=VECTOR('',#2219,10.);
#615=VECTOR('',#2224,2.5);
#616=VECTOR('',#2249,3.);
#617=VECTOR('',#2252,3.);
#618=VECTOR('',#2257,10.);
#619=VECTOR('',#2260,10.);
#620=VECTOR('',#2271,10.);
#621=VECTOR('',#2274,10.);
#622=VECTOR('',#2277,10.);
#623=VECTOR('',#2278,10.);
#624=VECTOR('',#2281,10.);
#625=VECTOR('',#2286,10.);
#626=VERTEX_POINT('',#2294);
#627=VERTEX_POINT('',#2295);
#628=VERTEX_POINT('',#2297);
#629=VERTEX_POINT('',#2302);
#630=VERTEX_POINT('',#2315);
#631=VERTEX_POINT('',#2316);
#632=VERTEX_POINT('',#2366);
#633=VERTEX_POINT('',#2367);
#634=VERTEX_POINT('',#2417);
#635=VERTEX_POINT('',#2418);
#636=VERTEX_POINT('',#2465);
#637=VERTEX_POINT('',#2466);
#638=VERTEX_POINT('',#2468);
#639=VERTEX_POINT('',#2482);
#640=VERTEX_POINT('',#2504);
#641=VERTEX_POINT('',#2505);
#642=VERTEX_POINT('',#2507);
#643=VERTEX_POINT('',#2512);
#644=VERTEX_POINT('',#2525);
#645=VERTEX_POINT('',#2526);
#646=VERTEX_POINT('',#2576);
#647=VERTEX_POINT('',#2577);
#648=VERTEX_POINT('',#2627);
#649=VERTEX_POINT('',#2628);
#650=VERTEX_POINT('',#2675);
#651=VERTEX_POINT('',#2676);
#652=VERTEX_POINT('',#2678);
#653=VERTEX_POINT('',#2692);
#654=VERTEX_POINT('',#2714);
#655=VERTEX_POINT('',#2715);
#656=VERTEX_POINT('',#2717);
#657=VERTEX_POINT('',#2726);
#658=VERTEX_POINT('',#2728);
#659=VERTEX_POINT('',#2730);
#660=VERTEX_POINT('',#2742);
#661=VERTEX_POINT('',#2743);
#662=VERTEX_POINT('',#2766);
#663=VERTEX_POINT('',#2767);
#664=VERTEX_POINT('',#2791);
#665=VERTEX_POINT('',#2792);
#666=VERTEX_POINT('',#2816);
#667=VERTEX_POINT('',#2817);
#668=VERTEX_POINT('',#2819);
#669=VERTEX_POINT('',#2825);
#670=VERTEX_POINT('',#2833);
#671=VERTEX_POINT('',#2834);
#672=VERTEX_POINT('',#2836);
#673=VERTEX_POINT('',#2845);
#674=VERTEX_POINT('',#2847);
#675=VERTEX_POINT('',#2849);
#676=VERTEX_POINT('',#2861);
#677=VERTEX_POINT('',#2862);
#678=VERTEX_POINT('',#2885);
#679=VERTEX_POINT('',#2886);
#680=VERTEX_POINT('',#2910);
#681=VERTEX_POINT('',#2911);
#682=VERTEX_POINT('',#2935);
#683=VERTEX_POINT('',#2936);
#684=VERTEX_POINT('',#2938);
#685=VERTEX_POINT('',#2944);
#686=VERTEX_POINT('',#2952);
#687=VERTEX_POINT('',#2953);
#688=VERTEX_POINT('',#2955);
#689=VERTEX_POINT('',#2960);
#690=VERTEX_POINT('',#2973);
#691=VERTEX_POINT('',#2974);
#692=VERTEX_POINT('',#3024);
#693=VERTEX_POINT('',#3025);
#694=VERTEX_POINT('',#3075);
#695=VERTEX_POINT('',#3076);
#696=VERTEX_POINT('',#3123);
#697=VERTEX_POINT('',#3124);
#698=VERTEX_POINT('',#3171);
#699=VERTEX_POINT('',#3172);
#700=VERTEX_POINT('',#3222);
#701=VERTEX_POINT('',#3223);
#702=VERTEX_POINT('',#3273);
#703=VERTEX_POINT('',#3274);
#704=VERTEX_POINT('',#3321);
#705=VERTEX_POINT('',#3322);
#706=VERTEX_POINT('',#3372);
#707=VERTEX_POINT('',#3373);
#708=VERTEX_POINT('',#3375);
#709=VERTEX_POINT('',#3389);
#710=VERTEX_POINT('',#3411);
#711=VERTEX_POINT('',#3412);
#712=VERTEX_POINT('',#3414);
#713=VERTEX_POINT('',#3419);
#714=VERTEX_POINT('',#3432);
#715=VERTEX_POINT('',#3433);
#716=VERTEX_POINT('',#3483);
#717=VERTEX_POINT('',#3484);
#718=VERTEX_POINT('',#3534);
#719=VERTEX_POINT('',#3535);
#720=VERTEX_POINT('',#3582);
#721=VERTEX_POINT('',#3583);
#722=VERTEX_POINT('',#3630);
#723=VERTEX_POINT('',#3631);
#724=VERTEX_POINT('',#3681);
#725=VERTEX_POINT('',#3682);
#726=VERTEX_POINT('',#3732);
#727=VERTEX_POINT('',#3733);
#728=VERTEX_POINT('',#3780);
#729=VERTEX_POINT('',#3781);
#730=VERTEX_POINT('',#3831);
#731=VERTEX_POINT('',#3832);
#732=VERTEX_POINT('',#3834);
#733=VERTEX_POINT('',#3848);
#734=VERTEX_POINT('',#3870);
#735=VERTEX_POINT('',#3871);
#736=VERTEX_POINT('',#3873);
#737=VERTEX_POINT('',#3882);
#738=VERTEX_POINT('',#3894);
#739=VERTEX_POINT('',#3895);
#740=VERTEX_POINT('',#3918);
#741=VERTEX_POINT('',#3919);
#742=VERTEX_POINT('',#3943);
#743=VERTEX_POINT('',#3944);
#744=VERTEX_POINT('',#3967);
#745=VERTEX_POINT('',#3968);
#746=VERTEX_POINT('',#3992);
#747=VERTEX_POINT('',#3993);
#748=VERTEX_POINT('',#4016);
#749=VERTEX_POINT('',#4017);
#750=VERTEX_POINT('',#4041);
#751=VERTEX_POINT('',#4042);
#752=VERTEX_POINT('',#4066);
#753=VERTEX_POINT('',#4067);
#754=VERTEX_POINT('',#4090);
#755=VERTEX_POINT('',#4091);
#756=VERTEX_POINT('',#4093);
#757=VERTEX_POINT('',#4099);
#758=VERTEX_POINT('',#4107);
#759=VERTEX_POINT('',#4108);
#760=VERTEX_POINT('',#4110);
#761=VERTEX_POINT('',#4119);
#762=VERTEX_POINT('',#4131);
#763=VERTEX_POINT('',#4132);
#764=VERTEX_POINT('',#4155);
#765=VERTEX_POINT('',#4156);
#766=VERTEX_POINT('',#4180);
#767=VERTEX_POINT('',#4181);
#768=VERTEX_POINT('',#4204);
#769=VERTEX_POINT('',#4205);
#770=VERTEX_POINT('',#4229);
#771=VERTEX_POINT('',#4230);
#772=VERTEX_POINT('',#4253);
#773=VERTEX_POINT('',#4254);
#774=VERTEX_POINT('',#4278);
#775=VERTEX_POINT('',#4279);
#776=VERTEX_POINT('',#4303);
#777=VERTEX_POINT('',#4304);
#778=VERTEX_POINT('',#4327);
#779=VERTEX_POINT('',#4328);
#780=VERTEX_POINT('',#4330);
#781=VERTEX_POINT('',#4336);
#782=VERTEX_POINT('',#6214);
#783=VERTEX_POINT('',#6221);
#784=VERTEX_POINT('',#6230);
#785=VERTEX_POINT('',#6232);
#786=VERTEX_POINT('',#6252);
#787=VERTEX_POINT('',#6254);
#788=VERTEX_POINT('',#6359);
#789=VERTEX_POINT('',#6366);
#790=VERTEX_POINT('',#6375);
#791=VERTEX_POINT('',#6377);
#792=VERTEX_POINT('',#6397);
#793=VERTEX_POINT('',#6399);
#794=VERTEX_POINT('',#7025);
#795=VERTEX_POINT('',#7563);
#796=VERTEX_POINT('',#7568);
#797=VERTEX_POINT('',#7569);
#798=VERTEX_POINT('',#7588);
#799=VERTEX_POINT('',#7614);
#800=VERTEX_POINT('',#7615);
#801=VERTEX_POINT('',#7634);
#802=VERTEX_POINT('',#7660);
#803=VERTEX_POINT('',#7661);
#804=VERTEX_POINT('',#7663);
#805=VERTEX_POINT('',#7665);
#806=VERTEX_POINT('',#7673);
#807=VERTEX_POINT('',#7675);
#808=VERTEX_POINT('',#7679);
#809=VERTEX_POINT('',#7683);
#810=EDGE_CURVE('',#626,#627,#466,.T.);
#811=EDGE_CURVE('',#627,#628,#300,.T.);
#812=EDGE_CURVE('',#629,#628,#268,.T.);
#813=EDGE_CURVE('',#629,#626,#301,.T.);
#814=EDGE_CURVE('',#630,#631,#467,.T.);
#815=EDGE_CURVE('',#631,#627,#302,.T.);
#816=EDGE_CURVE('',#626,#630,#303,.T.);
#817=EDGE_CURVE('',#632,#633,#468,.T.);
#818=EDGE_CURVE('',#633,#631,#304,.T.);
#819=EDGE_CURVE('',#630,#632,#305,.T.);
#820=EDGE_CURVE('',#634,#635,#469,.T.);
#821=EDGE_CURVE('',#635,#633,#306,.T.);
#822=EDGE_CURVE('',#632,#634,#307,.T.);
#823=EDGE_CURVE('',#636,#637,#470,.T.);
#824=EDGE_CURVE('',#636,#638,#308,.T.);
#825=EDGE_CURVE('',#639,#638,#269,.T.);
#826=EDGE_CURVE('',#639,#637,#309,.T.);
#827=EDGE_CURVE('',#640,#641,#471,.T.);
#828=EDGE_CURVE('',#641,#642,#310,.T.);
#829=EDGE_CURVE('',#643,#642,#270,.T.);
#830=EDGE_CURVE('',#643,#640,#311,.T.);
#831=EDGE_CURVE('',#644,#645,#472,.T.);
#832=EDGE_CURVE('',#645,#641,#312,.T.);
#833=EDGE_CURVE('',#640,#644,#313,.T.);
#834=EDGE_CURVE('',#646,#647,#473,.T.);
#835=EDGE_CURVE('',#647,#645,#314,.T.);
#836=EDGE_CURVE('',#644,#646,#315,.T.);
#837=EDGE_CURVE('',#648,#649,#474,.T.);
#838=EDGE_CURVE('',#649,#647,#316,.T.);
#839=EDGE_CURVE('',#646,#648,#317,.T.);
#840=EDGE_CURVE('',#650,#651,#475,.T.);
#841=EDGE_CURVE('',#650,#652,#318,.T.);
#842=EDGE_CURVE('',#653,#652,#271,.T.);
#843=EDGE_CURVE('',#653,#651,#319,.T.);
#844=EDGE_CURVE('',#654,#655,#476,.T.);
#845=EDGE_CURVE('',#655,#656,#320,.T.);
#846=EDGE_CURVE('',#656,#657,#477,.T.);
#847=EDGE_CURVE('',#658,#657,#272,.T.);
#848=EDGE_CURVE('',#659,#658,#478,.T.);
#849=EDGE_CURVE('',#654,#659,#321,.T.);
#850=EDGE_CURVE('',#660,#661,#479,.T.);
#851=EDGE_CURVE('',#661,#655,#322,.T.);
#852=EDGE_CURVE('',#660,#654,#323,.T.);
#853=EDGE_CURVE('',#662,#663,#480,.T.);
#854=EDGE_CURVE('',#663,#661,#324,.T.);
#855=EDGE_CURVE('',#662,#660,#325,.T.);
#856=EDGE_CURVE('',#664,#665,#481,.T.);
#857=EDGE_CURVE('',#665,#663,#326,.T.);
#858=EDGE_CURVE('',#664,#662,#327,.T.);
#859=EDGE_CURVE('',#666,#667,#482,.T.);
#860=EDGE_CURVE('',#668,#666,#328,.T.);
#861=EDGE_CURVE('',#669,#668,#273,.T.);
#862=EDGE_CURVE('',#669,#667,#329,.T.);
#863=EDGE_CURVE('',#670,#671,#483,.T.);
#864=EDGE_CURVE('',#671,#672,#330,.T.);
#865=EDGE_CURVE('',#672,#673,#484,.T.);
#866=EDGE_CURVE('',#674,#673,#274,.T.);
#867=EDGE_CURVE('',#675,#674,#485,.T.);
#868=EDGE_CURVE('',#670,#675,#331,.T.);
#869=EDGE_CURVE('',#676,#677,#486,.T.);
#870=EDGE_CURVE('',#677,#671,#332,.T.);
#871=EDGE_CURVE('',#676,#670,#333,.T.);
#872=EDGE_CURVE('',#678,#679,#487,.T.);
#873=EDGE_CURVE('',#679,#677,#334,.T.);
#874=EDGE_CURVE('',#678,#676,#335,.T.);
#875=EDGE_CURVE('',#680,#681,#488,.T.);
#876=EDGE_CURVE('',#681,#679,#336,.T.);
#877=EDGE_CURVE('',#680,#678,#337,.T.);
#878=EDGE_CURVE('',#682,#683,#489,.T.);
#879=EDGE_CURVE('',#684,#682,#338,.T.);
#880=EDGE_CURVE('',#685,#684,#275,.T.);
#881=EDGE_CURVE('',#685,#683,#339,.T.);
#882=EDGE_CURVE('',#686,#687,#490,.T.);
#883=EDGE_CURVE('',#687,#688,#340,.T.);
#884=EDGE_CURVE('',#688,#689,#276,.T.);
#885=EDGE_CURVE('',#689,#686,#341,.T.);
#886=EDGE_CURVE('',#690,#691,#491,.T.);
#887=EDGE_CURVE('',#691,#687,#342,.T.);
#888=EDGE_CURVE('',#686,#690,#343,.T.);
#889=EDGE_CURVE('',#692,#693,#492,.T.);
#890=EDGE_CURVE('',#693,#691,#344,.T.);
#891=EDGE_CURVE('',#690,#692,#345,.T.);
#892=EDGE_CURVE('',#694,#695,#493,.T.);
#893=EDGE_CURVE('',#695,#693,#346,.T.);
#894=EDGE_CURVE('',#692,#694,#347,.T.);
#895=EDGE_CURVE('',#696,#697,#494,.T.);
#896=EDGE_CURVE('',#697,#695,#348,.T.);
#897=EDGE_CURVE('',#694,#696,#349,.T.);
#898=EDGE_CURVE('',#698,#699,#495,.T.);
#899=EDGE_CURVE('',#699,#697,#350,.T.);
#900=EDGE_CURVE('',#696,#698,#351,.T.);
#901=EDGE_CURVE('',#700,#701,#496,.T.);
#902=EDGE_CURVE('',#701,#699,#352,.T.);
#903=EDGE_CURVE('',#698,#700,#353,.T.);
#904=EDGE_CURVE('',#702,#703,#497,.T.);
#905=EDGE_CURVE('',#703,#701,#354,.T.);
#906=EDGE_CURVE('',#700,#702,#355,.T.);
#907=EDGE_CURVE('',#704,#705,#498,.T.);
#908=EDGE_CURVE('',#705,#703,#356,.T.);
#909=EDGE_CURVE('',#702,#704,#357,.T.);
#910=EDGE_CURVE('',#706,#707,#499,.T.);
#911=EDGE_CURVE('',#706,#708,#358,.T.);
#912=EDGE_CURVE('',#709,#708,#277,.T.);
#913=EDGE_CURVE('',#709,#707,#359,.T.);
#914=EDGE_CURVE('',#710,#711,#500,.T.);
#915=EDGE_CURVE('',#711,#712,#360,.T.);
#916=EDGE_CURVE('',#712,#713,#278,.T.);
#917=EDGE_CURVE('',#713,#710,#361,.T.);
#918=EDGE_CURVE('',#714,#715,#501,.T.);
#919=EDGE_CURVE('',#715,#711,#362,.T.);
#920=EDGE_CURVE('',#710,#714,#363,.T.);
#921=EDGE_CURVE('',#716,#717,#502,.T.);
#922=EDGE_CURVE('',#717,#715,#364,.T.);
#923=EDGE_CURVE('',#714,#716,#365,.T.);
#924=EDGE_CURVE('',#718,#719,#503,.T.);
#925=EDGE_CURVE('',#719,#717,#366,.T.);
#926=EDGE_CURVE('',#716,#718,#367,.T.);
#927=EDGE_CURVE('',#720,#721,#504,.T.);
#928=EDGE_CURVE('',#721,#719,#368,.T.);
#929=EDGE_CURVE('',#718,#720,#369,.T.);
#930=EDGE_CURVE('',#722,#723,#505,.T.);
#931=EDGE_CURVE('',#723,#721,#370,.T.);
#932=EDGE_CURVE('',#720,#722,#371,.T.);
#933=EDGE_CURVE('',#724,#725,#506,.T.);
#934=EDGE_CURVE('',#725,#723,#372,.T.);
#935=EDGE_CURVE('',#722,#724,#373,.T.);
#936=EDGE_CURVE('',#726,#727,#507,.T.);
#937=EDGE_CURVE('',#727,#725,#374,.T.);
#938=EDGE_CURVE('',#724,#726,#375,.T.);
#939=EDGE_CURVE('',#728,#729,#508,.T.);
#940=EDGE_CURVE('',#729,#727,#376,.T.);
#941=EDGE_CURVE('',#726,#728,#377,.T.);
#942=EDGE_CURVE('',#730,#731,#509,.T.);
#943=EDGE_CURVE('',#730,#732,#378,.T.);
#944=EDGE_CURVE('',#733,#732,#279,.T.);
#945=EDGE_CURVE('',#733,#731,#379,.T.);
#946=EDGE_CURVE('',#734,#735,#510,.T.);
#947=EDGE_CURVE('',#735,#736,#380,.T.);
#948=EDGE_CURVE('',#737,#736,#280,.T.);
#949=EDGE_CURVE('',#734,#737,#381,.T.);
#950=EDGE_CURVE('',#738,#739,#511,.T.);
#951=EDGE_CURVE('',#739,#735,#382,.T.);
#952=EDGE_CURVE('',#738,#734,#383,.T.);
#953=EDGE_CURVE('',#740,#741,#512,.T.);
#954=EDGE_CURVE('',#741,#739,#384,.T.);
#955=EDGE_CURVE('',#740,#738,#385,.T.);
#956=EDGE_CURVE('',#742,#743,#513,.T.);
#957=EDGE_CURVE('',#743,#741,#386,.T.);
#958=EDGE_CURVE('',#742,#740,#387,.T.);
#959=EDGE_CURVE('',#744,#745,#514,.T.);
#960=EDGE_CURVE('',#745,#743,#388,.T.);
#961=EDGE_CURVE('',#744,#742,#389,.T.);
#962=EDGE_CURVE('',#746,#747,#515,.T.);
#963=EDGE_CURVE('',#747,#745,#390,.T.);
#964=EDGE_CURVE('',#746,#744,#391,.T.);
#965=EDGE_CURVE('',#748,#749,#516,.T.);
#966=EDGE_CURVE('',#749,#747,#392,.T.);
#967=EDGE_CURVE('',#748,#746,#393,.T.);
#968=EDGE_CURVE('',#750,#751,#517,.T.);
#969=EDGE_CURVE('',#751,#749,#394,.T.);
#970=EDGE_CURVE('',#750,#748,#395,.T.);
#971=EDGE_CURVE('',#752,#753,#518,.T.);
#972=EDGE_CURVE('',#753,#751,#396,.T.);
#973=EDGE_CURVE('',#752,#750,#397,.T.);
#974=EDGE_CURVE('',#754,#755,#519,.T.);
#975=EDGE_CURVE('',#756,#754,#398,.T.);
#976=EDGE_CURVE('',#757,#756,#281,.T.);
#977=EDGE_CURVE('',#757,#755,#399,.T.);
#978=EDGE_CURVE('',#758,#759,#520,.T.);
#979=EDGE_CURVE('',#759,#760,#400,.T.);
#980=EDGE_CURVE('',#761,#760,#282,.T.);
#981=EDGE_CURVE('',#758,#761,#401,.T.);
#982=EDGE_CURVE('',#762,#763,#521,.T.);
#983=EDGE_CURVE('',#763,#759,#402,.T.);
#984=EDGE_CURVE('',#762,#758,#403,.T.);
#985=EDGE_CURVE('',#764,#765,#522,.T.);
#986=EDGE_CURVE('',#765,#763,#404,.T.);
#987=EDGE_CURVE('',#764,#762,#405,.T.);
#988=EDGE_CURVE('',#766,#767,#523,.T.);
#989=EDGE_CURVE('',#767,#765,#406,.T.);
#990=EDGE_CURVE('',#766,#764,#407,.T.);
#991=EDGE_CURVE('',#768,#769,#524,.T.);
#992=EDGE_CURVE('',#769,#767,#408,.T.);
#993=EDGE_CURVE('',#768,#766,#409,.T.);
#994=EDGE_CURVE('',#770,#771,#525,.T.);
#995=EDGE_CURVE('',#771,#769,#410,.T.);
#996=EDGE_CURVE('',#770,#768,#411,.T.);
#997=EDGE_CURVE('',#772,#773,#526,.T.);
#998=EDGE_CURVE('',#773,#771,#412,.T.);
#999=EDGE_CURVE('',#772,#770,#413,.T.);
#1000=EDGE_CURVE('',#774,#775,#527,.T.);
#1001=EDGE_CURVE('',#775,#773,#414,.T.);
#1002=EDGE_CURVE('',#774,#772,#415,.T.);
#1003=EDGE_CURVE('',#776,#777,#528,.T.);
#1004=EDGE_CURVE('',#777,#775,#416,.T.);
#1005=EDGE_CURVE('',#776,#774,#417,.T.);
#1006=EDGE_CURVE('',#778,#779,#529,.T.);
#1007=EDGE_CURVE('',#780,#778,#418,.T.);
#1008=EDGE_CURVE('',#781,#780,#283,.T.);
#1009=EDGE_CURVE('',#781,#779,#419,.T.);
#1010=EDGE_CURVE('',#779,#777,#420,.T.);
#1011=EDGE_CURVE('',#778,#776,#421,.T.);
#1012=EDGE_CURVE('',#760,#689,#422,.T.);
#1013=EDGE_CURVE('',#708,#781,#423,.T.);
#1014=EDGE_CURVE('',#704,#706,#424,.T.);
#1015=EDGE_CURVE('',#688,#761,#425,.T.);
#1016=EDGE_CURVE('',#707,#705,#426,.T.);
#1017=EDGE_CURVE('',#780,#709,#427,.T.);
#1018=EDGE_CURVE('',#755,#753,#428,.T.);
#1019=EDGE_CURVE('',#754,#752,#429,.T.);
#1020=EDGE_CURVE('',#736,#713,#430,.T.);
#1021=EDGE_CURVE('',#732,#757,#431,.T.);
#1022=EDGE_CURVE('',#728,#730,#432,.T.);
#1023=EDGE_CURVE('',#712,#737,#433,.T.);
#1024=EDGE_CURVE('',#731,#729,#434,.T.);
#1025=EDGE_CURVE('',#756,#733,#435,.T.);
#1026=EDGE_CURVE('',#782,#675,#436,.T.);
#1027=EDGE_CURVE('',#783,#674,#437,.T.);
#1028=EDGE_CURVE('',#782,#783,#530,.T.);
#1029=EDGE_CURVE('',#784,#782,#284,.T.);
#1030=EDGE_CURVE('',#785,#783,#285,.T.);
#1031=EDGE_CURVE('',#784,#785,#531,.T.);
#1032=EDGE_CURVE('',#672,#784,#438,.T.);
#1033=EDGE_CURVE('',#673,#785,#439,.T.);
#1034=EDGE_CURVE('',#786,#786,#286,.T.);
#1035=EDGE_CURVE('',#786,#787,#532,.T.);
#1036=EDGE_CURVE('',#787,#787,#287,.T.);
#1037=EDGE_CURVE('',#628,#782,#440,.T.);
#1038=EDGE_CURVE('',#784,#629,#441,.T.);
#1039=EDGE_CURVE('',#788,#659,#442,.T.);
#1040=EDGE_CURVE('',#789,#658,#443,.T.);
#1041=EDGE_CURVE('',#788,#789,#533,.T.);
#1042=EDGE_CURVE('',#790,#788,#288,.T.);
#1043=EDGE_CURVE('',#791,#789,#289,.T.);
#1044=EDGE_CURVE('',#790,#791,#534,.T.);
#1045=EDGE_CURVE('',#656,#790,#444,.T.);
#1046=EDGE_CURVE('',#657,#791,#445,.T.);
#1047=EDGE_CURVE('',#792,#792,#290,.T.);
#1048=EDGE_CURVE('',#792,#793,#535,.T.);
#1049=EDGE_CURVE('',#793,#793,#291,.T.);
#1050=EDGE_CURVE('',#642,#788,#446,.T.);
#1051=EDGE_CURVE('',#790,#643,#447,.T.);
#1052=EDGE_CURVE('',#683,#681,#448,.T.);
#1053=EDGE_CURVE('',#682,#680,#449,.T.);
#1054=EDGE_CURVE('',#638,#685,#450,.T.);
#1055=EDGE_CURVE('',#634,#636,#451,.T.);
#1056=EDGE_CURVE('',#637,#635,#452,.T.);
#1057=EDGE_CURVE('',#684,#639,#453,.T.);
#1058=EDGE_CURVE('',#794,#794,#292,.T.);
#1059=EDGE_CURVE('',#667,#665,#454,.T.);
#1060=EDGE_CURVE('',#666,#664,#455,.T.);
#1061=EDGE_CURVE('',#652,#669,#456,.T.);
#1062=EDGE_CURVE('',#648,#650,#457,.T.);
#1063=EDGE_CURVE('',#651,#649,#458,.T.);
#1064=EDGE_CURVE('',#668,#653,#459,.T.);
#1065=EDGE_CURVE('',#795,#795,#293,.T.);
#1066=EDGE_CURVE('',#796,#797,#460,.T.);
#1067=EDGE_CURVE('',#798,#796,#461,.T.);
#1068=EDGE_CURVE('',#798,#795,#536,.T.);
#1069=EDGE_CURVE('',#797,#798,#462,.T.);
#1070=EDGE_CURVE('',#799,#800,#463,.T.);
#1071=EDGE_CURVE('',#801,#799,#464,.T.);
#1072=EDGE_CURVE('',#801,#794,#537,.T.);
#1073=EDGE_CURVE('',#800,#801,#465,.T.);
#1074=EDGE_CURVE('',#802,#803,#294,.T.);
#1075=EDGE_CURVE('',#803,#804,#538,.T.);
#1076=EDGE_CURVE('',#804,#805,#295,.T.);
#1077=EDGE_CURVE('',#805,#802,#539,.T.);
#1078=EDGE_CURVE('',#804,#805,#296,.T.);
#1079=EDGE_CURVE('',#802,#803,#297,.T.);
#1080=EDGE_CURVE('',#806,#802,#540,.T.);
#1081=EDGE_CURVE('',#806,#807,#298,.T.);
#1082=EDGE_CURVE('',#807,#803,#541,.T.);
#1083=EDGE_CURVE('',#808,#805,#542,.T.);
#1084=EDGE_CURVE('',#808,#806,#543,.T.);
#1085=EDGE_CURVE('',#809,#804,#544,.T.);
#1086=EDGE_CURVE('',#809,#808,#299,.T.);
#1087=EDGE_CURVE('',#807,#809,#545,.T.);
#1088=ORIENTED_EDGE('',*,*,#810,.T.);
#1089=ORIENTED_EDGE('',*,*,#811,.T.);
#1090=ORIENTED_EDGE('',*,*,#812,.F.);
#1091=ORIENTED_EDGE('',*,*,#813,.T.);
#1092=ORIENTED_EDGE('',*,*,#814,.T.);
#1093=ORIENTED_EDGE('',*,*,#815,.T.);
#1094=ORIENTED_EDGE('',*,*,#810,.F.);
#1095=ORIENTED_EDGE('',*,*,#816,.T.);
#1096=ORIENTED_EDGE('',*,*,#817,.T.);
#1097=ORIENTED_EDGE('',*,*,#818,.T.);
#1098=ORIENTED_EDGE('',*,*,#814,.F.);
#1099=ORIENTED_EDGE('',*,*,#819,.T.);
#1100=ORIENTED_EDGE('',*,*,#820,.T.);
#1101=ORIENTED_EDGE('',*,*,#821,.T.);
#1102=ORIENTED_EDGE('',*,*,#817,.F.);
#1103=ORIENTED_EDGE('',*,*,#822,.T.);
#1104=ORIENTED_EDGE('',*,*,#823,.F.);
#1105=ORIENTED_EDGE('',*,*,#824,.T.);
#1106=ORIENTED_EDGE('',*,*,#825,.F.);
#1107=ORIENTED_EDGE('',*,*,#826,.T.);
#1108=ORIENTED_EDGE('',*,*,#827,.T.);
#1109=ORIENTED_EDGE('',*,*,#828,.T.);
#1110=ORIENTED_EDGE('',*,*,#829,.F.);
#1111=ORIENTED_EDGE('',*,*,#830,.T.);
#1112=ORIENTED_EDGE('',*,*,#831,.T.);
#1113=ORIENTED_EDGE('',*,*,#832,.T.);
#1114=ORIENTED_EDGE('',*,*,#827,.F.);
#1115=ORIENTED_EDGE('',*,*,#833,.T.);
#1116=ORIENTED_EDGE('',*,*,#834,.T.);
#1117=ORIENTED_EDGE('',*,*,#835,.T.);
#1118=ORIENTED_EDGE('',*,*,#831,.F.);
#1119=ORIENTED_EDGE('',*,*,#836,.T.);
#1120=ORIENTED_EDGE('',*,*,#837,.T.);
#1121=ORIENTED_EDGE('',*,*,#838,.T.);
#1122=ORIENTED_EDGE('',*,*,#834,.F.);
#1123=ORIENTED_EDGE('',*,*,#839,.T.);
#1124=ORIENTED_EDGE('',*,*,#840,.F.);
#1125=ORIENTED_EDGE('',*,*,#841,.T.);
#1126=ORIENTED_EDGE('',*,*,#842,.F.);
#1127=ORIENTED_EDGE('',*,*,#843,.T.);
#1128=ORIENTED_EDGE('',*,*,#844,.T.);
#1129=ORIENTED_EDGE('',*,*,#845,.T.);
#1130=ORIENTED_EDGE('',*,*,#846,.T.);
#1131=ORIENTED_EDGE('',*,*,#847,.F.);
#1132=ORIENTED_EDGE('',*,*,#848,.F.);
#1133=ORIENTED_EDGE('',*,*,#849,.F.);
#1134=ORIENTED_EDGE('',*,*,#850,.T.);
#1135=ORIENTED_EDGE('',*,*,#851,.T.);
#1136=ORIENTED_EDGE('',*,*,#844,.F.);
#1137=ORIENTED_EDGE('',*,*,#852,.F.);
#1138=ORIENTED_EDGE('',*,*,#853,.T.);
#1139=ORIENTED_EDGE('',*,*,#854,.T.);
#1140=ORIENTED_EDGE('',*,*,#850,.F.);
#1141=ORIENTED_EDGE('',*,*,#855,.F.);
#1142=ORIENTED_EDGE('',*,*,#856,.T.);
#1143=ORIENTED_EDGE('',*,*,#857,.T.);
#1144=ORIENTED_EDGE('',*,*,#853,.F.);
#1145=ORIENTED_EDGE('',*,*,#858,.F.);
#1146=ORIENTED_EDGE('',*,*,#859,.F.);
#1147=ORIENTED_EDGE('',*,*,#860,.F.);
#1148=ORIENTED_EDGE('',*,*,#861,.F.);
#1149=ORIENTED_EDGE('',*,*,#862,.T.);
#1150=ORIENTED_EDGE('',*,*,#863,.T.);
#1151=ORIENTED_EDGE('',*,*,#864,.T.);
#1152=ORIENTED_EDGE('',*,*,#865,.T.);
#1153=ORIENTED_EDGE('',*,*,#866,.F.);
#1154=ORIENTED_EDGE('',*,*,#867,.F.);
#1155=ORIENTED_EDGE('',*,*,#868,.F.);
#1156=ORIENTED_EDGE('',*,*,#869,.T.);
#1157=ORIENTED_EDGE('',*,*,#870,.T.);
#1158=ORIENTED_EDGE('',*,*,#863,.F.);
#1159=ORIENTED_EDGE('',*,*,#871,.F.);
#1160=ORIENTED_EDGE('',*,*,#872,.T.);
#1161=ORIENTED_EDGE('',*,*,#873,.T.);
#1162=ORIENTED_EDGE('',*,*,#869,.F.);
#1163=ORIENTED_EDGE('',*,*,#874,.F.);
#1164=ORIENTED_EDGE('',*,*,#875,.T.);
#1165=ORIENTED_EDGE('',*,*,#876,.T.);
#1166=ORIENTED_EDGE('',*,*,#872,.F.);
#1167=ORIENTED_EDGE('',*,*,#877,.F.);
#1168=ORIENTED_EDGE('',*,*,#878,.F.);
#1169=ORIENTED_EDGE('',*,*,#879,.F.);
#1170=ORIENTED_EDGE('',*,*,#880,.F.);
#1171=ORIENTED_EDGE('',*,*,#881,.T.);
#1172=ORIENTED_EDGE('',*,*,#882,.T.);
#1173=ORIENTED_EDGE('',*,*,#883,.T.);
#1174=ORIENTED_EDGE('',*,*,#884,.T.);
#1175=ORIENTED_EDGE('',*,*,#885,.T.);
#1176=ORIENTED_EDGE('',*,*,#886,.T.);
#1177=ORIENTED_EDGE('',*,*,#887,.T.);
#1178=ORIENTED_EDGE('',*,*,#882,.F.);
#1179=ORIENTED_EDGE('',*,*,#888,.T.);
#1180=ORIENTED_EDGE('',*,*,#889,.T.);
#1181=ORIENTED_EDGE('',*,*,#890,.T.);
#1182=ORIENTED_EDGE('',*,*,#886,.F.);
#1183=ORIENTED_EDGE('',*,*,#891,.T.);
#1184=ORIENTED_EDGE('',*,*,#892,.T.);
#1185=ORIENTED_EDGE('',*,*,#893,.T.);
#1186=ORIENTED_EDGE('',*,*,#889,.F.);
#1187=ORIENTED_EDGE('',*,*,#894,.T.);
#1188=ORIENTED_EDGE('',*,*,#895,.T.);
#1189=ORIENTED_EDGE('',*,*,#896,.T.);
#1190=ORIENTED_EDGE('',*,*,#892,.F.);
#1191=ORIENTED_EDGE('',*,*,#897,.T.);
#1192=ORIENTED_EDGE('',*,*,#898,.T.);
#1193=ORIENTED_EDGE('',*,*,#899,.T.);
#1194=ORIENTED_EDGE('',*,*,#895,.F.);
#1195=ORIENTED_EDGE('',*,*,#900,.T.);
#1196=ORIENTED_EDGE('',*,*,#901,.T.);
#1197=ORIENTED_EDGE('',*,*,#902,.T.);
#1198=ORIENTED_EDGE('',*,*,#898,.F.);
#1199=ORIENTED_EDGE('',*,*,#903,.T.);
#1200=ORIENTED_EDGE('',*,*,#904,.T.);
#1201=ORIENTED_EDGE('',*,*,#905,.T.);
#1202=ORIENTED_EDGE('',*,*,#901,.F.);
#1203=ORIENTED_EDGE('',*,*,#906,.T.);
#1204=ORIENTED_EDGE('',*,*,#907,.T.);
#1205=ORIENTED_EDGE('',*,*,#908,.T.);
#1206=ORIENTED_EDGE('',*,*,#904,.F.);
#1207=ORIENTED_EDGE('',*,*,#909,.T.);
#1208=ORIENTED_EDGE('',*,*,#910,.F.);
#1209=ORIENTED_EDGE('',*,*,#911,.T.);
#1210=ORIENTED_EDGE('',*,*,#912,.F.);
#1211=ORIENTED_EDGE('',*,*,#913,.T.);
#1212=ORIENTED_EDGE('',*,*,#914,.T.);
#1213=ORIENTED_EDGE('',*,*,#915,.T.);
#1214=ORIENTED_EDGE('',*,*,#916,.T.);
#1215=ORIENTED_EDGE('',*,*,#917,.T.);
#1216=ORIENTED_EDGE('',*,*,#918,.T.);
#1217=ORIENTED_EDGE('',*,*,#919,.T.);
#1218=ORIENTED_EDGE('',*,*,#914,.F.);
#1219=ORIENTED_EDGE('',*,*,#920,.T.);
#1220=ORIENTED_EDGE('',*,*,#921,.T.);
#1221=ORIENTED_EDGE('',*,*,#922,.T.);
#1222=ORIENTED_EDGE('',*,*,#918,.F.);
#1223=ORIENTED_EDGE('',*,*,#923,.T.);
#1224=ORIENTED_EDGE('',*,*,#924,.T.);
#1225=ORIENTED_EDGE('',*,*,#925,.T.);
#1226=ORIENTED_EDGE('',*,*,#921,.F.);
#1227=ORIENTED_EDGE('',*,*,#926,.T.);
#1228=ORIENTED_EDGE('',*,*,#927,.T.);
#1229=ORIENTED_EDGE('',*,*,#928,.T.);
#1230=ORIENTED_EDGE('',*,*,#924,.F.);
#1231=ORIENTED_EDGE('',*,*,#929,.T.);
#1232=ORIENTED_EDGE('',*,*,#930,.T.);
#1233=ORIENTED_EDGE('',*,*,#931,.T.);
#1234=ORIENTED_EDGE('',*,*,#927,.F.);
#1235=ORIENTED_EDGE('',*,*,#932,.T.);
#1236=ORIENTED_EDGE('',*,*,#933,.T.);
#1237=ORIENTED_EDGE('',*,*,#934,.T.);
#1238=ORIENTED_EDGE('',*,*,#930,.F.);
#1239=ORIENTED_EDGE('',*,*,#935,.T.);
#1240=ORIENTED_EDGE('',*,*,#936,.T.);
#1241=ORIENTED_EDGE('',*,*,#937,.T.);
#1242=ORIENTED_EDGE('',*,*,#933,.F.);
#1243=ORIENTED_EDGE('',*,*,#938,.T.);
#1244=ORIENTED_EDGE('',*,*,#939,.T.);
#1245=ORIENTED_EDGE('',*,*,#940,.T.);
#1246=ORIENTED_EDGE('',*,*,#936,.F.);
#1247=ORIENTED_EDGE('',*,*,#941,.T.);
#1248=ORIENTED_EDGE('',*,*,#942,.F.);
#1249=ORIENTED_EDGE('',*,*,#943,.T.);
#1250=ORIENTED_EDGE('',*,*,#944,.F.);
#1251=ORIENTED_EDGE('',*,*,#945,.T.);
#1252=ORIENTED_EDGE('',*,*,#946,.T.);
#1253=ORIENTED_EDGE('',*,*,#947,.T.);
#1254=ORIENTED_EDGE('',*,*,#948,.F.);
#1255=ORIENTED_EDGE('',*,*,#949,.F.);
#1256=ORIENTED_EDGE('',*,*,#950,.T.);
#1257=ORIENTED_EDGE('',*,*,#951,.T.);
#1258=ORIENTED_EDGE('',*,*,#946,.F.);
#1259=ORIENTED_EDGE('',*,*,#952,.F.);
#1260=ORIENTED_EDGE('',*,*,#953,.T.);
#1261=ORIENTED_EDGE('',*,*,#954,.T.);
#1262=ORIENTED_EDGE('',*,*,#950,.F.);
#1263=ORIENTED_EDGE('',*,*,#955,.F.);
#1264=ORIENTED_EDGE('',*,*,#956,.T.);
#1265=ORIENTED_EDGE('',*,*,#957,.T.);
#1266=ORIENTED_EDGE('',*,*,#953,.F.);
#1267=ORIENTED_EDGE('',*,*,#958,.F.);
#1268=ORIENTED_EDGE('',*,*,#959,.T.);
#1269=ORIENTED_EDGE('',*,*,#960,.T.);
#1270=ORIENTED_EDGE('',*,*,#956,.F.);
#1271=ORIENTED_EDGE('',*,*,#961,.F.);
#1272=ORIENTED_EDGE('',*,*,#962,.T.);
#1273=ORIENTED_EDGE('',*,*,#963,.T.);
#1274=ORIENTED_EDGE('',*,*,#959,.F.);
#1275=ORIENTED_EDGE('',*,*,#964,.F.);
#1276=ORIENTED_EDGE('',*,*,#965,.T.);
#1277=ORIENTED_EDGE('',*,*,#966,.T.);
#1278=ORIENTED_EDGE('',*,*,#962,.F.);
#1279=ORIENTED_EDGE('',*,*,#967,.F.);
#1280=ORIENTED_EDGE('',*,*,#968,.T.);
#1281=ORIENTED_EDGE('',*,*,#969,.T.);
#1282=ORIENTED_EDGE('',*,*,#965,.F.);
#1283=ORIENTED_EDGE('',*,*,#970,.F.);
#1284=ORIENTED_EDGE('',*,*,#971,.T.);
#1285=ORIENTED_EDGE('',*,*,#972,.T.);
#1286=ORIENTED_EDGE('',*,*,#968,.F.);
#1287=ORIENTED_EDGE('',*,*,#973,.F.);
#1288=ORIENTED_EDGE('',*,*,#974,.F.);
#1289=ORIENTED_EDGE('',*,*,#975,.F.);
#1290=ORIENTED_EDGE('',*,*,#976,.F.);
#1291=ORIENTED_EDGE('',*,*,#977,.T.);
#1292=ORIENTED_EDGE('',*,*,#978,.T.);
#1293=ORIENTED_EDGE('',*,*,#979,.T.);
#1294=ORIENTED_EDGE('',*,*,#980,.F.);
#1295=ORIENTED_EDGE('',*,*,#981,.F.);
#1296=ORIENTED_EDGE('',*,*,#982,.T.);
#1297=ORIENTED_EDGE('',*,*,#983,.T.);
#1298=ORIENTED_EDGE('',*,*,#978,.F.);
#1299=ORIENTED_EDGE('',*,*,#984,.F.);
#1300=ORIENTED_EDGE('',*,*,#985,.T.);
#1301=ORIENTED_EDGE('',*,*,#986,.T.);
#1302=ORIENTED_EDGE('',*,*,#982,.F.);
#1303=ORIENTED_EDGE('',*,*,#987,.F.);
#1304=ORIENTED_EDGE('',*,*,#988,.T.);
#1305=ORIENTED_EDGE('',*,*,#989,.T.);
#1306=ORIENTED_EDGE('',*,*,#985,.F.);
#1307=ORIENTED_EDGE('',*,*,#990,.F.);
#1308=ORIENTED_EDGE('',*,*,#991,.T.);
#1309=ORIENTED_EDGE('',*,*,#992,.T.);
#1310=ORIENTED_EDGE('',*,*,#988,.F.);
#1311=ORIENTED_EDGE('',*,*,#993,.F.);
#1312=ORIENTED_EDGE('',*,*,#994,.T.);
#1313=ORIENTED_EDGE('',*,*,#995,.T.);
#1314=ORIENTED_EDGE('',*,*,#991,.F.);
#1315=ORIENTED_EDGE('',*,*,#996,.F.);
#1316=ORIENTED_EDGE('',*,*,#997,.T.);
#1317=ORIENTED_EDGE('',*,*,#998,.T.);
#1318=ORIENTED_EDGE('',*,*,#994,.F.);
#1319=ORIENTED_EDGE('',*,*,#999,.F.);
#1320=ORIENTED_EDGE('',*,*,#1000,.T.);
#1321=ORIENTED_EDGE('',*,*,#1001,.T.);
#1322=ORIENTED_EDGE('',*,*,#997,.F.);
#1323=ORIENTED_EDGE('',*,*,#1002,.F.);
#1324=ORIENTED_EDGE('',*,*,#1003,.T.);
#1325=ORIENTED_EDGE('',*,*,#1004,.T.);
#1326=ORIENTED_EDGE('',*,*,#1000,.F.);
#1327=ORIENTED_EDGE('',*,*,#1005,.F.);
#1328=ORIENTED_EDGE('',*,*,#1006,.F.);
#1329=ORIENTED_EDGE('',*,*,#1007,.F.);
#1330=ORIENTED_EDGE('',*,*,#1008,.F.);
#1331=ORIENTED_EDGE('',*,*,#1009,.T.);
#1332=ORIENTED_EDGE('',*,*,#1006,.T.);
#1333=ORIENTED_EDGE('',*,*,#1010,.T.);
#1334=ORIENTED_EDGE('',*,*,#1003,.F.);
#1335=ORIENTED_EDGE('',*,*,#1011,.F.);
#1336=ORIENTED_EDGE('',*,*,#1012,.F.);
#1337=ORIENTED_EDGE('',*,*,#979,.F.);
#1338=ORIENTED_EDGE('',*,*,#983,.F.);
#1339=ORIENTED_EDGE('',*,*,#986,.F.);
#1340=ORIENTED_EDGE('',*,*,#989,.F.);
#1341=ORIENTED_EDGE('',*,*,#992,.F.);
#1342=ORIENTED_EDGE('',*,*,#995,.F.);
#1343=ORIENTED_EDGE('',*,*,#998,.F.);
#1344=ORIENTED_EDGE('',*,*,#1001,.F.);
#1345=ORIENTED_EDGE('',*,*,#1004,.F.);
#1346=ORIENTED_EDGE('',*,*,#1010,.F.);
#1347=ORIENTED_EDGE('',*,*,#1009,.F.);
#1348=ORIENTED_EDGE('',*,*,#1013,.F.);
#1349=ORIENTED_EDGE('',*,*,#911,.F.);
#1350=ORIENTED_EDGE('',*,*,#1014,.F.);
#1351=ORIENTED_EDGE('',*,*,#909,.F.);
#1352=ORIENTED_EDGE('',*,*,#906,.F.);
#1353=ORIENTED_EDGE('',*,*,#903,.F.);
#1354=ORIENTED_EDGE('',*,*,#900,.F.);
#1355=ORIENTED_EDGE('',*,*,#897,.F.);
#1356=ORIENTED_EDGE('',*,*,#894,.F.);
#1357=ORIENTED_EDGE('',*,*,#891,.F.);
#1358=ORIENTED_EDGE('',*,*,#888,.F.);
#1359=ORIENTED_EDGE('',*,*,#885,.F.);
#1360=ORIENTED_EDGE('',*,*,#1015,.F.);
#1361=ORIENTED_EDGE('',*,*,#883,.F.);
#1362=ORIENTED_EDGE('',*,*,#887,.F.);
#1363=ORIENTED_EDGE('',*,*,#890,.F.);
#1364=ORIENTED_EDGE('',*,*,#893,.F.);
#1365=ORIENTED_EDGE('',*,*,#896,.F.);
#1366=ORIENTED_EDGE('',*,*,#899,.F.);
#1367=ORIENTED_EDGE('',*,*,#902,.F.);
#1368=ORIENTED_EDGE('',*,*,#905,.F.);
#1369=ORIENTED_EDGE('',*,*,#908,.F.);
#1370=ORIENTED_EDGE('',*,*,#1016,.F.);
#1371=ORIENTED_EDGE('',*,*,#913,.F.);
#1372=ORIENTED_EDGE('',*,*,#1017,.F.);
#1373=ORIENTED_EDGE('',*,*,#1007,.T.);
#1374=ORIENTED_EDGE('',*,*,#1011,.T.);
#1375=ORIENTED_EDGE('',*,*,#1005,.T.);
#1376=ORIENTED_EDGE('',*,*,#1002,.T.);
#1377=ORIENTED_EDGE('',*,*,#999,.T.);
#1378=ORIENTED_EDGE('',*,*,#996,.T.);
#1379=ORIENTED_EDGE('',*,*,#993,.T.);
#1380=ORIENTED_EDGE('',*,*,#990,.T.);
#1381=ORIENTED_EDGE('',*,*,#987,.T.);
#1382=ORIENTED_EDGE('',*,*,#984,.T.);
#1383=ORIENTED_EDGE('',*,*,#981,.T.);
#1384=ORIENTED_EDGE('',*,*,#974,.T.);
#1385=ORIENTED_EDGE('',*,*,#1018,.T.);
#1386=ORIENTED_EDGE('',*,*,#971,.F.);
#1387=ORIENTED_EDGE('',*,*,#1019,.F.);
#1388=ORIENTED_EDGE('',*,*,#1020,.F.);
#1389=ORIENTED_EDGE('',*,*,#947,.F.);
#1390=ORIENTED_EDGE('',*,*,#951,.F.);
#1391=ORIENTED_EDGE('',*,*,#954,.F.);
#1392=ORIENTED_EDGE('',*,*,#957,.F.);
#1393=ORIENTED_EDGE('',*,*,#960,.F.);
#1394=ORIENTED_EDGE('',*,*,#963,.F.);
#1395=ORIENTED_EDGE('',*,*,#966,.F.);
#1396=ORIENTED_EDGE('',*,*,#969,.F.);
#1397=ORIENTED_EDGE('',*,*,#972,.F.);
#1398=ORIENTED_EDGE('',*,*,#1018,.F.);
#1399=ORIENTED_EDGE('',*,*,#977,.F.);
#1400=ORIENTED_EDGE('',*,*,#1021,.F.);
#1401=ORIENTED_EDGE('',*,*,#943,.F.);
#1402=ORIENTED_EDGE('',*,*,#1022,.F.);
#1403=ORIENTED_EDGE('',*,*,#941,.F.);
#1404=ORIENTED_EDGE('',*,*,#938,.F.);
#1405=ORIENTED_EDGE('',*,*,#935,.F.);
#1406=ORIENTED_EDGE('',*,*,#932,.F.);
#1407=ORIENTED_EDGE('',*,*,#929,.F.);
#1408=ORIENTED_EDGE('',*,*,#926,.F.);
#1409=ORIENTED_EDGE('',*,*,#923,.F.);
#1410=ORIENTED_EDGE('',*,*,#920,.F.);
#1411=ORIENTED_EDGE('',*,*,#917,.F.);
#1412=ORIENTED_EDGE('',*,*,#1023,.F.);
#1413=ORIENTED_EDGE('',*,*,#915,.F.);
#1414=ORIENTED_EDGE('',*,*,#919,.F.);
#1415=ORIENTED_EDGE('',*,*,#922,.F.);
#1416=ORIENTED_EDGE('',*,*,#925,.F.);
#1417=ORIENTED_EDGE('',*,*,#928,.F.);
#1418=ORIENTED_EDGE('',*,*,#931,.F.);
#1419=ORIENTED_EDGE('',*,*,#934,.F.);
#1420=ORIENTED_EDGE('',*,*,#937,.F.);
#1421=ORIENTED_EDGE('',*,*,#940,.F.);
#1422=ORIENTED_EDGE('',*,*,#1024,.F.);
#1423=ORIENTED_EDGE('',*,*,#945,.F.);
#1424=ORIENTED_EDGE('',*,*,#1025,.F.);
#1425=ORIENTED_EDGE('',*,*,#975,.T.);
#1426=ORIENTED_EDGE('',*,*,#1019,.T.);
#1427=ORIENTED_EDGE('',*,*,#973,.T.);
#1428=ORIENTED_EDGE('',*,*,#970,.T.);
#1429=ORIENTED_EDGE('',*,*,#967,.T.);
#1430=ORIENTED_EDGE('',*,*,#964,.T.);
#1431=ORIENTED_EDGE('',*,*,#961,.T.);
#1432=ORIENTED_EDGE('',*,*,#958,.T.);
#1433=ORIENTED_EDGE('',*,*,#955,.T.);
#1434=ORIENTED_EDGE('',*,*,#952,.T.);
#1435=ORIENTED_EDGE('',*,*,#949,.T.);
#1436=ORIENTED_EDGE('',*,*,#942,.T.);
#1437=ORIENTED_EDGE('',*,*,#1024,.T.);
#1438=ORIENTED_EDGE('',*,*,#939,.F.);
#1439=ORIENTED_EDGE('',*,*,#1022,.T.);
#1440=ORIENTED_EDGE('',*,*,#1023,.T.);
#1441=ORIENTED_EDGE('',*,*,#948,.T.);
#1442=ORIENTED_EDGE('',*,*,#1020,.T.);
#1443=ORIENTED_EDGE('',*,*,#916,.F.);
#1444=ORIENTED_EDGE('',*,*,#910,.T.);
#1445=ORIENTED_EDGE('',*,*,#1016,.T.);
#1446=ORIENTED_EDGE('',*,*,#907,.F.);
#1447=ORIENTED_EDGE('',*,*,#1014,.T.);
#1448=ORIENTED_EDGE('',*,*,#1015,.T.);
#1449=ORIENTED_EDGE('',*,*,#980,.T.);
#1450=ORIENTED_EDGE('',*,*,#1012,.T.);
#1451=ORIENTED_EDGE('',*,*,#884,.F.);
#1452=ORIENTED_EDGE('',*,*,#1026,.T.);
#1453=ORIENTED_EDGE('',*,*,#867,.T.);
#1454=ORIENTED_EDGE('',*,*,#1027,.F.);
#1455=ORIENTED_EDGE('',*,*,#1028,.F.);
#1456=ORIENTED_EDGE('',*,*,#1029,.T.);
#1457=ORIENTED_EDGE('',*,*,#1028,.T.);
#1458=ORIENTED_EDGE('',*,*,#1030,.F.);
#1459=ORIENTED_EDGE('',*,*,#1031,.F.);
#1460=ORIENTED_EDGE('',*,*,#1032,.T.);
#1461=ORIENTED_EDGE('',*,*,#1031,.T.);
#1462=ORIENTED_EDGE('',*,*,#1033,.F.);
#1463=ORIENTED_EDGE('',*,*,#865,.F.);
#1464=ORIENTED_EDGE('',*,*,#1034,.F.);
#1465=ORIENTED_EDGE('',*,*,#1035,.T.);
#1466=ORIENTED_EDGE('',*,*,#1036,.F.);
#1467=ORIENTED_EDGE('',*,*,#1035,.F.);
#1468=ORIENTED_EDGE('',*,*,#1034,.T.);
#1469=ORIENTED_EDGE('',*,*,#866,.T.);
#1470=ORIENTED_EDGE('',*,*,#1033,.T.);
#1471=ORIENTED_EDGE('',*,*,#1030,.T.);
#1472=ORIENTED_EDGE('',*,*,#1027,.T.);
#1473=ORIENTED_EDGE('',*,*,#1037,.T.);
#1474=ORIENTED_EDGE('',*,*,#1029,.F.);
#1475=ORIENTED_EDGE('',*,*,#1038,.T.);
#1476=ORIENTED_EDGE('',*,*,#812,.T.);
#1477=ORIENTED_EDGE('',*,*,#1039,.T.);
#1478=ORIENTED_EDGE('',*,*,#848,.T.);
#1479=ORIENTED_EDGE('',*,*,#1040,.F.);
#1480=ORIENTED_EDGE('',*,*,#1041,.F.);
#1481=ORIENTED_EDGE('',*,*,#1042,.T.);
#1482=ORIENTED_EDGE('',*,*,#1041,.T.);
#1483=ORIENTED_EDGE('',*,*,#1043,.F.);
#1484=ORIENTED_EDGE('',*,*,#1044,.F.);
#1485=ORIENTED_EDGE('',*,*,#1045,.T.);
#1486=ORIENTED_EDGE('',*,*,#1044,.T.);
#1487=ORIENTED_EDGE('',*,*,#1046,.F.);
#1488=ORIENTED_EDGE('',*,*,#846,.F.);
#1489=ORIENTED_EDGE('',*,*,#1047,.F.);
#1490=ORIENTED_EDGE('',*,*,#1048,.T.);
#1491=ORIENTED_EDGE('',*,*,#1049,.F.);
#1492=ORIENTED_EDGE('',*,*,#1048,.F.);
#1493=ORIENTED_EDGE('',*,*,#1047,.T.);
#1494=ORIENTED_EDGE('',*,*,#847,.T.);
#1495=ORIENTED_EDGE('',*,*,#1046,.T.);
#1496=ORIENTED_EDGE('',*,*,#1043,.T.);
#1497=ORIENTED_EDGE('',*,*,#1040,.T.);
#1498=ORIENTED_EDGE('',*,*,#1050,.T.);
#1499=ORIENTED_EDGE('',*,*,#1042,.F.);
#1500=ORIENTED_EDGE('',*,*,#1051,.T.);
#1501=ORIENTED_EDGE('',*,*,#829,.T.);
#1502=ORIENTED_EDGE('',*,*,#878,.T.);
#1503=ORIENTED_EDGE('',*,*,#1052,.T.);
#1504=ORIENTED_EDGE('',*,*,#875,.F.);
#1505=ORIENTED_EDGE('',*,*,#1053,.F.);
#1506=ORIENTED_EDGE('',*,*,#1032,.F.);
#1507=ORIENTED_EDGE('',*,*,#864,.F.);
#1508=ORIENTED_EDGE('',*,*,#870,.F.);
#1509=ORIENTED_EDGE('',*,*,#873,.F.);
#1510=ORIENTED_EDGE('',*,*,#876,.F.);
#1511=ORIENTED_EDGE('',*,*,#1052,.F.);
#1512=ORIENTED_EDGE('',*,*,#881,.F.);
#1513=ORIENTED_EDGE('',*,*,#1054,.F.);
#1514=ORIENTED_EDGE('',*,*,#824,.F.);
#1515=ORIENTED_EDGE('',*,*,#1055,.F.);
#1516=ORIENTED_EDGE('',*,*,#822,.F.);
#1517=ORIENTED_EDGE('',*,*,#819,.F.);
#1518=ORIENTED_EDGE('',*,*,#816,.F.);
#1519=ORIENTED_EDGE('',*,*,#813,.F.);
#1520=ORIENTED_EDGE('',*,*,#1038,.F.);
#1521=ORIENTED_EDGE('',*,*,#1037,.F.);
#1522=ORIENTED_EDGE('',*,*,#811,.F.);
#1523=ORIENTED_EDGE('',*,*,#815,.F.);
#1524=ORIENTED_EDGE('',*,*,#818,.F.);
#1525=ORIENTED_EDGE('',*,*,#821,.F.);
#1526=ORIENTED_EDGE('',*,*,#1056,.F.);
#1527=ORIENTED_EDGE('',*,*,#826,.F.);
#1528=ORIENTED_EDGE('',*,*,#1057,.F.);
#1529=ORIENTED_EDGE('',*,*,#879,.T.);
#1530=ORIENTED_EDGE('',*,*,#1053,.T.);
#1531=ORIENTED_EDGE('',*,*,#877,.T.);
#1532=ORIENTED_EDGE('',*,*,#874,.T.);
#1533=ORIENTED_EDGE('',*,*,#871,.T.);
#1534=ORIENTED_EDGE('',*,*,#868,.T.);
#1535=ORIENTED_EDGE('',*,*,#1026,.F.);
#1536=ORIENTED_EDGE('',*,*,#1058,.F.);
#1537=ORIENTED_EDGE('',*,*,#1054,.T.);
#1538=ORIENTED_EDGE('',*,*,#880,.T.);
#1539=ORIENTED_EDGE('',*,*,#1057,.T.);
#1540=ORIENTED_EDGE('',*,*,#825,.T.);
#1541=ORIENTED_EDGE('',*,*,#859,.T.);
#1542=ORIENTED_EDGE('',*,*,#1059,.T.);
#1543=ORIENTED_EDGE('',*,*,#856,.F.);
#1544=ORIENTED_EDGE('',*,*,#1060,.F.);
#1545=ORIENTED_EDGE('',*,*,#1045,.F.);
#1546=ORIENTED_EDGE('',*,*,#845,.F.);
#1547=ORIENTED_EDGE('',*,*,#851,.F.);
#1548=ORIENTED_EDGE('',*,*,#854,.F.);
#1549=ORIENTED_EDGE('',*,*,#857,.F.);
#1550=ORIENTED_EDGE('',*,*,#1059,.F.);
#1551=ORIENTED_EDGE('',*,*,#862,.F.);
#1552=ORIENTED_EDGE('',*,*,#1061,.F.);
#1553=ORIENTED_EDGE('',*,*,#841,.F.);
#1554=ORIENTED_EDGE('',*,*,#1062,.F.);
#1555=ORIENTED_EDGE('',*,*,#839,.F.);
#1556=ORIENTED_EDGE('',*,*,#836,.F.);
#1557=ORIENTED_EDGE('',*,*,#833,.F.);
#1558=ORIENTED_EDGE('',*,*,#830,.F.);
#1559=ORIENTED_EDGE('',*,*,#1051,.F.);
#1560=ORIENTED_EDGE('',*,*,#1050,.F.);
#1561=ORIENTED_EDGE('',*,*,#828,.F.);
#1562=ORIENTED_EDGE('',*,*,#832,.F.);
#1563=ORIENTED_EDGE('',*,*,#835,.F.);
#1564=ORIENTED_EDGE('',*,*,#838,.F.);
#1565=ORIENTED_EDGE('',*,*,#1063,.F.);
#1566=ORIENTED_EDGE('',*,*,#843,.F.);
#1567=ORIENTED_EDGE('',*,*,#1064,.F.);
#1568=ORIENTED_EDGE('',*,*,#860,.T.);
#1569=ORIENTED_EDGE('',*,*,#1060,.T.);
#1570=ORIENTED_EDGE('',*,*,#858,.T.);
#1571=ORIENTED_EDGE('',*,*,#855,.T.);
#1572=ORIENTED_EDGE('',*,*,#852,.T.);
#1573=ORIENTED_EDGE('',*,*,#849,.T.);
#1574=ORIENTED_EDGE('',*,*,#1039,.F.);
#1575=ORIENTED_EDGE('',*,*,#1065,.F.);
#1576=ORIENTED_EDGE('',*,*,#1061,.T.);
#1577=ORIENTED_EDGE('',*,*,#861,.T.);
#1578=ORIENTED_EDGE('',*,*,#1064,.T.);
#1579=ORIENTED_EDGE('',*,*,#842,.T.);
#1580=ORIENTED_EDGE('',*,*,#840,.T.);
#1581=ORIENTED_EDGE('',*,*,#1063,.T.);
#1582=ORIENTED_EDGE('',*,*,#837,.F.);
#1583=ORIENTED_EDGE('',*,*,#1062,.T.);
#1584=ORIENTED_EDGE('',*,*,#823,.T.);
#1585=ORIENTED_EDGE('',*,*,#1056,.T.);
#1586=ORIENTED_EDGE('',*,*,#820,.F.);
#1587=ORIENTED_EDGE('',*,*,#1055,.T.);
#1588=ORIENTED_EDGE('',*,*,#1066,.F.);
#1589=ORIENTED_EDGE('',*,*,#1067,.F.);
#1590=ORIENTED_EDGE('',*,*,#1068,.T.);
#1591=ORIENTED_EDGE('',*,*,#1065,.T.);
#1592=ORIENTED_EDGE('',*,*,#1068,.F.);
#1593=ORIENTED_EDGE('',*,*,#1069,.F.);
#1594=ORIENTED_EDGE('',*,*,#1070,.F.);
#1595=ORIENTED_EDGE('',*,*,#1071,.F.);
#1596=ORIENTED_EDGE('',*,*,#1072,.T.);
#1597=ORIENTED_EDGE('',*,*,#1058,.T.);
#1598=ORIENTED_EDGE('',*,*,#1072,.F.);
#1599=ORIENTED_EDGE('',*,*,#1073,.F.);
#1600=ORIENTED_EDGE('',*,*,#1074,.T.);
#1601=ORIENTED_EDGE('',*,*,#1075,.T.);
#1602=ORIENTED_EDGE('',*,*,#1076,.T.);
#1603=ORIENTED_EDGE('',*,*,#1077,.T.);
#1604=ORIENTED_EDGE('',*,*,#1066,.T.);
#1605=ORIENTED_EDGE('',*,*,#1069,.T.);
#1606=ORIENTED_EDGE('',*,*,#1067,.T.);
#1607=ORIENTED_EDGE('',*,*,#1070,.T.);
#1608=ORIENTED_EDGE('',*,*,#1073,.T.);
#1609=ORIENTED_EDGE('',*,*,#1071,.T.);
#1610=ORIENTED_EDGE('',*,*,#1076,.F.);
#1611=ORIENTED_EDGE('',*,*,#1078,.T.);
#1612=ORIENTED_EDGE('',*,*,#1074,.F.);
#1613=ORIENTED_EDGE('',*,*,#1079,.T.);
#1614=ORIENTED_EDGE('',*,*,#1079,.F.);
#1615=ORIENTED_EDGE('',*,*,#1080,.F.);
#1616=ORIENTED_EDGE('',*,*,#1081,.T.);
#1617=ORIENTED_EDGE('',*,*,#1082,.T.);
#1618=ORIENTED_EDGE('',*,*,#1077,.F.);
#1619=ORIENTED_EDGE('',*,*,#1083,.F.);
#1620=ORIENTED_EDGE('',*,*,#1084,.T.);
#1621=ORIENTED_EDGE('',*,*,#1080,.T.);
#1622=ORIENTED_EDGE('',*,*,#1078,.F.);
#1623=ORIENTED_EDGE('',*,*,#1085,.F.);
#1624=ORIENTED_EDGE('',*,*,#1086,.T.);
#1625=ORIENTED_EDGE('',*,*,#1083,.T.);
#1626=ORIENTED_EDGE('',*,*,#1075,.F.);
#1627=ORIENTED_EDGE('',*,*,#1082,.F.);
#1628=ORIENTED_EDGE('',*,*,#1087,.T.);
#1629=ORIENTED_EDGE('',*,*,#1085,.T.);
#1630=ORIENTED_EDGE('',*,*,#1081,.F.);
#1631=ORIENTED_EDGE('',*,*,#1084,.F.);
#1632=ORIENTED_EDGE('',*,*,#1086,.F.);
#1633=ORIENTED_EDGE('',*,*,#1087,.F.);
#1634=ORIENTED_EDGE('',*,*,#1017,.T.);
#1635=ORIENTED_EDGE('',*,*,#912,.T.);
#1636=ORIENTED_EDGE('',*,*,#1013,.T.);
#1637=ORIENTED_EDGE('',*,*,#1008,.T.);
#1638=ORIENTED_EDGE('',*,*,#1025,.T.);
#1639=ORIENTED_EDGE('',*,*,#944,.T.);
#1640=ORIENTED_EDGE('',*,*,#1021,.T.);
#1641=ORIENTED_EDGE('',*,*,#976,.T.);
#1642=ORIENTED_EDGE('',*,*,#1036,.T.);
#1643=ORIENTED_EDGE('',*,*,#1049,.T.);
#1644=CYLINDRICAL_SURFACE('',#1838,1.465);
#1645=CYLINDRICAL_SURFACE('',#1840,1.465);
#1646=CYLINDRICAL_SURFACE('',#1841,1.465);
#1647=CYLINDRICAL_SURFACE('',#1842,1.465);
#1648=CYLINDRICAL_SURFACE('',#1843,1.465);
#1649=CYLINDRICAL_SURFACE('',#1845,1.465);
#1650=CYLINDRICAL_SURFACE('',#1847,1.465);
#1651=CYLINDRICAL_SURFACE('',#1848,1.465);
#1652=CYLINDRICAL_SURFACE('',#1849,1.465);
#1653=CYLINDRICAL_SURFACE('',#1850,1.465);
#1654=CYLINDRICAL_SURFACE('',#1852,1.79975);
#1655=CYLINDRICAL_SURFACE('',#1854,1.79975);
#1656=CYLINDRICAL_SURFACE('',#1855,1.79975);
#1657=CYLINDRICAL_SURFACE('',#1856,1.79975);
#1658=CYLINDRICAL_SURFACE('',#1857,1.79975);
#1659=CYLINDRICAL_SURFACE('',#1859,1.79975);
#1660=CYLINDRICAL_SURFACE('',#1861,1.79975);
#1661=CYLINDRICAL_SURFACE('',#1862,1.79975);
#1662=CYLINDRICAL_SURFACE('',#1863,1.79975);
#1663=CYLINDRICAL_SURFACE('',#1864,1.79975);
#1664=CYLINDRICAL_SURFACE('',#1866,1.2645);
#1665=CYLINDRICAL_SURFACE('',#1868,1.2645);
#1666=CYLINDRICAL_SURFACE('',#1869,1.2645);
#1667=CYLINDRICAL_SURFACE('',#1870,1.2645);
#1668=CYLINDRICAL_SURFACE('',#1871,1.2645);
#1669=CYLINDRICAL_SURFACE('',#1872,1.2645);
#1670=CYLINDRICAL_SURFACE('',#1873,1.2645);
#1671=CYLINDRICAL_SURFACE('',#1874,1.2645);
#1672=CYLINDRICAL_SURFACE('',#1875,1.2645);
#1673=CYLINDRICAL_SURFACE('',#1876,1.2645);
#1674=CYLINDRICAL_SURFACE('',#1878,1.2645);
#1675=CYLINDRICAL_SURFACE('',#1880,1.2645);
#1676=CYLINDRICAL_SURFACE('',#1881,1.2645);
#1677=CYLINDRICAL_SURFACE('',#1882,1.2645);
#1678=CYLINDRICAL_SURFACE('',#1883,1.2645);
#1679=CYLINDRICAL_SURFACE('',#1884,1.2645);
#1680=CYLINDRICAL_SURFACE('',#1885,1.2645);
#1681=CYLINDRICAL_SURFACE('',#1886,1.2645);
#1682=CYLINDRICAL_SURFACE('',#1887,1.2645);
#1683=CYLINDRICAL_SURFACE('',#1888,1.2645);
#1684=CYLINDRICAL_SURFACE('',#1890,1.54300000000001);
#1685=CYLINDRICAL_SURFACE('',#1892,1.54300000000001);
#1686=CYLINDRICAL_SURFACE('',#1893,1.54300000000001);
#1687=CYLINDRICAL_SURFACE('',#1894,1.54300000000001);
#1688=CYLINDRICAL_SURFACE('',#1895,1.54300000000001);
#1689=CYLINDRICAL_SURFACE('',#1896,1.54300000000001);
#1690=CYLINDRICAL_SURFACE('',#1897,1.54300000000001);
#1691=CYLINDRICAL_SURFACE('',#1898,1.54300000000001);
#1692=CYLINDRICAL_SURFACE('',#1899,1.54300000000001);
#1693=CYLINDRICAL_SURFACE('',#1900,1.54300000000001);
#1694=CYLINDRICAL_SURFACE('',#1902,1.54300000000002);
#1695=CYLINDRICAL_SURFACE('',#1904,1.54300000000002);
#1696=CYLINDRICAL_SURFACE('',#1905,1.54300000000002);
#1697=CYLINDRICAL_SURFACE('',#1906,1.54300000000002);
#1698=CYLINDRICAL_SURFACE('',#1907,1.54300000000002);
#1699=CYLINDRICAL_SURFACE('',#1908,1.54300000000002);
#1700=CYLINDRICAL_SURFACE('',#1909,1.54300000000002);
#1701=CYLINDRICAL_SURFACE('',#1910,1.54300000000002);
#1702=CYLINDRICAL_SURFACE('',#1911,1.54300000000002);
#1703=CYLINDRICAL_SURFACE('',#1912,1.54300000000002);
#1704=CYLINDRICAL_SURFACE('',#1914,1.54300000000002);
#1705=CYLINDRICAL_SURFACE('',#1915,1.54300000000001);
#1706=CYLINDRICAL_SURFACE('',#1916,1.2645);
#1707=CYLINDRICAL_SURFACE('',#1918,1.2645);
#1708=CYLINDRICAL_SURFACE('',#1920,1.75);
#1709=CYLINDRICAL_SURFACE('',#1923,2.5);
#1710=CYLINDRICAL_SURFACE('',#1928,1.75);
#1711=CYLINDRICAL_SURFACE('',#1931,2.5);
#1712=CYLINDRICAL_SURFACE('',#1936,1.79975);
#1713=CYLINDRICAL_SURFACE('',#1939,1.79975);
#1714=CYLINDRICAL_SURFACE('',#1942,1.465);
#1715=CYLINDRICAL_SURFACE('',#1943,1.465);
#1716=CYLINDRICAL_SURFACE('',#1944,3.);
#1717=CYLINDRICAL_SURFACE('',#1945,3.);
#1718=CYLINDRICAL_SURFACE('',#1946,7.5);
#1719=CYLINDRICAL_SURFACE('',#1953,7.5);
#1720=CYLINDRICAL_SURFACE('',#1956,7.5);
#1721=ADVANCED_FACE('',(#54),#1644,.F.);
#1722=ADVANCED_FACE('',(#55),#1645,.F.);
#1723=ADVANCED_FACE('',(#56),#1646,.F.);
#1724=ADVANCED_FACE('',(#57),#1647,.F.);
#1725=ADVANCED_FACE('',(#58),#1648,.F.);
#1726=ADVANCED_FACE('',(#59),#1649,.F.);
#1727=ADVANCED_FACE('',(#60),#1650,.F.);
#1728=ADVANCED_FACE('',(#61),#1651,.F.);
#1729=ADVANCED_FACE('',(#62),#1652,.F.);
#1730=ADVANCED_FACE('',(#63),#1653,.F.);
#1731=ADVANCED_FACE('',(#64),#1654,.F.);
#1732=ADVANCED_FACE('',(#65),#1655,.F.);
#1733=ADVANCED_FACE('',(#66),#1656,.F.);
#1734=ADVANCED_FACE('',(#67),#1657,.F.);
#1735=ADVANCED_FACE('',(#68),#1658,.F.);
#1736=ADVANCED_FACE('',(#69),#1659,.F.);
#1737=ADVANCED_FACE('',(#70),#1660,.F.);
#1738=ADVANCED_FACE('',(#71),#1661,.F.);
#1739=ADVANCED_FACE('',(#72),#1662,.F.);
#1740=ADVANCED_FACE('',(#73),#1663,.F.);
#1741=ADVANCED_FACE('',(#74),#1664,.F.);
#1742=ADVANCED_FACE('',(#75),#1665,.F.);
#1743=ADVANCED_FACE('',(#76),#1666,.F.);
#1744=ADVANCED_FACE('',(#77),#1667,.F.);
#1745=ADVANCED_FACE('',(#78),#1668,.F.);
#1746=ADVANCED_FACE('',(#79),#1669,.F.);
#1747=ADVANCED_FACE('',(#80),#1670,.F.);
#1748=ADVANCED_FACE('',(#81),#1671,.F.);
#1749=ADVANCED_FACE('',(#82),#1672,.F.);
#1750=ADVANCED_FACE('',(#83),#1673,.F.);
#1751=ADVANCED_FACE('',(#84),#1674,.F.);
#1752=ADVANCED_FACE('',(#85),#1675,.F.);
#1753=ADVANCED_FACE('',(#86),#1676,.F.);
#1754=ADVANCED_FACE('',(#87),#1677,.F.);
#1755=ADVANCED_FACE('',(#88),#1678,.F.);
#1756=ADVANCED_FACE('',(#89),#1679,.F.);
#1757=ADVANCED_FACE('',(#90),#1680,.F.);
#1758=ADVANCED_FACE('',(#91),#1681,.F.);
#1759=ADVANCED_FACE('',(#92),#1682,.F.);
#1760=ADVANCED_FACE('',(#93),#1683,.F.);
#1761=ADVANCED_FACE('',(#94),#1684,.F.);
#1762=ADVANCED_FACE('',(#95),#1685,.F.);
#1763=ADVANCED_FACE('',(#96),#1686,.F.);
#1764=ADVANCED_FACE('',(#97),#1687,.F.);
#1765=ADVANCED_FACE('',(#98),#1688,.F.);
#1766=ADVANCED_FACE('',(#99),#1689,.F.);
#1767=ADVANCED_FACE('',(#100),#1690,.F.);
#1768=ADVANCED_FACE('',(#101),#1691,.F.);
#1769=ADVANCED_FACE('',(#102),#1692,.F.);
#1770=ADVANCED_FACE('',(#103),#1693,.F.);
#1771=ADVANCED_FACE('',(#104),#1694,.F.);
#1772=ADVANCED_FACE('',(#105),#1695,.F.);
#1773=ADVANCED_FACE('',(#106),#1696,.F.);
#1774=ADVANCED_FACE('',(#107),#1697,.F.);
#1775=ADVANCED_FACE('',(#108),#1698,.F.);
#1776=ADVANCED_FACE('',(#109),#1699,.F.);
#1777=ADVANCED_FACE('',(#110),#1700,.F.);
#1778=ADVANCED_FACE('',(#111),#1701,.F.);
#1779=ADVANCED_FACE('',(#112),#1702,.F.);
#1780=ADVANCED_FACE('',(#113),#1703,.F.);
#1781=ADVANCED_FACE('',(#114),#1704,.F.);
#1782=ADVANCED_FACE('',(#115),#42,.F.);
#1783=ADVANCED_FACE('',(#116),#43,.F.);
#1784=ADVANCED_FACE('',(#117),#1705,.F.);
#1785=ADVANCED_FACE('',(#118),#44,.F.);
#1786=ADVANCED_FACE('',(#119),#45,.F.);
#1787=ADVANCED_FACE('',(#120),#1706,.F.);
#1788=ADVANCED_FACE('',(#121),#31,.F.);
#1789=ADVANCED_FACE('',(#122),#1707,.F.);
#1790=ADVANCED_FACE('',(#123),#32,.F.);
#1791=ADVANCED_FACE('',(#124),#46,.T.);
#1792=ADVANCED_FACE('',(#125),#1708,.T.);
#1793=ADVANCED_FACE('',(#126),#47,.T.);
#1794=ADVANCED_FACE('',(#127),#1709,.T.);
#1795=ADVANCED_FACE('',(#128,#21),#33,.T.);
#1796=ADVANCED_FACE('',(#129),#34,.F.);
#1797=ADVANCED_FACE('',(#130),#48,.T.);
#1798=ADVANCED_FACE('',(#131),#1710,.T.);
#1799=ADVANCED_FACE('',(#132),#49,.T.);
#1800=ADVANCED_FACE('',(#133),#1711,.T.);
#1801=ADVANCED_FACE('',(#134,#22),#35,.T.);
#1802=ADVANCED_FACE('',(#135),#36,.F.);
#1803=ADVANCED_FACE('',(#136),#1712,.F.);
#1804=ADVANCED_FACE('',(#137),#50,.F.);
#1805=ADVANCED_FACE('',(#138),#51,.F.);
#1806=ADVANCED_FACE('',(#139,#23),#37,.T.);
#1807=ADVANCED_FACE('',(#140),#1713,.F.);
#1808=ADVANCED_FACE('',(#141),#52,.F.);
#1809=ADVANCED_FACE('',(#142),#53,.F.);
#1810=ADVANCED_FACE('',(#143,#24),#38,.T.);
#1811=ADVANCED_FACE('',(#144),#1714,.F.);
#1812=ADVANCED_FACE('',(#145),#1715,.F.);
#1813=ADVANCED_FACE('',(#146),#1716,.F.);
#1814=ADVANCED_FACE('',(#147),#1717,.F.);
#1815=ADVANCED_FACE('',(#148,#25,#26),#1718,.T.);
#1816=ADVANCED_FACE('',(#149),#19,.T.);
#1817=ADVANCED_FACE('',(#150),#20,.T.);
#1818=ADVANCED_FACE('',(#151),#1719,.T.);
#1819=ADVANCED_FACE('',(#152),#39,.T.);
#1820=ADVANCED_FACE('',(#153),#1720,.T.);
#1821=ADVANCED_FACE('',(#154),#40,.T.);
#1822=ADVANCED_FACE('',(#155,#27,#28,#29,#30),#41,.F.);
#1823=CLOSED_SHELL('',(#1721,#1722,#1723,#1724,#1725,#1726,#1727,#1728,
#1729,#1730,#1731,#1732,#1733,#1734,#1735,#1736,#1737,#1738,#1739,#1740,
#1741,#1742,#1743,#1744,#1745,#1746,#1747,#1748,#1749,#1750,#1751,#1752,
#1753,#1754,#1755,#1756,#1757,#1758,#1759,#1760,#1761,#1762,#1763,#1764,
#1765,#1766,#1767,#1768,#1769,#1770,#1771,#1772,#1773,#1774,#1775,#1776,
#1777,#1778,#1779,#1780,#1781,#1782,#1783,#1784,#1785,#1786,#1787,#1788,
#1789,#1790,#1791,#1792,#1793,#1794,#1795,#1796,#1797,#1798,#1799,#1800,
#1801,#1802,#1803,#1804,#1805,#1806,#1807,#1808,#1809,#1810,#1811,#1812,
#1813,#1814,#1815,#1816,#1817,#1818,#1819,#1820,#1821,#1822));
#1824=DERIVED_UNIT_ELEMENT(#1826,1.);
#1825=DERIVED_UNIT_ELEMENT(#7697,-3.);
#1826=(
MASS_UNIT()
NAMED_UNIT(*)
SI_UNIT(.KILO.,.GRAM.)
);
#1827=DERIVED_UNIT((#1824,#1825));
#1828=MEASURE_REPRESENTATION_ITEM('density measure',
POSITIVE_RATIO_MEASURE(7850.),#1827);
#1829=PROPERTY_DEFINITION_REPRESENTATION(#1834,#1831);
#1830=PROPERTY_DEFINITION_REPRESENTATION(#1835,#1832);
#1831=REPRESENTATION('material name',(#1833),#7694);
#1832=REPRESENTATION('density',(#1828),#7694);
#1833=DESCRIPTIVE_REPRESENTATION_ITEM('Steel','Steel');
#1834=PROPERTY_DEFINITION('material property','material name',#7709);
#1835=PROPERTY_DEFINITION('material property','density of part',#7709);
#1836=AXIS2_PLACEMENT_3D('',#2291,#1961,#1962);
#1837=AXIS2_PLACEMENT_3D('',#2292,#1963,#1964);
#1838=AXIS2_PLACEMENT_3D('',#2293,#1965,#1966);
#1839=AXIS2_PLACEMENT_3D('',#2303,#1968,#1969);
#1840=AXIS2_PLACEMENT_3D('',#2314,#1970,#1971);
#1841=AXIS2_PLACEMENT_3D('',#2365,#1973,#1974);
#1842=AXIS2_PLACEMENT_3D('',#2416,#1976,#1977);
#1843=AXIS2_PLACEMENT_3D('',#2464,#1979,#1980);
#1844=AXIS2_PLACEMENT_3D('',#2483,#1982,#1983);
#1845=AXIS2_PLACEMENT_3D('',#2503,#1984,#1985);
#1846=AXIS2_PLACEMENT_3D('',#2513,#1987,#1988);
#1847=AXIS2_PLACEMENT_3D('',#2524,#1989,#1990);
#1848=AXIS2_PLACEMENT_3D('',#2575,#1992,#1993);
#1849=AXIS2_PLACEMENT_3D('',#2626,#1995,#1996);
#1850=AXIS2_PLACEMENT_3D('',#2674,#1998,#1999);
#1851=AXIS2_PLACEMENT_3D('',#2693,#2001,#2002);
#1852=AXIS2_PLACEMENT_3D('',#2713,#2003,#2004);
#1853=AXIS2_PLACEMENT_3D('',#2729,#2007,#2008);
#1854=AXIS2_PLACEMENT_3D('',#2741,#2010,#2011);
#1855=AXIS2_PLACEMENT_3D('',#2765,#2013,#2014);
#1856=AXIS2_PLACEMENT_3D('',#2790,#2016,#2017);
#1857=AXIS2_PLACEMENT_3D('',#2815,#2019,#2020);
#1858=AXIS2_PLACEMENT_3D('',#2826,#2022,#2023);
#1859=AXIS2_PLACEMENT_3D('',#2832,#2024,#2025);
#1860=AXIS2_PLACEMENT_3D('',#2848,#2028,#2029);
#1861=AXIS2_PLACEMENT_3D('',#2860,#2031,#2032);
#1862=AXIS2_PLACEMENT_3D('',#2884,#2034,#2035);
#1863=AXIS2_PLACEMENT_3D('',#2909,#2037,#2038);
#1864=AXIS2_PLACEMENT_3D('',#2934,#2040,#2041);
#1865=AXIS2_PLACEMENT_3D('',#2945,#2043,#2044);
#1866=AXIS2_PLACEMENT_3D('',#2951,#2045,#2046);
#1867=AXIS2_PLACEMENT_3D('',#2961,#2048,#2049);
#1868=AXIS2_PLACEMENT_3D('',#2972,#2050,#2051);
#1869=AXIS2_PLACEMENT_3D('',#3023,#2053,#2054);
#1870=AXIS2_PLACEMENT_3D('',#3074,#2056,#2057);
#1871=AXIS2_PLACEMENT_3D('',#3122,#2059,#2060);
#1872=AXIS2_PLACEMENT_3D('',#3170,#2062,#2063);
#1873=AXIS2_PLACEMENT_3D('',#3221,#2065,#2066);
#1874=AXIS2_PLACEMENT_3D('',#3272,#2068,#2069);
#1875=AXIS2_PLACEMENT_3D('',#3320,#2071,#2072);
#1876=AXIS2_PLACEMENT_3D('',#3371,#2074,#2075);
#1877=AXIS2_PLACEMENT_3D('',#3390,#2077,#2078);
#1878=AXIS2_PLACEMENT_3D('',#3410,#2079,#2080);
#1879=AXIS2_PLACEMENT_3D('',#3420,#2082,#2083);
#1880=AXIS2_PLACEMENT_3D('',#3431,#2084,#2085);
#1881=AXIS2_PLACEMENT_3D('',#3482,#2087,#2088);
#1882=AXIS2_PLACEMENT_3D('',#3533,#2090,#2091);
#1883=AXIS2_PLACEMENT_3D('',#3581,#2093,#2094);
#1884=AXIS2_PLACEMENT_3D('',#3629,#2096,#2097);
#1885=AXIS2_PLACEMENT_3D('',#3680,#2099,#2100);
#1886=AXIS2_PLACEMENT_3D('',#3731,#2102,#2103);
#1887=AXIS2_PLACEMENT_3D('',#3779,#2105,#2106);
#1888=AXIS2_PLACEMENT_3D('',#3830,#2108,#2109);
#1889=AXIS2_PLACEMENT_3D('',#3849,#2111,#2112);
#1890=AXIS2_PLACEMENT_3D('',#3869,#2113,#2114);
#1891=AXIS2_PLACEMENT_3D('',#3883,#2116,#2117);
#1892=AXIS2_PLACEMENT_3D('',#3893,#2118,#2119);
#1893=AXIS2_PLACEMENT_3D('',#3917,#2121,#2122);
#1894=AXIS2_PLACEMENT_3D('',#3942,#2124,#2125);
#1895=AXIS2_PLACEMENT_3D('',#3966,#2127,#2128);
#1896=AXIS2_PLACEMENT_3D('',#3991,#2130,#2131);
#1897=AXIS2_PLACEMENT_3D('',#4015,#2133,#2134);
#1898=AXIS2_PLACEMENT_3D('',#4040,#2136,#2137);
#1899=AXIS2_PLACEMENT_3D('',#4065,#2139,#2140);
#1900=AXIS2_PLACEMENT_3D('',#4089,#2142,#2143);
#1901=AXIS2_PLACEMENT_3D('',#4100,#2145,#2146);
#1902=AXIS2_PLACEMENT_3D('',#4106,#2147,#2148);
#1903=AXIS2_PLACEMENT_3D('',#4120,#2150,#2151);
#1904=AXIS2_PLACEMENT_3D('',#4130,#2152,#2153);
#1905=AXIS2_PLACEMENT_3D('',#4154,#2155,#2156);
#1906=AXIS2_PLACEMENT_3D('',#4179,#2158,#2159);
#1907=AXIS2_PLACEMENT_3D('',#4203,#2161,#2162);
#1908=AXIS2_PLACEMENT_3D('',#4228,#2164,#2165);
#1909=AXIS2_PLACEMENT_3D('',#4252,#2167,#2168);
#1910=AXIS2_PLACEMENT_3D('',#4277,#2170,#2171);
#1911=AXIS2_PLACEMENT_3D('',#4302,#2173,#2174);
#1912=AXIS2_PLACEMENT_3D('',#4326,#2176,#2177);
#1913=AXIS2_PLACEMENT_3D('',#4337,#2179,#2180);
#1914=AXIS2_PLACEMENT_3D('',#4343,#2181,#2182);
#1915=AXIS2_PLACEMENT_3D('',#5272,#2183,#2184);
#1916=AXIS2_PLACEMENT_3D('',#6198,#2185,#2186);
#1917=AXIS2_PLACEMENT_3D('',#6199,#2187,#2188);
#1918=AXIS2_PLACEMENT_3D('',#6200,#2189,#2190);
#1919=AXIS2_PLACEMENT_3D('',#6201,#2191,#2192);
#1920=AXIS2_PLACEMENT_3D('',#6229,#2194,#2195);
#1921=AXIS2_PLACEMENT_3D('',#6231,#2196,#2197);
#1922=AXIS2_PLACEMENT_3D('',#6233,#2198,#2199);
#1923=AXIS2_PLACEMENT_3D('',#6251,#2201,#2202);
#1924=AXIS2_PLACEMENT_3D('',#6253,#2203,#2204);
#1925=AXIS2_PLACEMENT_3D('',#6256,#2206,#2207);
#1926=AXIS2_PLACEMENT_3D('',#6257,#2208,#2209);
#1927=AXIS2_PLACEMENT_3D('',#6258,#2210,#2211);
#1928=AXIS2_PLACEMENT_3D('',#6374,#2213,#2214);
#1929=AXIS2_PLACEMENT_3D('',#6376,#2215,#2216);
#1930=AXIS2_PLACEMENT_3D('',#6378,#2217,#2218);
#1931=AXIS2_PLACEMENT_3D('',#6396,#2220,#2221);
#1932=AXIS2_PLACEMENT_3D('',#6398,#2222,#2223);
#1933=AXIS2_PLACEMENT_3D('',#6401,#2225,#2226);
#1934=AXIS2_PLACEMENT_3D('',#6402,#2227,#2228);
#1935=AXIS2_PLACEMENT_3D('',#6403,#2229,#2230);
#1936=AXIS2_PLACEMENT_3D('',#6492,#2231,#2232);
#1937=AXIS2_PLACEMENT_3D('',#7024,#2233,#2234);
#1938=AXIS2_PLACEMENT_3D('',#7026,#2235,#2236);
#1939=AXIS2_PLACEMENT_3D('',#7027,#2237,#2238);
#1940=AXIS2_PLACEMENT_3D('',#7562,#2239,#2240);
#1941=AXIS2_PLACEMENT_3D('',#7564,#2241,#2242);
#1942=AXIS2_PLACEMENT_3D('',#7565,#2243,#2244);
#1943=AXIS2_PLACEMENT_3D('',#7566,#2245,#2246);
#1944=AXIS2_PLACEMENT_3D('',#7567,#2247,#2248);
#1945=AXIS2_PLACEMENT_3D('',#7613,#2250,#2251);
#1946=AXIS2_PLACEMENT_3D('',#7659,#2253,#2254);
#1947=AXIS2_PLACEMENT_3D('',#7662,#2255,#2256);
#1948=AXIS2_PLACEMENT_3D('',#7666,#2258,#2259);
#1949=AXIS2_PLACEMENT_3D('',#7668,#2261,#2262);
#1950=AXIS2_PLACEMENT_3D('',#7669,#2263,#2264);
#1951=AXIS2_PLACEMENT_3D('',#7670,#2265,#2266);
#1952=AXIS2_PLACEMENT_3D('',#7671,#2267,#2268);
#1953=AXIS2_PLACEMENT_3D('',#7672,#2269,#2270);
#1954=AXIS2_PLACEMENT_3D('',#7676,#2272,#2273);
#1955=AXIS2_PLACEMENT_3D('',#7678,#2275,#2276);
#1956=AXIS2_PLACEMENT_3D('',#7682,#2279,#2280);
#1957=AXIS2_PLACEMENT_3D('',#7685,#2282,#2283);
#1958=AXIS2_PLACEMENT_3D('',#7686,#2284,#2285);
#1959=AXIS2_PLACEMENT_3D('',#7688,#2287,#2288);
#1960=AXIS2_PLACEMENT_3D('',#7689,#2289,#2290);
#1961=DIRECTION('axis',(0.,0.,1.));
#1962=DIRECTION('refdir',(1.,0.,0.));
#1963=DIRECTION('axis',(0.,0.,1.));
#1964=DIRECTION('refdir',(1.,0.,0.));
#1965=DIRECTION('center_axis',(1.15375090267671E-30,1.,-6.12323399573659E-17));
#1966=DIRECTION('ref_axis',(0.909471614219558,2.54583262456507E-17,0.415766019449486));
#1967=DIRECTION('',(1.15375090267671E-30,1.,-6.12323399573659E-17));
#1968=DIRECTION('center_axis',(0.,-1.,0.));
#1969=DIRECTION('ref_axis',(0.0714739124623058,-6.1075736376504E-17,-0.997442469437376));
#1970=DIRECTION('center_axis',(1.15375090267671E-30,1.,-6.12323399573659E-17));
#1971=DIRECTION('ref_axis',(0.0714739124623058,-6.1075736376504E-17,-0.997442469437376));
#1972=DIRECTION('',(1.15375090267671E-30,1.,-6.12323399573659E-17));
#1973=DIRECTION('center_axis',(1.15375090267671E-30,1.,-6.12323399573659E-17));
#1974=DIRECTION('ref_axis',(0.0714739124623058,-6.1075736376504E-17,-0.997442469437376));
#1975=DIRECTION('',(1.15375090267671E-30,1.,-6.12323399573659E-17));
#1976=DIRECTION('center_axis',(1.15375090267671E-30,1.,-6.12323399573659E-17));
#1977=DIRECTION('ref_axis',(0.0714739124623058,-6.1075736376504E-17,-0.997442469437376));
#1978=DIRECTION('',(1.15375090267671E-30,1.,-6.12323399573659E-17));
#1979=DIRECTION('center_axis',(1.15375090267671E-30,1.,-6.12323399573659E-17));
#1980=DIRECTION('ref_axis',(-0.281579389995395,-5.87547529876789E-17,-0.959537934179687));
#1981=DIRECTION('',(1.15375090267671E-30,1.,-6.12323399573659E-17));
#1982=DIRECTION('center_axis',(-1.16194259830981E-20,1.,-6.11757540854389E-17));
#1983=DIRECTION('ref_axis',(0.0714739124623058,-6.1075736376504E-17,-0.997442469437376));
#1984=DIRECTION('center_axis',(1.15375090267671E-30,1.,-6.12323399573659E-17));
#1985=DIRECTION('ref_axis',(0.909474130581898,2.54579891930631E-17,0.415760514963003));
#1986=DIRECTION('',(1.15375090267671E-30,1.,-6.12323399573659E-17));
#1987=DIRECTION('center_axis',(0.,-1.,0.));
#1988=DIRECTION('ref_axis',(0.0714739124623058,-6.1075736376504E-17,-0.997442469437376));
#1989=DIRECTION('center_axis',(1.15375090267671E-30,1.,-6.12323399573659E-17));
#1990=DIRECTION('ref_axis',(0.0714739124623058,-6.1075736376504E-17,-0.997442469437376));
#1991=DIRECTION('',(1.15375090267671E-30,1.,-6.12323399573659E-17));
#1992=DIRECTION('center_axis',(1.15375090267671E-30,1.,-6.12323399573659E-17));
#1993=DIRECTION('ref_axis',(0.0714739124623058,-6.1075736376504E-17,-0.997442469437376));
#1994=DIRECTION('',(1.15375090267671E-30,1.,-6.12323399573659E-17));
#1995=DIRECTION('center_axis',(1.15375090267671E-30,1.,-6.12323399573659E-17));
#1996=DIRECTION('ref_axis',(0.0714739124623058,-6.1075736376504E-17,-0.997442469437376));
#1997=DIRECTION('',(1.15375090267671E-30,1.,-6.12323399573659E-17));
#1998=DIRECTION('center_axis',(1.15375090267671E-30,1.,-6.12323399573659E-17));
#1999=DIRECTION('ref_axis',(-0.281579181876145,-5.87547567273348E-17,-0.959537995252903));
#2000=DIRECTION('',(1.15375090267671E-30,1.,-6.12323399573659E-17));
#2001=DIRECTION('center_axis',(-1.16194259830981E-20,1.,-6.11757540854389E-17));
#2002=DIRECTION('ref_axis',(0.0714739124623058,-6.1075736376504E-17,-0.997442469437376));
#2003=DIRECTION('center_axis',(1.15375090267671E-30,1.,-6.12323399573659E-17));
#2004=DIRECTION('ref_axis',(0.664389137386756,1.53114919032355E-17,-0.747386830311106));
#2005=DIRECTION('',(8.75302981194926E-18,1.,-1.83383812710377E-16));
#2006=DIRECTION('',(0.,1.,0.));
#2007=DIRECTION('center_axis',(-1.51454404243336E-15,-1.,6.08202656007734E-16));
#2008=DIRECTION('ref_axis',(-0.945437598619532,1.23375249038412E-15,-0.325803233741676));
#2009=DIRECTION('',(0.,1.,0.));
#2010=DIRECTION('center_axis',(1.15375090267671E-30,1.,-6.12323399573659E-17));
#2011=DIRECTION('ref_axis',(0.0714739124622897,0.,-0.997442469437377));
#2012=DIRECTION('',(8.75302981194926E-18,1.,-1.83383812710377E-16));
#2013=DIRECTION('center_axis',(1.15375090267671E-30,1.,-6.12323399573659E-17));
#2014=DIRECTION('ref_axis',(0.0714739124622897,0.,-0.997442469437377));
#2015=DIRECTION('',(8.75302981194926E-18,1.,-1.83383812710377E-16));
#2016=DIRECTION('center_axis',(1.15375090267671E-30,1.,-6.12323399573659E-17));
#2017=DIRECTION('ref_axis',(0.0714739124622897,0.,-0.997442469437377));
#2018=DIRECTION('',(8.75302981194926E-18,1.,-1.83383812710377E-16));
#2019=DIRECTION('center_axis',(1.15375090267671E-30,1.,-6.12323399573659E-17));
#2020=DIRECTION('ref_axis',(-0.834399106939043,9.48245964585549E-17,0.551160711897472));
#2021=DIRECTION('',(8.75302981194926E-18,1.,-1.83383812710377E-16));
#2022=DIRECTION('center_axis',(-1.16194259830981E-20,1.,-6.11757540854389E-17));
#2023=DIRECTION('ref_axis',(0.0714739124622897,0.,-0.997442469437377));
#2024=DIRECTION('center_axis',(1.15375090267671E-30,1.,-6.12323399573659E-17));
#2025=DIRECTION('ref_axis',(0.66438950107347,1.53115116996066E-17,-0.747386507011831));
#2026=DIRECTION('',(8.75302981195227E-18,1.,-1.83383812710377E-16));
#2027=DIRECTION('',(0.,1.,0.));
#2028=DIRECTION('center_axis',(-1.51454404243299E-15,-1.,6.08202656009552E-16));
#2029=DIRECTION('ref_axis',(-0.945437598619794,1.23375249038404E-15,-0.325803233740916));
#2030=DIRECTION('',(0.,1.,0.));
#2031=DIRECTION('center_axis',(1.15375090267671E-30,1.,-6.12323399573659E-17));
#2032=DIRECTION('ref_axis',(0.0714739124623143,0.,-0.997442469437375));
#2033=DIRECTION('',(8.75302981195227E-18,1.,-1.83383812710377E-16));
#2034=DIRECTION('center_axis',(1.15375090267671E-30,1.,-6.12323399573659E-17));
#2035=DIRECTION('ref_axis',(0.0714739124623143,0.,-0.997442469437375));
#2036=DIRECTION('',(8.75302981195227E-18,1.,-1.83383812710377E-16));
#2037=DIRECTION('center_axis',(1.15375090267671E-30,1.,-6.12323399573659E-17));
#2038=DIRECTION('ref_axis',(0.0714739124623143,0.,-0.997442469437375));
#2039=DIRECTION('',(8.75302981195227E-18,1.,-1.83383812710377E-16));
#2040=DIRECTION('center_axis',(1.15375090267671E-30,1.,-6.12323399573659E-17));
#2041=DIRECTION('ref_axis',(-0.834398808700581,9.48246241050339E-17,0.551161163398739));
#2042=DIRECTION('',(8.75302981195227E-18,1.,-1.83383812710377E-16));
#2043=DIRECTION('center_axis',(-1.16194259830981E-20,1.,-6.11757540854389E-17));
#2044=DIRECTION('ref_axis',(0.0714739124623143,0.,-0.997442469437375));
#2045=DIRECTION('center_axis',(3.17875579260648E-24,-1.,1.02981648424256E-24));
#2046=DIRECTION('ref_axis',(0.959773848427262,2.76174078273119E-24,-0.280774215117989));
#2047=DIRECTION('',(3.17875579260648E-24,-1.,1.02981648424256E-24));
#2048=DIRECTION('center_axis',(3.17875579260648E-24,-1.,1.02981648424256E-24));
#2049=DIRECTION('ref_axis',(-0.0714739124623058,7.99984601379996E-25,0.997442469437376));
#2050=DIRECTION('center_axis',(3.17875579260648E-24,-1.,1.02981648424256E-24));
#2051=DIRECTION('ref_axis',(-0.0714739124623058,7.99984601379996E-25,0.997442469437376));
#2052=DIRECTION('',(3.17875579260648E-24,-1.,1.02981648424256E-24));
#2053=DIRECTION('center_axis',(3.17875579260648E-24,-1.,1.02981648424256E-24));
#2054=DIRECTION('ref_axis',(-0.0714739124623058,7.99984601379996E-25,0.997442469437376));
#2055=DIRECTION('',(3.17875579260648E-24,-1.,1.02981648424256E-24));
#2056=DIRECTION('center_axis',(3.17875579260648E-24,-1.,1.02981648424256E-24));
#2057=DIRECTION('ref_axis',(-0.0714739124623058,7.99984601379996E-25,0.997442469437376));
#2058=DIRECTION('',(3.17875579260648E-24,-1.,1.02981648424256E-24));
#2059=DIRECTION('center_axis',(3.17875579260648E-24,-1.,1.02981648424256E-24));
#2060=DIRECTION('ref_axis',(-0.0714739124623058,7.99984601379996E-25,0.997442469437376));
#2061=DIRECTION('',(3.17875579260648E-24,-1.,1.02981648424256E-24));
#2062=DIRECTION('center_axis',(3.17875579260648E-24,-1.,1.02981648424256E-24));
#2063=DIRECTION('ref_axis',(-0.0714739124623058,7.99984601379996E-25,0.997442469437376));
#2064=DIRECTION('',(3.17875579260648E-24,-1.,1.02981648424256E-24));
#2065=DIRECTION('center_axis',(3.17875579260648E-24,-1.,1.02981648424256E-24));
#2066=DIRECTION('ref_axis',(-0.0714739124623058,7.99984601379996E-25,0.997442469437376));
#2067=DIRECTION('',(3.17875579260648E-24,-1.,1.02981648424256E-24));
#2068=DIRECTION('center_axis',(3.17875579260648E-24,-1.,1.02981648424256E-24));
#2069=DIRECTION('ref_axis',(-0.0714739124623058,7.99984601379996E-25,0.997442469437376));
#2070=DIRECTION('',(3.17875579260648E-24,-1.,1.02981648424256E-24));
#2071=DIRECTION('center_axis',(3.17875579260648E-24,-1.,1.02981648424256E-24));
#2072=DIRECTION('ref_axis',(-0.0714739124623058,7.99984601379996E-25,0.997442469437376));
#2073=DIRECTION('',(3.17875579260648E-24,-1.,1.02981648424256E-24));
#2074=DIRECTION('center_axis',(3.17875579260648E-24,-1.,1.02981648424256E-24));
#2075=DIRECTION('ref_axis',(-0.414443751269985,-3.80205293387875E-25,0.91007492935102));
#2076=DIRECTION('',(3.17875579260648E-24,-1.,1.02981648424256E-24));
#2077=DIRECTION('center_axis',(0.,-1.,0.));
#2078=DIRECTION('ref_axis',(-0.0714739124623058,7.99984601379996E-25,0.997442469437376));
#2079=DIRECTION('center_axis',(3.17875579260648E-24,-1.,1.02981648424256E-24));
#2080=DIRECTION('ref_axis',(0.95976888891529,2.76170755958341E-24,-0.280791167721331));
#2081=DIRECTION('',(3.17875579260648E-24,-1.,1.02981648424256E-24));
#2082=DIRECTION('center_axis',(3.17875579260648E-24,-1.,1.02981648424256E-24));
#2083=DIRECTION('ref_axis',(-0.0714739124623058,7.99984601379996E-25,0.997442469437376));
#2084=DIRECTION('center_axis',(3.17875579260648E-24,-1.,1.02981648424256E-24));
#2085=DIRECTION('ref_axis',(-0.0714739124623058,7.99984601379996E-25,0.997442469437376));
#2086=DIRECTION('',(3.17875579260648E-24,-1.,1.02981648424256E-24));
#2087=DIRECTION('center_axis',(3.17875579260648E-24,-1.,1.02981648424256E-24));
#2088=DIRECTION('ref_axis',(-0.0714739124623058,7.99984601379996E-25,0.997442469437376));
#2089=DIRECTION('',(3.17875579260648E-24,-1.,1.02981648424256E-24));
#2090=DIRECTION('center_axis',(3.17875579260648E-24,-1.,1.02981648424256E-24));
#2091=DIRECTION('ref_axis',(-0.0714739124623058,7.99984601379996E-25,0.997442469437376));
#2092=DIRECTION('',(3.17875579260648E-24,-1.,1.02981648424256E-24));
#2093=DIRECTION('center_axis',(3.17875579260648E-24,-1.,1.02981648424256E-24));
#2094=DIRECTION('ref_axis',(-0.0714739124623058,7.99984601379996E-25,0.997442469437376));
#2095=DIRECTION('',(3.17875579260648E-24,-1.,1.02981648424256E-24));
#2096=DIRECTION('center_axis',(3.17875579260648E-24,-1.,1.02981648424256E-24));
#2097=DIRECTION('ref_axis',(-0.0714739124623058,7.99984601379996E-25,0.997442469437376));
#2098=DIRECTION('',(3.17875579260648E-24,-1.,1.02981648424256E-24));
#2099=DIRECTION('center_axis',(3.17875579260648E-24,-1.,1.02981648424256E-24));
#2100=DIRECTION('ref_axis',(-0.0714739124623058,7.99984601379996E-25,0.997442469437376));
#2101=DIRECTION('',(3.17875579260648E-24,-1.,1.02981648424256E-24));
#2102=DIRECTION('center_axis',(3.17875579260648E-24,-1.,1.02981648424256E-24));
#2103=DIRECTION('ref_axis',(-0.0714739124623058,7.99984601379996E-25,0.997442469437376));
#2104=DIRECTION('',(3.17875579260648E-24,-1.,1.02981648424256E-24));
#2105=DIRECTION('center_axis',(3.17875579260648E-24,-1.,1.02981648424256E-24));
#2106=DIRECTION('ref_axis',(-0.0714739124623058,7.99984601379996E-25,0.997442469437376));
#2107=DIRECTION('',(3.17875579260648E-24,-1.,1.02981648424256E-24));
#2108=DIRECTION('center_axis',(3.17875579260648E-24,-1.,1.02981648424256E-24));
#2109=DIRECTION('ref_axis',(-0.414440808364713,-3.80194558472085E-25,0.910076269530199));
#2110=DIRECTION('',(3.17875579260648E-24,-1.,1.02981648424256E-24));
#2111=DIRECTION('center_axis',(0.,-1.,0.));
#2112=DIRECTION('ref_axis',(-0.0714739124623058,7.99984601379996E-25,0.997442469437376));
#2113=DIRECTION('center_axis',(3.17875579260648E-24,-1.,1.02981648424256E-24));
#2114=DIRECTION('ref_axis',(-0.0714739124623626,0.,0.997442469437372));
#2115=DIRECTION('',(-8.75302663320128E-18,-1.,1.22151473782827E-16));
#2116=DIRECTION('center_axis',(-1.3867158500002E-13,1.,9.2370555648813E-14));
#2117=DIRECTION('ref_axis',(-0.0714739124623626,0.,0.997442469437372));
#2118=DIRECTION('center_axis',(3.17875579260648E-24,-1.,1.02981648424256E-24));
#2119=DIRECTION('ref_axis',(-0.0714739124623626,0.,0.997442469437372));
#2120=DIRECTION('',(-8.75302663320128E-18,-1.,1.22151473782827E-16));
#2121=DIRECTION('center_axis',(3.17875579260648E-24,-1.,1.02981648424256E-24));
#2122=DIRECTION('ref_axis',(-0.0714739124623626,0.,0.997442469437372));
#2123=DIRECTION('',(-8.75302663320128E-18,-1.,1.22151473782827E-16));
#2124=DIRECTION('center_axis',(3.17875579260648E-24,-1.,1.02981648424256E-24));
#2125=DIRECTION('ref_axis',(-0.0714739124623626,0.,0.997442469437372));
#2126=DIRECTION('',(-8.75302663320128E-18,-1.,1.22151473782827E-16));
#2127=DIRECTION('center_axis',(3.17875579260648E-24,-1.,1.02981648424256E-24));
#2128=DIRECTION('ref_axis',(-0.0714739124623626,0.,0.997442469437372));
#2129=DIRECTION('',(-8.75302663320128E-18,-1.,1.22151473782827E-16));
#2130=DIRECTION('center_axis',(3.17875579260648E-24,-1.,1.02981648424256E-24));
#2131=DIRECTION('ref_axis',(-0.0714739124623626,0.,0.997442469437372));
#2132=DIRECTION('',(-8.75302663320128E-18,-1.,1.22151473782827E-16));
#2133=DIRECTION('center_axis',(3.17875579260648E-24,-1.,1.02981648424256E-24));
#2134=DIRECTION('ref_axis',(-0.0714739124623626,0.,0.997442469437372));
#2135=DIRECTION('',(-8.75302663320128E-18,-1.,1.22151473782827E-16));
#2136=DIRECTION('center_axis',(3.17875579260648E-24,-1.,1.02981648424256E-24));
#2137=DIRECTION('ref_axis',(-0.0714739124623626,0.,0.997442469437372));
#2138=DIRECTION('',(-8.75302663320128E-18,-1.,1.22151473782827E-16));
#2139=DIRECTION('center_axis',(3.17875579260648E-24,-1.,1.02981648424256E-24));
#2140=DIRECTION('ref_axis',(-0.0714739124623626,0.,0.997442469437372));
#2141=DIRECTION('',(-8.75302663320128E-18,-1.,1.22151473782827E-16));
#2142=DIRECTION('center_axis',(3.17875579260648E-24,-1.,1.02981648424256E-24));
#2143=DIRECTION('ref_axis',(-0.747433996089711,-3.86003897035426E-24,-0.664336075709702));
#2144=DIRECTION('',(-8.75302663320128E-18,-1.,1.22151473782827E-16));
#2145=DIRECTION('center_axis',(0.,-1.,0.));
#2146=DIRECTION('ref_axis',(-0.0714739124623626,0.,0.997442469437372));
#2147=DIRECTION('center_axis',(3.17875579260648E-24,-1.,1.02981648424256E-24));
#2148=DIRECTION('ref_axis',(-0.0714739124623579,0.,0.997442469437372));
#2149=DIRECTION('',(-8.7530266332007E-18,-1.,1.22151473782827E-16));
#2150=DIRECTION('center_axis',(-1.17740025000017E-14,1.,9.05941988094127E-14));
#2151=DIRECTION('ref_axis',(-0.0714739124623579,0.,0.997442469437372));
#2152=DIRECTION('center_axis',(3.17875579260648E-24,-1.,1.02981648424256E-24));
#2153=DIRECTION('ref_axis',(-0.0714739124623579,0.,0.997442469437372));
#2154=DIRECTION('',(-8.7530266332007E-18,-1.,1.22151473782827E-16));
#2155=DIRECTION('center_axis',(3.17875579260648E-24,-1.,1.02981648424256E-24));
#2156=DIRECTION('ref_axis',(-0.0714739124623579,0.,0.997442469437372));
#2157=DIRECTION('',(-8.7530266332007E-18,-1.,1.22151473782827E-16));
#2158=DIRECTION('center_axis',(3.17875579260648E-24,-1.,1.02981648424256E-24));
#2159=DIRECTION('ref_axis',(-0.0714739124623579,0.,0.997442469437372));
#2160=DIRECTION('',(-8.7530266332007E-18,-1.,1.22151473782827E-16));
#2161=DIRECTION('center_axis',(3.17875579260648E-24,-1.,1.02981648424256E-24));
#2162=DIRECTION('ref_axis',(-0.0714739124623579,0.,0.997442469437372));
#2163=DIRECTION('',(-8.7530266332007E-18,-1.,1.22151473782827E-16));
#2164=DIRECTION('center_axis',(3.17875579260648E-24,-1.,1.02981648424256E-24));
#2165=DIRECTION('ref_axis',(-0.0714739124623579,0.,0.997442469437372));
#2166=DIRECTION('',(-8.7530266332007E-18,-1.,1.22151473782827E-16));
#2167=DIRECTION('center_axis',(3.17875579260648E-24,-1.,1.02981648424256E-24));
#2168=DIRECTION('ref_axis',(-0.0714739124623579,0.,0.997442469437372));
#2169=DIRECTION('',(-8.7530266332007E-18,-1.,1.22151473782827E-16));
#2170=DIRECTION('center_axis',(3.17875579260648E-24,-1.,1.02981648424256E-24));
#2171=DIRECTION('ref_axis',(-0.0714739124623579,0.,0.997442469437372));
#2172=DIRECTION('',(-8.7530266332007E-18,-1.,1.22151473782827E-16));
#2173=DIRECTION('center_axis',(3.17875579260648E-24,-1.,1.02981648424256E-24));
#2174=DIRECTION('ref_axis',(-0.0714739124623579,0.,0.997442469437372));
#2175=DIRECTION('',(-8.7530266332007E-18,-1.,1.22151473782827E-16));
#2176=DIRECTION('center_axis',(3.17875579260648E-24,-1.,1.02981648424256E-24));
#2177=DIRECTION('ref_axis',(-0.747431817786523,-3.86003456989996E-24,-0.664338526476023));
#2178=DIRECTION('',(-8.7530266332007E-18,-1.,1.22151473782827E-16));
#2179=DIRECTION('center_axis',(0.,-1.,0.));
#2180=DIRECTION('ref_axis',(-0.0714739124623579,0.,0.997442469437372));
#2181=DIRECTION('center_axis',(3.17875579260648E-24,-1.,1.02981648424256E-24));
#2182=DIRECTION('ref_axis',(-0.0714739124623579,0.,0.997442469437372));
#2183=DIRECTION('center_axis',(3.17875579260648E-24,-1.,1.02981648424256E-24));
#2184=DIRECTION('ref_axis',(-0.0714739124623626,0.,0.997442469437372));
#2185=DIRECTION('center_axis',(3.17875579260648E-24,-1.,1.02981648424256E-24));
#2186=DIRECTION('ref_axis',(-0.0714739124623058,7.99984601379996E-25,0.997442469437376));
#2187=DIRECTION('center_axis',(3.17875579260648E-24,-1.,1.02981648424256E-24));
#2188=DIRECTION('ref_axis',(-0.0714739124623058,7.99984595867678E-25,0.997442469437376));
#2189=DIRECTION('center_axis',(3.17875579260648E-24,-1.,1.02981648424256E-24));
#2190=DIRECTION('ref_axis',(-0.0714739124623058,7.99984601379996E-25,0.997442469437376));
#2191=DIRECTION('center_axis',(3.17875579260648E-24,-1.,1.02981648424256E-24));
#2192=DIRECTION('ref_axis',(-0.0714739124623058,7.99984595867678E-25,0.997442469437376));
#2193=DIRECTION('',(0.,1.,0.));
#2194=DIRECTION('center_axis',(0.,1.,0.));
#2195=DIRECTION('ref_axis',(-0.99743363174669,0.,-0.0715971386342238));
#2196=DIRECTION('center_axis',(-1.04799142041649E-24,1.,-4.94229080562264E-24));
#2197=DIRECTION('ref_axis',(-0.99743363174669,-1.39915575418996E-24,-0.0715971386342238));
#2198=DIRECTION('center_axis',(-1.04799142041649E-24,1.,-4.94229080562264E-24));
#2199=DIRECTION('ref_axis',(-0.99743363174669,-1.39915575418996E-24,-0.0715971386342238));
#2200=DIRECTION('',(0.,1.,0.));
#2201=DIRECTION('center_axis',(0.,1.,0.));
#2202=DIRECTION('ref_axis',(-0.99743363174669,0.,-0.0715971386342238));
#2203=DIRECTION('center_axis',(-1.04799142041649E-24,1.,-4.94229080562264E-24));
#2204=DIRECTION('ref_axis',(-0.99743363174669,-1.399155750676E-24,-0.0715971386342238));
#2205=DIRECTION('',(0.,-1.,0.));
#2206=DIRECTION('center_axis',(0.,-1.,0.));
#2207=DIRECTION('ref_axis',(-0.99743363174669,0.,-0.0715971386342238));
#2208=DIRECTION('center_axis',(-1.04799142041649E-24,1.,-4.94229080562264E-24));
#2209=DIRECTION('ref_axis',(-0.99743363174669,-1.399155750676E-24,-0.0715971386342238));
#2210=DIRECTION('center_axis',(-1.04799142041649E-24,1.,-4.94229080562264E-24));
#2211=DIRECTION('ref_axis',(-0.99743363174669,-1.399155750676E-24,-0.0715971386342238));
#2212=DIRECTION('',(0.,1.,0.));
#2213=DIRECTION('center_axis',(0.,1.,0.));
#2214=DIRECTION('ref_axis',(-0.99743363174669,0.,-0.0715971386342238));
#2215=DIRECTION('center_axis',(-1.04799142041649E-24,1.,-4.94229080562264E-24));
#2216=DIRECTION('ref_axis',(-0.99743363174669,-1.39915575420931E-24,-0.0715971386342238));
#2217=DIRECTION('center_axis',(-1.04799142041649E-24,1.,-4.94229080562264E-24));
#2218=DIRECTION('ref_axis',(-0.99743363174669,-1.39915575420931E-24,-0.0715971386342238));
#2219=DIRECTION('',(0.,1.,0.));
#2220=DIRECTION('center_axis',(0.,1.,0.));
#2221=DIRECTION('ref_axis',(-0.99743363174669,0.,-0.0715971386342238));
#2222=DIRECTION('center_axis',(-1.04799142041649E-24,1.,-4.94229080562264E-24));
#2223=DIRECTION('ref_axis',(-0.99743363174669,-1.399155750676E-24,-0.0715971386342238));
#2224=DIRECTION('',(0.,-1.,0.));
#2225=DIRECTION('center_axis',(0.,-1.,0.));
#2226=DIRECTION('ref_axis',(-0.99743363174669,0.,-0.0715971386342238));
#2227=DIRECTION('center_axis',(-1.04799142041649E-24,1.,-4.94229080562264E-24));
#2228=DIRECTION('ref_axis',(-0.99743363174669,-1.399155750676E-24,-0.0715971386342238));
#2229=DIRECTION('center_axis',(-1.04799142041649E-24,1.,-4.94229080562264E-24));
#2230=DIRECTION('ref_axis',(-0.99743363174669,-1.399155750676E-24,-0.0715971386342238));
#2231=DIRECTION('center_axis',(1.15375090267671E-30,1.,-6.12323399573659E-17));
#2232=DIRECTION('ref_axis',(0.0714739124623143,0.,-0.997442469437375));
#2233=DIRECTION('center_axis',(1.16194259830981E-20,-1.,6.11757540854389E-17));
#2234=DIRECTION('ref_axis',(-0.997442469437376,-4.38406020126422E-18,-0.0714739124623058));
#2235=DIRECTION('center_axis',(-1.16194259830981E-20,1.,-6.11757540854389E-17));
#2236=DIRECTION('ref_axis',(-0.997442469437376,-4.38406020126423E-18,-0.0714739124623058));
#2237=DIRECTION('center_axis',(1.15375090267671E-30,1.,-6.12323399573659E-17));
#2238=DIRECTION('ref_axis',(0.0714739124622897,0.,-0.997442469437377));
#2239=DIRECTION('center_axis',(1.16194259830981E-20,-1.,6.11757540854389E-17));
#2240=DIRECTION('ref_axis',(-0.997442469437376,-4.38406020126422E-18,-0.0714739124623058));
#2241=DIRECTION('center_axis',(-1.16194259830981E-20,1.,-6.11757540854389E-17));
#2242=DIRECTION('ref_axis',(-0.997442469437376,-4.38406020126423E-18,-0.0714739124623058));
#2243=DIRECTION('center_axis',(1.15375090267671E-30,1.,-6.12323399573659E-17));
#2244=DIRECTION('ref_axis',(0.0714739124623058,-6.1075736376504E-17,-0.997442469437376));
#2245=DIRECTION('center_axis',(1.15375090267671E-30,1.,-6.12323399573659E-17));
#2246=DIRECTION('ref_axis',(0.0714739124623058,-6.1075736376504E-17,-0.997442469437376));
#2247=DIRECTION('center_axis',(0.,1.,0.));
#2248=DIRECTION('ref_axis',(-0.997442469437376,0.,-0.0714739124623058));
#2249=DIRECTION('',(0.,1.,0.));
#2250=DIRECTION('center_axis',(0.,1.,0.));
#2251=DIRECTION('ref_axis',(-0.997442469437376,0.,-0.0714739124623058));
#2252=DIRECTION('',(0.,1.,0.));
#2253=DIRECTION('center_axis',(1.,-1.64089231261792E-31,0.));
#2254=DIRECTION('ref_axis',(0.,-0.707106781186547,-0.707106781186547));
#2255=DIRECTION('center_axis',(1.,0.,-1.48029736616688E-16));
#2256=DIRECTION('ref_axis',(0.,-1.,0.));
#2257=DIRECTION('',(1.,-1.64089231261792E-31,0.));
#2258=DIRECTION('center_axis',(-1.,0.,0.));
#2259=DIRECTION('ref_axis',(0.,-1.,0.));
#2260=DIRECTION('',(-1.,1.64089231261792E-31,0.));
#2261=DIRECTION('center_axis',(0.,0.,1.));
#2262=DIRECTION('ref_axis',(1.,0.,0.));
#2263=DIRECTION('center_axis',(0.,-1.,0.));
#2264=DIRECTION('ref_axis',(0.,0.,-1.));
#2265=DIRECTION('center_axis',(1.1842378929335E-16,0.,1.));
#2266=DIRECTION('ref_axis',(1.,0.,0.));
#2267=DIRECTION('center_axis',(0.,-1.,0.));
#2268=DIRECTION('ref_axis',(0.,0.,1.));
#2269=DIRECTION('center_axis',(0.,-1.,0.));
#2270=DIRECTION('ref_axis',(0.,0.,1.));
#2271=DIRECTION('',(0.,-1.,0.));
#2272=DIRECTION('center_axis',(0.,-1.,0.));
#2273=DIRECTION('ref_axis',(0.,0.,1.));
#2274=DIRECTION('',(0.,-1.,0.));
#2275=DIRECTION('center_axis',(0.,0.,1.));
#2276=DIRECTION('ref_axis',(-1.,0.,0.));
#2277=DIRECTION('',(0.,-1.,0.));
#2278=DIRECTION('',(-1.,0.,0.));
#2279=DIRECTION('center_axis',(0.,-1.,0.));
#2280=DIRECTION('ref_axis',(0.,0.,-1.));
#2281=DIRECTION('',(0.,-1.,0.));
#2282=DIRECTION('center_axis',(0.,-1.,0.));
#2283=DIRECTION('ref_axis',(0.,0.,-1.));
#2284=DIRECTION('center_axis',(0.,0.,-1.));
#2285=DIRECTION('ref_axis',(1.,0.,0.));
#2286=DIRECTION('',(1.,0.,0.));
#2287=DIRECTION('center_axis',(0.,-1.,0.));
#2288=DIRECTION('ref_axis',(1.,0.,0.));
#2289=DIRECTION('',(0.224722400028407,-2.72523267941842E-17,0.974422825535959));
#2290=DIRECTION('',(0.974422825535957,1.66762438186581E-16,-0.224722400028406));
#2291=CARTESIAN_POINT('',(0.,0.,0.));
#2292=CARTESIAN_POINT('',(0.,0.,0.));
#2293=CARTESIAN_POINT('Origin',(50.0000000745067,-14.5,-45.0000006705532));
#2294=CARTESIAN_POINT('',(49.8952763586071,-14.231872668236,-43.5409480099901));
#2295=CARTESIAN_POINT('',(49.8933483338799,-14.0681273317647,-43.5398272287572));
#2296=CARTESIAN_POINT('',(49.8952907927494,-14.5,-43.5387474528275));
#2297=CARTESIAN_POINT('',(50.8771140508331,-14.,-43.8265885210792));
#2298=CARTESIAN_POINT('Ctrl Pts',(49.8933483338799,-14.0681273317647,-43.5398272287572));
#2299=CARTESIAN_POINT('Ctrl Pts',(50.2404288608242,-14.0454182211765,-43.5179520885027));
#2300=CARTESIAN_POINT('Ctrl Pts',(50.5980657876526,-14.0227091105882,-43.6180027042245));
#2301=CARTESIAN_POINT('Ctrl Pts',(50.8771140508334,-14.,-43.8265885210795));
#2302=CARTESIAN_POINT('',(51.036805033855,-14.,-46.0383344073216));
#2303=CARTESIAN_POINT('Origin',(50.0000000745067,-14.,-45.0000006705532));
#2304=CARTESIAN_POINT('Ctrl Pts',(51.0368167496684,-14.,-46.0383515811619));
#2305=CARTESIAN_POINT('Ctrl Pts',(51.3544254183252,-14.0294969795986,-45.7184892402013));
#2306=CARTESIAN_POINT('Ctrl Pts',(51.5160521178292,-14.0589939591973,-45.2401649491455));
#2307=CARTESIAN_POINT('Ctrl Pts',(51.452720982348,-14.0884909387959,-44.7939555231739));
#2308=CARTESIAN_POINT('Ctrl Pts',(51.3855046325383,-14.1197974878411,-44.3203722116383));
#2309=CARTESIAN_POINT('Ctrl Pts',(51.0648825573143,-14.1511040368863,-43.8829649714262));
#2310=CARTESIAN_POINT('Ctrl Pts',(50.6335483902403,-14.1824105859315,-43.676520347261));
#2311=CARTESIAN_POINT('Ctrl Pts',(50.4063894653165,-14.1988979466997,-43.5677978243044));
#2312=CARTESIAN_POINT('Ctrl Pts',(50.148524278921,-14.2153853074679,-43.5231333311438));
#2313=CARTESIAN_POINT('Ctrl Pts',(49.8952763586071,-14.231872668236,-43.5409480099901));
#2314=CARTESIAN_POINT('Origin',(50.0000000745067,-14.5,-45.0000006705532));
#2315=CARTESIAN_POINT('',(49.8944858411727,-14.831872668236,-43.5368954931699));
#2316=CARTESIAN_POINT('',(49.8960357730126,-14.6681273317647,-43.5370758724309));
#2317=CARTESIAN_POINT('',(49.8952907927494,-14.5,-43.5387474528275));
#2318=CARTESIAN_POINT('Ctrl Pts',(49.8960357730126,-14.6681273317647,-43.5370758724309));
#2319=CARTESIAN_POINT('Ctrl Pts',(49.9503711905394,-14.6645640644931,-43.5327985209787));
#2320=CARTESIAN_POINT('Ctrl Pts',(50.004893349602,-14.6610007972214,-43.5316814770063));
#2321=CARTESIAN_POINT('Ctrl Pts',(50.0592812296726,-14.6574375299497,-43.5338803241025));
#2322=CARTESIAN_POINT('Ctrl Pts',(50.5371283023376,-14.6261309809045,-43.5531991989474));
#2323=CARTESIAN_POINT('Ctrl Pts',(51.0046100799347,-14.5948244318593,-43.8284791055878));
#2324=CARTESIAN_POINT('Ctrl Pts',(51.2533138687905,-14.5635178828141,-44.2369771579748));
#2325=CARTESIAN_POINT('Ctrl Pts',(51.5020176576463,-14.5322113337689,-44.6454752103618));
#2326=CARTESIAN_POINT('Ctrl Pts',(51.5319434577607,-14.5009047847237,-45.1871914084954));
#2327=CARTESIAN_POINT('Ctrl Pts',(51.3296616495539,-14.4695982356784,-45.6205566295376));
#2328=CARTESIAN_POINT('Ctrl Pts',(51.1273798413471,-14.4382916866332,-46.0539218505798));
#2329=CARTESIAN_POINT('Ctrl Pts',(50.6928904248191,-14.406985137588,-46.3789360945305));
#2330=CARTESIAN_POINT('Ctrl Pts',(50.2201133918174,-14.3756785885428,-46.4507015030563));
#2331=CARTESIAN_POINT('Ctrl Pts',(49.7473363588157,-14.3443720394976,-46.5224669115821));
#2332=CARTESIAN_POINT('Ctrl Pts',(49.2362717093403,-14.3130654904524,-46.340983484683));
#2333=CARTESIAN_POINT('Ctrl Pts',(48.9144356449739,-14.2817589414072,-45.9871182172014));
#2334=CARTESIAN_POINT('Ctrl Pts',(48.5925995806074,-14.250452392362,-45.6332529497199));
#2335=CARTESIAN_POINT('Ctrl Pts',(48.4599921013499,-14.2191458433168,-45.1070058416559));
#2336=CARTESIAN_POINT('Ctrl Pts',(48.5765105380843,-14.1878392942716,-44.643167518063));
#2337=CARTESIAN_POINT('Ctrl Pts',(48.6930289748187,-14.1565327452264,-44.17932919447));
#2338=CARTESIAN_POINT('Ctrl Pts',(49.0586733275449,-14.1252261961812,-43.7778996553482));
#2339=CARTESIAN_POINT('Ctrl Pts',(49.5085213216933,-14.0939196471359,-43.6178259152294));
#2340=CARTESIAN_POINT('Ctrl Pts',(49.6320590657973,-14.0853222086789,-43.5738662910857));
#2341=CARTESIAN_POINT('Ctrl Pts',(49.7619471740472,-14.0767247702218,-43.5481089345222));
#2342=CARTESIAN_POINT('Ctrl Pts',(49.8933483338799,-14.0681273317647,-43.5398272287572));
#2343=CARTESIAN_POINT('Ctrl Pts',(49.8952763586071,-14.231872668236,-43.5409480099901));
#2344=CARTESIAN_POINT('Ctrl Pts',(49.6676517760754,-14.2466918565131,-43.5569602198053));
#2345=CARTESIAN_POINT('Ctrl Pts',(49.4437573878253,-14.2615110447901,-43.623448067374));
#2346=CARTESIAN_POINT('Ctrl Pts',(49.2492429884522,-14.2763302330672,-43.7392650823185));
#2347=CARTESIAN_POINT('Ctrl Pts',(48.8383180126623,-14.3076367821124,-43.9839364496595));
#2348=CARTESIAN_POINT('Ctrl Pts',(48.5585143200066,-14.3389433311576,-44.4487611924599));
#2349=CARTESIAN_POINT('Ctrl Pts',(48.5345356823325,-14.3702498802028,-44.9264110161729));
#2350=CARTESIAN_POINT('Ctrl Pts',(48.5105570446584,-14.401556429248,-45.4040608398859));
#2351=CARTESIAN_POINT('Ctrl Pts',(48.742403461966,-14.4328629782932,-45.8945357445116));
#2352=CARTESIAN_POINT('Ctrl Pts',(49.1267230118109,-14.4641695273385,-46.1791576563626));
#2353=CARTESIAN_POINT('Ctrl Pts',(49.5110425616557,-14.4954760763837,-46.4637795682137));
#2354=CARTESIAN_POINT('Ctrl Pts',(50.0478352440378,-14.5267826254289,-46.5425484872901));
#2355=CARTESIAN_POINT('Ctrl Pts',(50.4977265147185,-14.5580891744741,-46.3803270454792));
#2356=CARTESIAN_POINT('Ctrl Pts',(50.9476177853993,-14.5893957235193,-46.2181056036683));
#2357=CARTESIAN_POINT('Ctrl Pts',(51.3106076443787,-14.6207022725645,-45.8148938009701));
#2358=CARTESIAN_POINT('Ctrl Pts',(51.4248430595072,-14.6520088216097,-45.3504934974286));
#2359=CARTESIAN_POINT('Ctrl Pts',(51.5390784746357,-14.6833153706549,-44.8860931938872));
#2360=CARTESIAN_POINT('Ctrl Pts',(51.4045594459132,-14.7146219197002,-44.3605043895025));
#2361=CARTESIAN_POINT('Ctrl Pts',(51.0812657060634,-14.7459284687454,-44.0080880615819));
#2362=CARTESIAN_POINT('Ctrl Pts',(50.7854253518976,-14.7745765352423,-43.6855981447827));
#2363=CARTESIAN_POINT('Ctrl Pts',(50.3315096843381,-14.8032246017391,-43.5081186127153));
#2364=CARTESIAN_POINT('Ctrl Pts',(49.8944858411727,-14.831872668236,-43.5368954931699));
#2365=CARTESIAN_POINT('Origin',(50.0000000745067,-14.5,-45.0000006705532));
#2366=CARTESIAN_POINT('',(49.896502747911,-15.431872668236,-43.5395338531978));
#2367=CARTESIAN_POINT('',(49.8954307576408,-15.2681273317647,-43.5409353230273));
#2368=CARTESIAN_POINT('',(49.8952907927494,-14.5,-43.5387474528275));
#2369=CARTESIAN_POINT('Ctrl Pts',(49.8954307576408,-15.2681273317647,-43.5409353230273));
#2370=CARTESIAN_POINT('Ctrl Pts',(50.136928078448,-15.2524033587643,-43.5236558715787));
#2371=CARTESIAN_POINT('Ctrl Pts',(50.3825081961468,-15.2366793857639,-43.5631954118462));
#2372=CARTESIAN_POINT('Ctrl Pts',(50.6015931688485,-15.2209554127634,-43.6616768105378));
#2373=CARTESIAN_POINT('Ctrl Pts',(51.0377930047786,-15.1896488637182,-43.857754019402));
#2374=CARTESIAN_POINT('Ctrl Pts',(51.3689631427069,-15.158342314673,-44.2874833026614));
#2375=CARTESIAN_POINT('Ctrl Pts',(51.4474327461566,-15.1270357656278,-44.7592451099584));
#2376=CARTESIAN_POINT('Ctrl Pts',(51.5259023496063,-15.0957292165826,-45.2310069172554));
#2377=CARTESIAN_POINT('Ctrl Pts',(51.3516714185775,-15.0644226675374,-45.74480124859));
#2378=CARTESIAN_POINT('Ctrl Pts',(51.0024298288619,-15.0331161184922,-46.0715230444917));
#2379=CARTESIAN_POINT('Ctrl Pts',(50.6531882391463,-15.001809569447,-46.3982448403933));
#2380=CARTESIAN_POINT('Ctrl Pts',(50.1289359907439,-14.9705030204018,-46.537894100862));
#2381=CARTESIAN_POINT('Ctrl Pts',(49.6634434313153,-14.9391964713566,-46.4282004841189));
#2382=CARTESIAN_POINT('Ctrl Pts',(49.1979508718868,-14.9078899223114,-46.3185068673758));
#2383=CARTESIAN_POINT('Ctrl Pts',(48.7912180014321,-14.8765833732662,-45.9594703734211));
#2384=CARTESIAN_POINT('Ctrl Pts',(48.6246056146321,-14.8452768242209,-45.5111874403924));
#2385=CARTESIAN_POINT('Ctrl Pts',(48.4579932278322,-14.8139702751757,-45.0629045073638));
#2386=CARTESIAN_POINT('Ctrl Pts',(48.5315013246869,-14.7826637261305,-44.5253751352612));
#2387=CARTESIAN_POINT('Ctrl Pts',(48.8123615569807,-14.7513571770853,-44.1382893707347));
#2388=CARTESIAN_POINT('Ctrl Pts',(49.0612546736336,-14.7236138953118,-43.7952611621552));
#2389=CARTESIAN_POINT('Ctrl Pts',(49.4729850491134,-14.6958706135383,-43.5703789500655));
#2390=CARTESIAN_POINT('Ctrl Pts',(49.8960357730126,-14.6681273317647,-43.5370758724309));
#2391=CARTESIAN_POINT('Ctrl Pts',(49.8944858411727,-14.831872668236,-43.5368954931699));
#2392=CARTESIAN_POINT('Ctrl Pts',(49.8539309136566,-14.8345311507844,-43.5395659293926));
#2393=CARTESIAN_POINT('Ctrl Pts',(49.8135214494798,-14.8371896333327,-43.5440125353067));
#2394=CARTESIAN_POINT('Ctrl Pts',(49.7733972695059,-14.839848115881,-43.5502842542315));
#2395=CARTESIAN_POINT('Ctrl Pts',(49.3008910237755,-14.8711546649262,-43.6241406262584));
#2396=CARTESIAN_POINT('Ctrl Pts',(48.867946983292,-14.9024612139714,-43.9510972217689));
#2397=CARTESIAN_POINT('Ctrl Pts',(48.6676174923415,-14.9337677630167,-44.3853608205697));
#2398=CARTESIAN_POINT('Ctrl Pts',(48.467288001391,-14.9650743120619,-44.8196244193704));
#2399=CARTESIAN_POINT('Ctrl Pts',(48.4995730599734,-14.9963808611071,-45.3611950214615));
#2400=CARTESIAN_POINT('Ctrl Pts',(48.7500768799572,-15.0276874101523,-45.768582431353));
#2401=CARTESIAN_POINT('Ctrl Pts',(49.000580699941,-15.0589939591975,-46.1759698412445));
#2402=CARTESIAN_POINT('Ctrl Pts',(49.4693032813261,-15.0903005082427,-46.4491740589363));
#2403=CARTESIAN_POINT('Ctrl Pts',(49.9472374001878,-15.1216070572879,-46.4663710287057));
#2404=CARTESIAN_POINT('Ctrl Pts',(50.4251715190494,-15.1529136063331,-46.4835679984751));
#2405=CARTESIAN_POINT('Ctrl Pts',(50.9123171753876,-15.1842201553784,-46.2447577203221));
#2406=CARTESIAN_POINT('Ctrl Pts',(51.1914524126878,-15.2155267044236,-45.8564276376248));
#2407=CARTESIAN_POINT('Ctrl Pts',(51.470587649988,-15.2468332534688,-45.4680975549276));
#2408=CARTESIAN_POINT('Ctrl Pts',(51.5417124682502,-15.278139802514,-44.9302476676861));
#2409=CARTESIAN_POINT('Ctrl Pts',(51.3731117222902,-15.3094463515592,-44.482709385685));
#2410=CARTESIAN_POINT('Ctrl Pts',(51.2045109763303,-15.3407529006044,-44.0351711036838));
#2411=CARTESIAN_POINT('Ctrl Pts',(50.7961846661482,-15.3720594496496,-43.677944426923));
#2412=CARTESIAN_POINT('Ctrl Pts',(50.330208678557,-15.4033659986949,-43.5703195332531));
#2413=CARTESIAN_POINT('Ctrl Pts',(50.1887747624649,-15.4128682218752,-43.5376530212738));
#2414=CARTESIAN_POINT('Ctrl Pts',(50.0420298385691,-15.4223704450556,-43.5279812089597));
#2415=CARTESIAN_POINT('Ctrl Pts',(49.896502747911,-15.431872668236,-43.5395338531978));
#2416=CARTESIAN_POINT('Origin',(50.0000000745067,-14.5,-45.0000006705532));
#2417=CARTESIAN_POINT('',(49.8942198733304,-16.031872668236,-43.5397525574693));
#2418=CARTESIAN_POINT('',(49.8943449434649,-15.8681273317647,-43.5371465901292));
#2419=CARTESIAN_POINT('',(49.8952907927494,-14.5,-43.5387474528275));
#2420=CARTESIAN_POINT('Ctrl Pts',(49.8943449434649,-15.8681273317647,-43.5371465901292));
#2421=CARTESIAN_POINT('Ctrl Pts',(50.3199396220833,-15.8402426530356,-43.5095794717094));
#2422=CARTESIAN_POINT('Ctrl Pts',(50.7617658725154,-15.8123579743064,-43.6755428467522));
#2423=CARTESIAN_POINT('Ctrl Pts',(51.0571678045222,-15.7844732955772,-43.9824441343678));
#2424=CARTESIAN_POINT('Ctrl Pts',(51.3888200054401,-15.753166746532,-44.3270068351288));
#2425=CARTESIAN_POINT('Ctrl Pts',(51.5359059446855,-15.7218601974868,-44.8492202426252));
#2426=CARTESIAN_POINT('Ctrl Pts',(51.4328388280894,-15.6905536484416,-45.3162253798104));
#2427=CARTESIAN_POINT('Ctrl Pts',(51.3297717114934,-15.6592470993964,-45.7832305169956));
#2428=CARTESIAN_POINT('Ctrl Pts',(50.9765515390559,-15.6279405503512,-46.1950273838694));
#2429=CARTESIAN_POINT('Ctrl Pts',(50.5306819386444,-15.5966340013059,-46.3679925292435));
#2430=CARTESIAN_POINT('Ctrl Pts',(50.0848123382328,-15.5653274522607,-46.5409576746175));
#2431=CARTESIAN_POINT('Ctrl Pts',(49.5462933098472,-15.5340209032155,-46.4750910984917));
#2432=CARTESIAN_POINT('Ctrl Pts',(49.1552546980608,-15.5027143541703,-46.1997632343499));
#2433=CARTESIAN_POINT('Ctrl Pts',(48.7642160862743,-15.4714078051251,-45.9244353702081));
#2434=CARTESIAN_POINT('Ctrl Pts',(48.520657891087,-15.4401012560799,-45.4396462180504));
#2435=CARTESIAN_POINT('Ctrl Pts',(48.5331845550192,-15.4087947070347,-44.9615670197787));
#2436=CARTESIAN_POINT('Ctrl Pts',(48.5457112189513,-15.3774881579895,-44.4834878215069));
#2437=CARTESIAN_POINT('Ctrl Pts',(48.814322742003,-15.3461816089443,-44.0121185771213));
#2438=CARTESIAN_POINT('Ctrl Pts',(49.2192432704948,-15.3148750598991,-43.757646522163));
#2439=CARTESIAN_POINT('Ctrl Pts',(49.420789116963,-15.2992924838543,-43.630985159969));
#2440=CARTESIAN_POINT('Ctrl Pts',(49.6561050881051,-15.2837099078095,-43.5580593899665));
#2441=CARTESIAN_POINT('Ctrl Pts',(49.8954307576408,-15.2681273317647,-43.5409353230273));
#2442=CARTESIAN_POINT('Ctrl Pts',(49.896502747911,-15.431872668236,-43.5395338531978));
#2443=CARTESIAN_POINT('Ctrl Pts',(49.5625682520958,-15.4536769941009,-43.566043188412));
#2444=CARTESIAN_POINT('Ctrl Pts',(49.2350461871717,-15.4754813199657,-43.704308679249));
#2445=CARTESIAN_POINT('Ctrl Pts',(48.9928204591569,-15.4972856458305,-43.9329415845106));
#2446=CARTESIAN_POINT('Ctrl Pts',(48.645033892348,-15.5285921948757,-44.2612116400168));
#2447=CARTESIAN_POINT('Ctrl Pts',(48.4730864237303,-15.5598987439209,-44.7757748616081));
#2448=CARTESIAN_POINT('Ctrl Pts',(48.5536507182422,-15.5912052929661,-45.247183525381));
#2449=CARTESIAN_POINT('Ctrl Pts',(48.634215012754,-15.6225118420114,-45.7185921891538));
#2450=CARTESIAN_POINT('Ctrl Pts',(48.9672910703954,-15.6538183910566,-46.1468462951082));
#2451=CARTESIAN_POINT('Ctrl Pts',(49.4043577952412,-15.6851249401018,-46.3409839673253));
#2452=CARTESIAN_POINT('Ctrl Pts',(49.841424520087,-15.716431489147,-46.5351216395423));
#2453=CARTESIAN_POINT('Ctrl Pts',(50.3824819121373,-15.7477380381922,-46.495142878022));
#2454=CARTESIAN_POINT('Ctrl Pts',(50.7862680363352,-15.7790445872374,-46.2388745977575));
#2455=CARTESIAN_POINT('Ctrl Pts',(51.1900541605332,-15.8103511362826,-45.9826063174929));
#2456=CARTESIAN_POINT('Ctrl Pts',(51.4565690168788,-15.8416576853278,-45.5100485184841));
#2457=CARTESIAN_POINT('Ctrl Pts',(51.4669720437922,-15.8729642343731,-45.0319182483496));
#2458=CARTESIAN_POINT('Ctrl Pts',(51.4773750707056,-15.9042707834183,-44.553787978215));
#2459=CARTESIAN_POINT('Ctrl Pts',(51.2316662681867,-15.9355773324635,-44.0700852369547));
#2460=CARTESIAN_POINT('Ctrl Pts',(50.8394080890167,-15.9668838815087,-43.7964971582351));
#2461=CARTESIAN_POINT('Ctrl Pts',(50.5679805025043,-15.9885468104178,-43.6071847210475));
#2462=CARTESIAN_POINT('Ctrl Pts',(50.2263834890925,-16.0102097393269,-43.5184774572871));
#2463=CARTESIAN_POINT('Ctrl Pts',(49.8942198733304,-16.031872668236,-43.5397525574693));
#2464=CARTESIAN_POINT('Origin',(50.0000000745067,-14.5,-45.0000006705532));
#2465=CARTESIAN_POINT('',(49.895758142576,-16.631872668236,-43.5367718846083));
#2466=CARTESIAN_POINT('',(49.8965366629398,-16.4681273317647,-43.5392236026658));
#2467=CARTESIAN_POINT('',(49.8952907927494,-14.5,-43.5387474528275));
#2468=CARTESIAN_POINT('',(51.0354602647004,-17.,-46.0363631527581));
#2469=CARTESIAN_POINT('Ctrl Pts',(49.895758142576,-16.631872668236,-43.5367718846083));
#2470=CARTESIAN_POINT('Ctrl Pts',(49.4570308381895,-16.6606621316886,-43.5706453845632));
#2471=CARTESIAN_POINT('Ctrl Pts',(49.0313189912022,-16.6894515951412,-43.8134624185144));
#2472=CARTESIAN_POINT('Ctrl Pts',(48.7847810526458,-16.7182410585938,-44.1777504849355));
#2473=CARTESIAN_POINT('Ctrl Pts',(48.5166881068487,-16.749547607639,-44.5738885455414));
#2474=CARTESIAN_POINT('Ctrl Pts',(48.4604693339931,-16.7808541566843,-45.1136667977706));
#2475=CARTESIAN_POINT('Ctrl Pts',(48.6419321121966,-16.8121607057295,-45.5561523609967));
#2476=CARTESIAN_POINT('Ctrl Pts',(48.8233948904002,-16.8434672547747,-45.9986379242227));
#2477=CARTESIAN_POINT('Ctrl Pts',(49.242539219663,-16.8747738038199,-46.3438307984458));
#2478=CARTESIAN_POINT('Ctrl Pts',(49.7106149275935,-16.9060803528651,-46.4381287890526));
#2479=CARTESIAN_POINT('Ctrl Pts',(50.178690635524,-16.9373869019103,-46.5324267796595));
#2480=CARTESIAN_POINT('Ctrl Pts',(50.6956977221221,-16.9686934509555,-46.3758298866502));
#2481=CARTESIAN_POINT('Ctrl Pts',(51.0354602647046,-17.0000000000007,-46.036363152755));
#2482=CARTESIAN_POINT('',(50.8781637861204,-16.9999999999995,-43.8244458749968));
#2483=CARTESIAN_POINT('Origin',(50.0000000745067,-17.,-45.0000006705532));
#2484=CARTESIAN_POINT('Ctrl Pts',(50.8781729362557,-16.9999999999997,-43.8244271983763));
#2485=CARTESIAN_POINT('Ctrl Pts',(51.2381435340851,-16.9705030204012,-44.0957361652748));
#2486=CARTESIAN_POINT('Ctrl Pts',(51.4663189797374,-16.9410060408028,-44.5461282117627));
#2487=CARTESIAN_POINT('Ctrl Pts',(51.4672563546128,-16.9115090612044,-44.9968084837078));
#2488=CARTESIAN_POINT('Ctrl Pts',(51.4682512352043,-16.8802025121592,-45.4751369169725));
#2489=CARTESIAN_POINT('Ctrl Pts',(51.21327179878,-16.848895963114,-45.9537900243304));
#2490=CARTESIAN_POINT('Ctrl Pts',(50.8157800761952,-16.8175894140688,-46.2196259272319));
#2491=CARTESIAN_POINT('Ctrl Pts',(50.4182883536104,-16.7862828650237,-46.4854618301334));
#2492=CARTESIAN_POINT('Ctrl Pts',(49.8782843448651,-16.7549763159785,-46.5384805285784));
#2493=CARTESIAN_POINT('Ctrl Pts',(49.4366720765322,-16.7236697669333,-46.3548996221684));
#2494=CARTESIAN_POINT('Ctrl Pts',(48.9950598081993,-16.6923632178881,-46.1713187157585));
#2495=CARTESIAN_POINT('Ctrl Pts',(48.6518392802789,-16.6610566688429,-45.7511382044935));
#2496=CARTESIAN_POINT('Ctrl Pts',(48.5600012930388,-16.6297501197977,-45.2817875706439));
#2497=CARTESIAN_POINT('Ctrl Pts',(48.4681633057988,-16.5984435707525,-44.8124369367944));
#2498=CARTESIAN_POINT('Ctrl Pts',(48.6277078592391,-16.5671370217073,-44.2939161803604));
#2499=CARTESIAN_POINT('Ctrl Pts',(48.9675186921029,-16.5358304726622,-43.957405197407));
#2500=CARTESIAN_POINT('Ctrl Pts',(49.2124755397648,-16.5132627590297,-43.7148270874239));
#2501=CARTESIAN_POINT('Ctrl Pts',(49.5511064217919,-16.4906950453972,-43.5668290055545));
#2502=CARTESIAN_POINT('Ctrl Pts',(49.8965366629398,-16.4681273317647,-43.5392236026658));
#2503=CARTESIAN_POINT('Origin',(40.0000000745066,-14.5,-45.0000006705532));
#2504=CARTESIAN_POINT('',(39.8952775327472,-14.231872668236,-43.5409530247611));
#2505=CARTESIAN_POINT('',(39.8933642649342,-14.0681273317647,-43.5398110671784));
#2506=CARTESIAN_POINT('',(39.8952907927493,-14.5,-43.5387474528275));
#2507=CARTESIAN_POINT('',(40.8771140508331,-14.,-43.8265885210792));
#2508=CARTESIAN_POINT('Ctrl Pts',(39.8933642649342,-14.0681273317647,-43.5398110671784));
#2509=CARTESIAN_POINT('Ctrl Pts',(40.2404385606277,-14.0454182211764,-43.5179419781202));
#2510=CARTESIAN_POINT('Ctrl Pts',(40.598065787653,-14.0227091105882,-43.6180027042246));
#2511=CARTESIAN_POINT('Ctrl Pts',(40.8771140508339,-13.9999999999999,-43.8265885210798));
#2512=CARTESIAN_POINT('',(41.0368012309798,-14.,-46.0383314850278));
#2513=CARTESIAN_POINT('Origin',(40.0000000745066,-14.,-45.0000006705532));
#2514=CARTESIAN_POINT('Ctrl Pts',(41.0368129930019,-14.,-46.0383487498675));
#2515=CARTESIAN_POINT('Ctrl Pts',(41.3544259136769,-14.0294969795986,-45.7184853644906));
#2516=CARTESIAN_POINT('Ctrl Pts',(41.5160451468965,-14.0589939591973,-45.2401636739627));
#2517=CARTESIAN_POINT('Ctrl Pts',(41.4527128370487,-14.0884909387959,-44.7939562409164));
#2518=CARTESIAN_POINT('Ctrl Pts',(41.3854952408278,-14.1197974878411,-44.3203750445675));
#2519=CARTESIAN_POINT('Ctrl Pts',(41.0648790067785,-14.1511040368863,-43.8829692351028));
#2520=CARTESIAN_POINT('Ctrl Pts',(40.6335474474907,-14.1824105859315,-43.6765251648398));
#2521=CARTESIAN_POINT('Ctrl Pts',(40.4063898959383,-14.1988979466997,-43.5678029335918));
#2522=CARTESIAN_POINT('Ctrl Pts',(40.1485251861264,-14.2153853074678,-43.5231384889445));
#2523=CARTESIAN_POINT('Ctrl Pts',(39.8952775327472,-14.231872668236,-43.5409530247611));
#2524=CARTESIAN_POINT('Origin',(40.0000000745066,-14.5,-45.0000006705532));
#2525=CARTESIAN_POINT('',(39.8944861968165,-14.831872668236,-43.5369005545212));
#2526=CARTESIAN_POINT('',(39.8960363684824,-14.6681273317647,-43.5370808743237));
#2527=CARTESIAN_POINT('',(39.8952907927493,-14.5,-43.5387474528275));
#2528=CARTESIAN_POINT('Ctrl Pts',(39.8960363684824,-14.6681273317647,-43.5370808743237));
#2529=CARTESIAN_POINT('Ctrl Pts',(39.9503715921954,-14.664564064493,-43.5328035412172));
#2530=CARTESIAN_POINT('Ctrl Pts',(40.0048935510641,-14.6610007972213,-43.5316865066551));
#2531=CARTESIAN_POINT('Ctrl Pts',(40.0592812244547,-14.6574375299496,-43.5338853540892));
#2532=CARTESIAN_POINT('Ctrl Pts',(40.5371264812458,-14.6261309809044,-43.5532042319022));
#2533=CARTESIAN_POINT('Ctrl Pts',(41.0046059422864,-14.5948244318592,-43.8284834411769));
#2534=CARTESIAN_POINT('Ctrl Pts',(41.2533091502894,-14.563517882814,-44.2369799236802));
#2535=CARTESIAN_POINT('Ctrl Pts',(41.5020123582924,-14.5322113337687,-44.6454764061836));
#2536=CARTESIAN_POINT('Ctrl Pts',(41.5319393132578,-14.5009047847235,-45.1871901619156));
#2537=CARTESIAN_POINT('Ctrl Pts',(41.3296577261898,-14.4695982356783,-45.6205542082221));
#2538=CARTESIAN_POINT('Ctrl Pts',(41.1273761391218,-14.4382916866331,-46.0539182545285));
#2539=CARTESIAN_POINT('Ctrl Pts',(40.6928860100204,-14.4069851375879,-46.3789325914092));
#2540=CARTESIAN_POINT('Ctrl Pts',(40.2201114520412,-14.3756785885427,-46.4506969871246));
#2541=CARTESIAN_POINT('Ctrl Pts',(39.7473368940619,-14.3443720394975,-46.5224613828399));
#2542=CARTESIAN_POINT('Ctrl Pts',(39.2362779072048,-14.3130654904523,-46.3409758373897));
#2543=CARTESIAN_POINT('Ctrl Pts',(38.9144419927133,-14.2817589414071,-45.9871130355942));
#2544=CARTESIAN_POINT('Ctrl Pts',(38.5926060782219,-14.2504523923619,-45.6332502337988));
#2545=CARTESIAN_POINT('Ctrl Pts',(38.459993236096,-14.2191458433167,-45.107010175658));
#2546=CARTESIAN_POINT('Ctrl Pts',(38.5765158409409,-14.1878392942714,-44.643167074745));
#2547=CARTESIAN_POINT('Ctrl Pts',(38.6930384457857,-14.1565327452262,-44.179323973832));
#2548=CARTESIAN_POINT('Ctrl Pts',(39.0586964976012,-14.125226196181,-43.7778778301468));
#2549=CARTESIAN_POINT('Ctrl Pts',(39.508542124008,-14.0939196471358,-43.6178053951875));
#2550=CARTESIAN_POINT('Ctrl Pts',(39.63207921788,-14.0853222086788,-43.5738461294682));
#2551=CARTESIAN_POINT('Ctrl Pts',(39.76196546419,-14.0767247702217,-43.548090482022));
#2552=CARTESIAN_POINT('Ctrl Pts',(39.8933642649342,-14.0681273317647,-43.5398110671784));
#2553=CARTESIAN_POINT('Ctrl Pts',(39.8952775327472,-14.231872668236,-43.5409530247611));
#2554=CARTESIAN_POINT('Ctrl Pts',(39.6676531901415,-14.246691856513,-43.5569651060183));
#2555=CARTESIAN_POINT('Ctrl Pts',(39.4437588724466,-14.2615110447901,-43.6234526702856));
#2556=CARTESIAN_POINT('Ctrl Pts',(39.2492448732166,-14.2763302330672,-43.7392692846919));
#2557=CARTESIAN_POINT('Ctrl Pts',(38.8383207427568,-14.3076367821124,-43.9839398058683));
#2558=CARTESIAN_POINT('Ctrl Pts',(38.5585193663636,-14.3389433311576,-44.4487631792824));
#2559=CARTESIAN_POINT('Ctrl Pts',(38.5345411284653,-14.3702498802028,-44.926411380601));
#2560=CARTESIAN_POINT('Ctrl Pts',(38.510562890567,-14.401556429248,-45.4040595819196));
#2561=CARTESIAN_POINT('Ctrl Pts',(38.7424077911635,-14.4328629782932,-45.8945326111427));
#2562=CARTESIAN_POINT('Ctrl Pts',(39.1267258409781,-14.4641695273385,-46.1791535062458));
#2563=CARTESIAN_POINT('Ctrl Pts',(39.5110438907926,-14.4954760763837,-46.4637744013489));
#2564=CARTESIAN_POINT('Ctrl Pts',(40.0478350898252,-14.5267826254289,-46.5425431623321));
#2565=CARTESIAN_POINT('Ctrl Pts',(40.4977248923603,-14.5580891744741,-46.3803223048938));
#2566=CARTESIAN_POINT('Ctrl Pts',(40.9476146948955,-14.5893957235193,-46.2181014474555));
#2567=CARTESIAN_POINT('Ctrl Pts',(41.3106031009333,-14.6207022725645,-45.8148909715957));
#2568=CARTESIAN_POINT('Ctrl Pts',(41.4248380733436,-14.6520088216097,-45.3504922615841));
#2569=CARTESIAN_POINT('Ctrl Pts',(41.5390730457539,-14.6833153706549,-44.8860935515726));
#2570=CARTESIAN_POINT('Ctrl Pts',(41.4045545845367,-14.7146219197002,-44.3605066074094));
#2571=CARTESIAN_POINT('Ctrl Pts',(41.0812619887806,-14.7459284687454,-44.0080915086109));
#2572=CARTESIAN_POINT('Ctrl Pts',(40.7854226815547,-14.7745765352422,-43.6856027165596));
#2573=CARTESIAN_POINT('Ctrl Pts',(40.3315085437564,-14.8032246017391,-43.5081237807728));
#2574=CARTESIAN_POINT('Ctrl Pts',(39.8944861968165,-14.831872668236,-43.5369005545212));
#2575=CARTESIAN_POINT('Origin',(40.0000000745066,-14.5,-45.0000006705532));
#2576=CARTESIAN_POINT('',(39.8965031058997,-15.431872668236,-43.5395389102846));
#2577=CARTESIAN_POINT('',(39.895431123405,-15.2681273317646,-43.5409403827624));
#2578=CARTESIAN_POINT('',(39.8952907927493,-14.5,-43.5387474528275));
#2579=CARTESIAN_POINT('Ctrl Pts',(39.895431123405,-15.2681273317646,-43.5409403827624));
#2580=CARTESIAN_POINT('Ctrl Pts',(40.136927608436,-15.2524033587642,-43.5236609910479));
#2581=CARTESIAN_POINT('Ctrl Pts',(40.382506875492,-15.2366793857638,-43.5632003941088));
#2582=CARTESIAN_POINT('Ctrl Pts',(40.6015910865092,-15.2209554127633,-43.6616814515671));
#2583=CARTESIAN_POINT('Ctrl Pts',(41.0377894059195,-15.1896488637181,-43.8577579810332));
#2584=CARTESIAN_POINT('Ctrl Pts',(41.3689583799687,-15.1583423146729,-44.28748577611));
#2585=CARTESIAN_POINT('Ctrl Pts',(41.4474277183984,-15.1270357656277,-44.759245945922));
#2586=CARTESIAN_POINT('Ctrl Pts',(41.5258970568281,-15.0957292165825,-45.231006115734));
#2587=CARTESIAN_POINT('Ctrl Pts',(41.3516667596382,-15.0644226675373,-45.7447986602813));
#2588=CARTESIAN_POINT('Ctrl Pts',(41.0024263676019,-15.0331161184921,-46.071519326082));
#2589=CARTESIAN_POINT('Ctrl Pts',(40.6531859755655,-15.0018095694469,-46.3982399918827));
#2590=CARTESIAN_POINT('Ctrl Pts',(40.1289354886826,-14.9705030204017,-46.5378887789369));
#2591=CARTESIAN_POINT('Ctrl Pts',(39.6634445691356,-14.9391964713565,-46.4281955359881));
#2592=CARTESIAN_POINT('Ctrl Pts',(39.1979536495885,-14.9078899223113,-46.3185022930393));
#2593=CARTESIAN_POINT('Ctrl Pts',(38.7912222973773,-14.876583373266,-45.9594670200874));
#2594=CARTESIAN_POINT('Ctrl Pts',(38.6246104408407,-14.8452768242208,-45.5111856563511));
#2595=CARTESIAN_POINT('Ctrl Pts',(38.4579985843041,-14.8139702751756,-45.0629042926149));
#2596=CARTESIAN_POINT('Ctrl Pts',(38.531506223442,-14.7826637261304,-44.5253768380942));
#2597=CARTESIAN_POINT('Ctrl Pts',(38.8123655692819,-14.7513571770852,-44.1382923840095));
#2598=CARTESIAN_POINT('Ctrl Pts',(39.0612579003756,-14.7236138953117,-43.7952653367194));
#2599=CARTESIAN_POINT('Ctrl Pts',(39.4729871536014,-14.6958706135382,-43.5703838091213));
#2600=CARTESIAN_POINT('Ctrl Pts',(39.8960363684824,-14.6681273317647,-43.5370808743237));
#2601=CARTESIAN_POINT('Ctrl Pts',(39.8944861968165,-14.831872668236,-43.5369005545212));
#2602=CARTESIAN_POINT('Ctrl Pts',(39.8539314081469,-14.8345311507843,-43.5395709808418));
#2603=CARTESIAN_POINT('Ctrl Pts',(39.8135220825278,-14.8371896333327,-43.5440175708));
#2604=CARTESIAN_POINT('Ctrl Pts',(39.7733980404102,-14.839848115881,-43.5502892675757));
#2605=CARTESIAN_POINT('Ctrl Pts',(39.3008934180911,-14.8711546649262,-43.6241453787731));
#2606=CARTESIAN_POINT('Ctrl Pts',(38.8679509037477,-14.9024612139714,-43.9511008546018));
#2607=CARTESIAN_POINT('Ctrl Pts',(38.6676221130841,-14.9337677630166,-44.3853629525078));
#2608=CARTESIAN_POINT('Ctrl Pts',(38.4672933224204,-14.9650743120619,-44.8196250504137));
#2609=CARTESIAN_POINT('Ctrl Pts',(38.4995782554365,-14.9963808611071,-45.3611937703969));
#2610=CARTESIAN_POINT('Ctrl Pts',(38.7500812045857,-15.0276874101523,-45.7685797680314));
#2611=CARTESIAN_POINT('Ctrl Pts',(39.0005841537349,-15.0589939591975,-46.175965765666));
#2612=CARTESIAN_POINT('Ctrl Pts',(39.4693051190172,-15.0903005082427,-46.4491690409518));
#2613=CARTESIAN_POINT('Ctrl Pts',(39.9472375846716,-15.1216070572879,-46.4663659520213));
#2614=CARTESIAN_POINT('Ctrl Pts',(40.4251700503259,-15.1529136063331,-46.4835628630908));
#2615=CARTESIAN_POINT('Ctrl Pts',(40.9123140163523,-15.1842201553783,-46.244753409944));
#2616=CARTESIAN_POINT('Ctrl Pts',(41.191448286124,-15.2155267044235,-45.8564246714906));
#2617=CARTESIAN_POINT('Ctrl Pts',(41.4705825558957,-15.2468332534688,-45.4680959330371));
#2618=CARTESIAN_POINT('Ctrl Pts',(41.5417071294128,-15.278139802514,-44.930247909277));
#2619=CARTESIAN_POINT('Ctrl Pts',(41.3731069678578,-15.3094463515592,-44.4827111772268));
#2620=CARTESIAN_POINT('Ctrl Pts',(41.2045068063028,-15.3407529006044,-44.0351744451766));
#2621=CARTESIAN_POINT('Ctrl Pts',(40.7961819096758,-15.3720594496496,-43.6779490048364));
#2622=CARTESIAN_POINT('Ctrl Pts',(40.3302075351612,-15.4033659986948,-43.5703244837334));
#2623=CARTESIAN_POINT('Ctrl Pts',(40.1887741086732,-15.4128682218752,-43.5376580848363));
#2624=CARTESIAN_POINT('Ctrl Pts',(40.0420296927625,-15.4223704450556,-43.5279863060215));
#2625=CARTESIAN_POINT('Ctrl Pts',(39.8965031058997,-15.431872668236,-43.5395389102846));
#2626=CARTESIAN_POINT('Origin',(40.0000000745066,-14.5,-45.0000006705532));
#2627=CARTESIAN_POINT('',(39.8942202060354,-16.031872668236,-43.539757611898));
#2628=CARTESIAN_POINT('',(39.8943453118988,-15.8681273317647,-43.5371516619709));
#2629=CARTESIAN_POINT('',(39.8952907927493,-14.5,-43.5387474528275));
#2630=CARTESIAN_POINT('Ctrl Pts',(39.8943453118988,-15.8681273317647,-43.5371516619709));
#2631=CARTESIAN_POINT('Ctrl Pts',(40.3199385151085,-15.8402426530355,-43.5095846388062));
#2632=CARTESIAN_POINT('Ctrl Pts',(40.7617632306404,-15.8123579743063,-43.6755474402537));
#2633=CARTESIAN_POINT('Ctrl Pts',(41.0571641373716,-15.7844732955771,-43.9824476640233));
#2634=CARTESIAN_POINT('Ctrl Pts',(41.3888151871971,-15.7531667465319,-44.3270091703883));
#2635=CARTESIAN_POINT('Ctrl Pts',(41.5359006177264,-15.7218601974867,-44.8492207655328));
#2636=CARTESIAN_POINT('Ctrl Pts',(41.4328338591262,-15.6905536484415,-45.3162242827749));
#2637=CARTESIAN_POINT('Ctrl Pts',(41.3297671005261,-15.6592470993963,-45.7832278000171));
#2638=CARTESIAN_POINT('Ctrl Pts',(40.9765481527966,-15.6279405503511,-46.1950232393567));
#2639=CARTESIAN_POINT('Ctrl Pts',(40.5306800982405,-15.5966340013058,-46.3679877850505));
#2640=CARTESIAN_POINT('Ctrl Pts',(40.0848120436844,-15.5653274522606,-46.5409523307444));
#2641=CARTESIAN_POINT('Ctrl Pts',(39.5462948823017,-15.5340209032154,-46.4750859827925));
#2642=CARTESIAN_POINT('Ctrl Pts',(39.1552576272992,-15.5027143541702,-46.1997590733832));
#2643=CARTESIAN_POINT('Ctrl Pts',(38.7642203722966,-15.471407805125,-45.9244321639738));
#2644=CARTESIAN_POINT('Ctrl Pts',(38.5206630236741,-15.4401012560798,-45.439644693107));
#2645=CARTESIAN_POINT('Ctrl Pts',(38.5331896431136,-15.4087947070346,-44.9615671530319));
#2646=CARTESIAN_POINT('Ctrl Pts',(38.5457162625531,-15.3774881579894,-44.4834896129569));
#2647=CARTESIAN_POINT('Ctrl Pts',(38.8143268500546,-15.3461816089442,-44.0121220036735));
#2648=CARTESIAN_POINT('Ctrl Pts',(39.2192459761911,-15.314875059899,-43.7576508309595));
#2649=CARTESIAN_POINT('Ctrl Pts',(39.4207911246484,-15.2992924838542,-43.6309899078954));
#2650=CARTESIAN_POINT('Ctrl Pts',(39.6561062821301,-15.2837099078094,-43.5580643905047));
#2651=CARTESIAN_POINT('Ctrl Pts',(39.895431123405,-15.2681273317646,-43.5409403827624));
#2652=CARTESIAN_POINT('Ctrl Pts',(39.8965031058997,-15.431872668236,-43.5395389102846));
#2653=CARTESIAN_POINT('Ctrl Pts',(39.5625697661208,-15.4536769941008,-43.5660481537698));
#2654=CARTESIAN_POINT('Ctrl Pts',(39.2350488351717,-15.4754813199656,-43.7043131660036));
#2655=CARTESIAN_POINT('Ctrl Pts',(38.9928239463614,-15.4972856458305,-43.9329452795958));
#2656=CARTESIAN_POINT('Ctrl Pts',(38.6450385844785,-15.5285921948757,-44.2612141984269));
#2657=CARTESIAN_POINT('Ctrl Pts',(38.473091713115,-15.5598987439209,-44.7757756379547));
#2658=CARTESIAN_POINT('Ctrl Pts',(38.5536557276009,-15.5912052929661,-45.2471826693402));
#2659=CARTESIAN_POINT('Ctrl Pts',(38.6342197420868,-15.6225118420113,-45.7185897007258));
#2660=CARTESIAN_POINT('Ctrl Pts',(38.9672946424221,-15.6538183910565,-46.1468423239691));
#2661=CARTESIAN_POINT('Ctrl Pts',(39.4043598557684,-15.6851249401017,-46.3409793239443));
#2662=CARTESIAN_POINT('Ctrl Pts',(39.8414250691146,-15.7164314891469,-46.5351163239195));
#2663=CARTESIAN_POINT('Ctrl Pts',(40.3824805954719,-15.7477380381922,-46.4951377006265));
#2664=CARTESIAN_POINT('Ctrl Pts',(40.7862653177102,-15.7790445872374,-46.2388703076792));
#2665=CARTESIAN_POINT('Ctrl Pts',(41.1900500399486,-15.8103511362826,-45.982602914732));
#2666=CARTESIAN_POINT('Ctrl Pts',(41.4565639580682,-15.8416576853278,-45.5100467521304));
#2667=CARTESIAN_POINT('Ctrl Pts',(41.4669669561367,-15.872964234373,-45.0319181379714));
#2668=CARTESIAN_POINT('Ctrl Pts',(41.4773699542051,-15.9042707834182,-44.5537895238124));
#2669=CARTESIAN_POINT('Ctrl Pts',(41.2316620322225,-15.9355773324634,-44.0700884580959));
#2670=CARTESIAN_POINT('Ctrl Pts',(40.8394051976478,-15.9668838815086,-43.7965013257164));
#2671=CARTESIAN_POINT('Ctrl Pts',(40.5679785415436,-15.9885468104178,-43.6071895433597));
#2672=CARTESIAN_POINT('Ctrl Pts',(40.2263826807365,-16.0102097393269,-43.5184825852796));
#2673=CARTESIAN_POINT('Ctrl Pts',(39.8942202060354,-16.031872668236,-43.539757611898));
#2674=CARTESIAN_POINT('Origin',(40.0000000745066,-14.5,-45.0000006705532));
#2675=CARTESIAN_POINT('',(39.8957575599726,-16.631872668236,-43.5367767933848));
#2676=CARTESIAN_POINT('',(39.8965369986028,-16.4681273317646,-43.5392286681891));
#2677=CARTESIAN_POINT('',(39.8952907927493,-14.5,-43.5387474528275));
#2678=CARTESIAN_POINT('',(41.0354602647004,-17.,-46.0363631527581));
#2679=CARTESIAN_POINT('Ctrl Pts',(39.8957575599726,-16.631872668236,-43.5367767933848));
#2680=CARTESIAN_POINT('Ctrl Pts',(39.4570330651056,-16.6606621316886,-43.5706509545057));
#2681=CARTESIAN_POINT('Ctrl Pts',(39.0313261738125,-16.6894515951412,-43.8134688863493));
#2682=CARTESIAN_POINT('Ctrl Pts',(38.7847880581665,-16.7182410585937,-44.177754702012));
#2683=CARTESIAN_POINT('Ctrl Pts',(38.5166949197968,-16.749547607639,-44.5738903150741));
#2684=CARTESIAN_POINT('Ctrl Pts',(38.4604698848224,-16.7808541566842,-45.113662396462));
#2685=CARTESIAN_POINT('Ctrl Pts',(38.6419374531518,-16.8121607057294,-45.5561520775646));
#2686=CARTESIAN_POINT('Ctrl Pts',(38.8234050214812,-16.8434672547746,-45.9986417586673));
#2687=CARTESIAN_POINT('Ctrl Pts',(39.2425651931143,-16.8747738038198,-46.3438490394848));
#2688=CARTESIAN_POINT('Ctrl Pts',(39.7106383682743,-16.906080352865,-46.4381460714806));
#2689=CARTESIAN_POINT('Ctrl Pts',(40.1787115434344,-16.9373869019102,-46.5324431034764));
#2690=CARTESIAN_POINT('Ctrl Pts',(40.6956977221214,-16.9686934509554,-46.3758298866504));
#2691=CARTESIAN_POINT('Ctrl Pts',(41.035460264704,-17.0000000000006,-46.0363631527554));
#2692=CARTESIAN_POINT('',(40.8781604864564,-16.9999999999996,-43.8244493179727));
#2693=CARTESIAN_POINT('Origin',(40.0000000745066,-17.,-45.0000006705532));
#2694=CARTESIAN_POINT('Ctrl Pts',(40.8781696678475,-16.9999999999997,-43.8244305486719));
#2695=CARTESIAN_POINT('Ctrl Pts',(41.2381446354631,-16.9705030204013,-44.0957399458996));
#2696=CARTESIAN_POINT('Ctrl Pts',(41.466312260692,-16.9410060408028,-44.5461304770682));
#2697=CARTESIAN_POINT('Ctrl Pts',(41.4672481731625,-16.9115090612044,-44.9968089383756));
#2698=CARTESIAN_POINT('Ctrl Pts',(41.468241501634,-16.8802025121592,-45.4751354499237));
#2699=CARTESIAN_POINT('Ctrl Pts',(41.2132676751358,-16.848895963114,-45.9537863029008));
#2700=CARTESIAN_POINT('Ctrl Pts',(40.8157784630998,-16.8175894140688,-46.2196212845717));
#2701=CARTESIAN_POINT('Ctrl Pts',(40.4182892510637,-16.7862828650236,-46.4854562662425));
#2702=CARTESIAN_POINT('Ctrl Pts',(39.8782846534899,-16.7549763159784,-46.5384753766071));
#2703=CARTESIAN_POINT('Ctrl Pts',(39.4366733406519,-16.7236697669332,-46.354895188484));
#2704=CARTESIAN_POINT('Ctrl Pts',(38.9950620278138,-16.692363217888,-46.171315000361));
#2705=CARTESIAN_POINT('Ctrl Pts',(38.6518439997114,-16.6610566688429,-45.7511355137503));
#2706=CARTESIAN_POINT('Ctrl Pts',(38.5600066422574,-16.6297501197977,-45.2817864308019));
#2707=CARTESIAN_POINT('Ctrl Pts',(38.4681692848035,-16.5984435707525,-44.8124373478534));
#2708=CARTESIAN_POINT('Ctrl Pts',(38.6277125979979,-16.5671370217073,-44.2939186685673));
#2709=CARTESIAN_POINT('Ctrl Pts',(38.9675220880318,-16.5358304726621,-43.9574089079946));
#2710=CARTESIAN_POINT('Ctrl Pts',(39.2124779676981,-16.5132627590296,-43.7148316791798));
#2711=CARTESIAN_POINT('Ctrl Pts',(39.5511078284225,-16.4906950453971,-43.5668340343052));
#2712=CARTESIAN_POINT('Ctrl Pts',(39.8965369986028,-16.4681273317646,-43.5392286681891));
#2713=CARTESIAN_POINT('Origin',(40.0000000745062,-18.3251406708469,-45.0000006705528));
#2714=CARTESIAN_POINT('',(39.8722808390683,-14.4748593291532,-43.202806197335));
#2715=CARTESIAN_POINT('',(39.8713486106628,-14.4251406708469,-43.2075631275409));
#2716=CARTESIAN_POINT('',(39.8713649005522,-18.3251406708469,-43.2048535861828));
#2717=CARTESIAN_POINT('',(38.2984487563917,-14.,-45.5863650404821));
#2718=CARTESIAN_POINT('Ctrl Pts',(39.8713486106628,-14.4251406708469,-43.2075631275409));
#2719=CARTESIAN_POINT('Ctrl Pts',(40.1824629206757,-14.4086533100787,-43.1856780006904));
#2720=CARTESIAN_POINT('Ctrl Pts',(41.1007699038155,-14.3608594002653,-43.3447368786873));
#2721=CARTESIAN_POINT('Ctrl Pts',(42.0959550184079,-14.2817589414068,-44.7024340393018));
#2722=CARTESIAN_POINT('Ctrl Pts',(41.4097857427097,-14.1878392942712,-46.5811393171318));
#2723=CARTESIAN_POINT('Ctrl Pts',(39.463508282759,-14.0939196471355,-47.0470737354959));
#2724=CARTESIAN_POINT('Ctrl Pts',(38.4906832811133,-14.0313065490451,-46.1442040322475));
#2725=CARTESIAN_POINT('Ctrl Pts',(38.2984487563909,-13.9999999999999,-45.5863650404799));
#2726=CARTESIAN_POINT('',(38.2984487563913,-5.00000000000001,-45.5863650404804));
#2727=CARTESIAN_POINT('',(38.2984487563913,-14.,-45.5863650404804));
#2728=CARTESIAN_POINT('',(38.2322284344924,-5.00000000000001,-44.662238192974));
#2729=CARTESIAN_POINT('Origin',(40.000000074507,-5.00000000000001,-45.0000006705537));
#2730=CARTESIAN_POINT('',(38.2295069464223,-14.,-44.661164624274));
#2731=CARTESIAN_POINT('',(38.2322284344924,-14.,-44.662238192974));
#2732=CARTESIAN_POINT('Ctrl Pts',(39.8722808390683,-14.4748593291532,-43.202806197335));
#2733=CARTESIAN_POINT('Ctrl Pts',(39.9390315686776,-14.4712960618815,-43.1975515009128));
#2734=CARTESIAN_POINT('Ctrl Pts',(40.594493191812,-14.4364262455646,-43.1841225394024));
#2735=CARTESIAN_POINT('Ctrl Pts',(41.808454388872,-14.3702498802025,-43.8989737922744));
#2736=CARTESIAN_POINT('Ctrl Pts',(41.9187500281875,-14.2763302330668,-45.895457065747));
#2737=CARTESIAN_POINT('Ctrl Pts',(40.317438881736,-14.1824105859312,-47.0932957404255));
#2738=CARTESIAN_POINT('Ctrl Pts',(38.4702234914143,-14.0903005082423,-46.4373188350234));
#2739=CARTESIAN_POINT('Ctrl Pts',(38.1277144210692,-14.0294969795985,-45.2054899218442));
#2740=CARTESIAN_POINT('Ctrl Pts',(38.2294830681723,-14.,-44.6611552048162));
#2741=CARTESIAN_POINT('Origin',(40.0000000745062,-18.3251406708469,-45.0000006705528));
#2742=CARTESIAN_POINT('',(39.8715372965237,-15.0748593291532,-43.2075475968657));
#2743=CARTESIAN_POINT('',(39.8703764558224,-15.0251406708469,-43.2025846747666));
#2744=CARTESIAN_POINT('',(39.8713649005522,-18.3251406708469,-43.2048535861828));
#2745=CARTESIAN_POINT('Ctrl Pts',(39.8703764558224,-15.0251406708469,-43.2025846747666));
#2746=CARTESIAN_POINT('Ctrl Pts',(40.4072576632659,-14.99649260435,-43.1672324573239));
#2747=CARTESIAN_POINT('Ctrl Pts',(41.5742703398495,-14.9365379888079,-43.6235305777006));
#2748=CARTESIAN_POINT('Ctrl Pts',(42.0560042933303,-14.8452768242206,-45.5057486332646));
#2749=CARTESIAN_POINT('Ctrl Pts',(40.7182123811811,-14.751357177085,-46.9917787778281));
#2750=CARTESIAN_POINT('Ctrl Pts',(38.7398711652252,-14.6574375299493,-46.7014769124776));
#2751=CARTESIAN_POINT('Ctrl Pts',(37.8854079709963,-14.5635178828137,-44.8938410742309));
#2752=CARTESIAN_POINT('Ctrl Pts',(38.7355887645274,-14.4860855964462,-43.4814680918131));
#2753=CARTESIAN_POINT('Ctrl Pts',(39.5917124942093,-14.4399598591239,-43.2272339420409));
#2754=CARTESIAN_POINT('Ctrl Pts',(39.8713486106628,-14.4251406708469,-43.2075631275409));
#2755=CARTESIAN_POINT('Ctrl Pts',(39.8715372965237,-15.0748593291532,-43.2075475968657));
#2756=CARTESIAN_POINT('Ctrl Pts',(40.1682153162742,-15.0591353561527,-43.1863198936314));
#2757=CARTESIAN_POINT('Ctrl Pts',(41.070583483808,-15.0121048341071,-43.3316053613876));
#2758=CARTESIAN_POINT('Ctrl Pts',(42.088603536146,-14.9337677630162,-44.6525972015533));
#2759=CARTESIAN_POINT('Ctrl Pts',(41.4464786678165,-14.8398481158806,-46.5461769941456));
#2760=CARTESIAN_POINT('Ctrl Pts',(39.5143561822853,-14.745928468745,-47.0608518839085));
#2761=CARTESIAN_POINT('Ctrl Pts',(38.0153498659528,-14.6520088216093,-45.7376292235086));
#2762=CARTESIAN_POINT('Ctrl Pts',(38.275983618669,-14.5616524417454,-43.831734825284));
#2763=CARTESIAN_POINT('Ctrl Pts',(39.3525656005138,-14.5026026109267,-43.2437187959029));
#2764=CARTESIAN_POINT('Ctrl Pts',(39.8722808390683,-14.4748593291532,-43.202806197335));
#2765=CARTESIAN_POINT('Origin',(40.0000000745062,-18.3251406708469,-45.0000006705528));
#2766=CARTESIAN_POINT('',(39.8702033789412,-15.6748593291532,-43.2028931598388));
#2767=CARTESIAN_POINT('',(39.8728542251892,-15.6251406708469,-43.2058258903196));
#2768=CARTESIAN_POINT('',(39.8713649005522,-18.3251406708469,-43.2048535861828));
#2769=CARTESIAN_POINT('Ctrl Pts',(39.8728542251892,-15.6251406708469,-43.2058258903196));
#2770=CARTESIAN_POINT('Ctrl Pts',(40.0516333888111,-15.6156384476665,-43.1916335356967));
#2771=CARTESIAN_POINT('Ctrl Pts',(40.8258534916671,-15.5748296754409,-43.2426616142942));
#2772=CARTESIAN_POINT('Ctrl Pts',(41.9813609777515,-15.5027143541701,-44.2535641429979));
#2773=CARTESIAN_POINT('Ctrl Pts',(41.7192317261733,-15.4087947070344,-46.2358002810768));
#2774=CARTESIAN_POINT('Ctrl Pts',(39.9238651332951,-15.3148750598988,-47.115931298075));
#2775=CARTESIAN_POINT('Ctrl Pts',(38.196396415343,-15.2209554127632,-46.1090420256611));
#2776=CARTESIAN_POINT('Ctrl Pts',(38.0774104599937,-15.1270357656275,-44.1130932806998));
#2777=CARTESIAN_POINT('Ctrl Pts',(39.1863138851082,-15.0617641849888,-43.275656357795));
#2778=CARTESIAN_POINT('Ctrl Pts',(39.8205549671479,-15.0277991533952,-43.2058652889444));
#2779=CARTESIAN_POINT('Ctrl Pts',(39.8703764558224,-15.0251406708469,-43.2025846747666));
#2780=CARTESIAN_POINT('Ctrl Pts',(39.8702033789412,-15.6748593291532,-43.2028931598388));
#2781=CARTESIAN_POINT('Ctrl Pts',(40.3930439028161,-15.646974650424,-43.1690271189236));
#2782=CARTESIAN_POINT('Ctrl Pts',(41.5452131184642,-15.5877834226496,-43.6018169200561));
#2783=CARTESIAN_POINT('Ctrl Pts',(42.0675454712684,-15.49728564583,-45.4563038680286));
#2784=CARTESIAN_POINT('Ctrl Pts',(40.7657588476988,-15.4033659986944,-46.9739738515475));
#2785=CARTESIAN_POINT('Ctrl Pts',(38.7810566063363,-15.3094463515587,-46.7312237633703));
#2786=CARTESIAN_POINT('Ctrl Pts',(37.8834272448684,-15.2155267044231,-44.9445420213374));
#2787=CARTESIAN_POINT('Ctrl Pts',(38.7076511662911,-15.1373310302879,-43.4981639653979));
#2788=CARTESIAN_POINT('Ctrl Pts',(39.5775271374215,-15.0904419051979,-43.2285844111553));
#2789=CARTESIAN_POINT('Ctrl Pts',(39.8715372965237,-15.0748593291532,-43.2075475968657));
#2790=CARTESIAN_POINT('Origin',(40.0000000745062,-18.3251406708469,-45.0000006705528));
#2791=CARTESIAN_POINT('',(39.872895862317,-16.2748593291532,-43.2054447584334));
#2792=CARTESIAN_POINT('',(39.8700496866017,-16.2251406708469,-43.2060945648785));
#2793=CARTESIAN_POINT('',(39.8713649005522,-18.3251406708469,-43.2048535861828));
#2794=CARTESIAN_POINT('Ctrl Pts',(39.8700496866017,-16.2251406708469,-43.2060945648785));
#2795=CARTESIAN_POINT('Ctrl Pts',(40.2781107199416,-16.2034777419377,-43.1799582309833));
#2796=CARTESIAN_POINT('Ctrl Pts',(41.3042248672367,-16.1505082639834,-43.446423592813));
#2797=CARTESIAN_POINT('Ctrl Pts',(42.1167982134653,-16.0662322369839,-45.046056972039));
#2798=CARTESIAN_POINT('Ctrl Pts',(41.1345625326419,-15.9723125898482,-46.7876602900767));
#2799=CARTESIAN_POINT('Ctrl Pts',(39.1405051601619,-15.8783929427126,-46.9350013015543));
#2800=CARTESIAN_POINT('Ctrl Pts',(37.9129593201383,-15.784473295577,-45.3566784510111));
#2801=CARTESIAN_POINT('Ctrl Pts',(38.48255374971,-15.7000558716217,-43.6521325799332));
#2802=CARTESIAN_POINT('Ctrl Pts',(39.462617687123,-15.6469449967117,-43.2383924507035));
#2803=CARTESIAN_POINT('Ctrl Pts',(39.8728542251892,-15.6251406708469,-43.2058258903196));
#2804=CARTESIAN_POINT('Ctrl Pts',(39.872895862317,-16.2748593291532,-43.2054447584334));
#2805=CARTESIAN_POINT('Ctrl Pts',(40.0372193198907,-16.2661204937404,-43.1923126619013));
#2806=CARTESIAN_POINT('Ctrl Pts',(40.795964831018,-16.2260751092825,-43.2337611512159));
#2807=CARTESIAN_POINT('Ctrl Pts',(41.9628869013916,-16.1547231757794,-44.2062704662096));
#2808=CARTESIAN_POINT('Ctrl Pts',(41.7483737687505,-16.0608035286438,-46.1942146961428));
#2809=CARTESIAN_POINT('Ctrl Pts',(39.9746264593462,-15.9668838815081,-47.1171491594873));
#2810=CARTESIAN_POINT('Ctrl Pts',(38.2235112574858,-15.8729642343725,-46.1519733582705));
#2811=CARTESIAN_POINT('Ctrl Pts',(38.0566947355423,-15.7790445872369,-44.1594524530541));
#2812=CARTESIAN_POINT('Ctrl Pts',(39.1579291696668,-15.7130096188304,-43.2855630404972));
#2813=CARTESIAN_POINT('Ctrl Pts',(39.8060429671954,-15.6782811994692,-43.2070490334371));
#2814=CARTESIAN_POINT('Ctrl Pts',(39.8702033789412,-15.6748593291532,-43.2028931598388));
#2815=CARTESIAN_POINT('Origin',(40.0000000745062,-18.3251406708469,-45.0000006705528));
#2816=CARTESIAN_POINT('',(39.8699417367503,-16.8748593291532,-43.2069455304331));
#2817=CARTESIAN_POINT('',(39.87193832329,-16.8251406708469,-43.2024326344217));
#2818=CARTESIAN_POINT('',(39.8713649005522,-18.3251406708469,-43.2048535861828));
#2819=CARTESIAN_POINT('',(38.2322284344917,-17.,-44.6622381929736));
#2820=CARTESIAN_POINT('Ctrl Pts',(38.2322284344917,-17.,-44.6622381929736));
#2821=CARTESIAN_POINT('Ctrl Pts',(38.3429609630635,-16.9686934509548,-44.0826894371752));
#2822=CARTESIAN_POINT('Ctrl Pts',(38.8986800197722,-16.9269798940059,-43.3949242215791));
#2823=CARTESIAN_POINT('Ctrl Pts',(39.673834993374,-16.8852663370569,-43.2197024566634));
#2824=CARTESIAN_POINT('Ctrl Pts',(39.8699417367503,-16.8748593291532,-43.206945530433));
#2825=CARTESIAN_POINT('',(38.2959078124675,-17.,-45.5878157715417));
#2826=CARTESIAN_POINT('Origin',(40.0000000745062,-17.,-45.0000006705528));
#2827=CARTESIAN_POINT('Ctrl Pts',(38.2958855250778,-17.,-45.5878284963437));
#2828=CARTESIAN_POINT('Ctrl Pts',(38.1175444545238,-16.9705030204015,-45.0635658886725));
#2829=CARTESIAN_POINT('Ctrl Pts',(38.2741531389174,-16.9122165773505,-43.8479807269006));
#2830=CARTESIAN_POINT('Ctrl Pts',(39.3329660300228,-16.8539301342994,-43.244046983553));
#2831=CARTESIAN_POINT('Ctrl Pts',(39.87193832329,-16.8251406708469,-43.2024326344217));
#2832=CARTESIAN_POINT('Origin',(50.0000000745062,-18.3251406708469,-45.0000006705528));
#2833=CARTESIAN_POINT('',(49.8722801075347,-14.4748593291532,-43.202800052518));
#2834=CARTESIAN_POINT('',(49.8713471682336,-14.4251406708469,-43.2075569669033));
#2835=CARTESIAN_POINT('',(49.8713649005522,-18.3251406708469,-43.2048535861828));
#2836=CARTESIAN_POINT('',(48.2984487563917,-14.,-45.5863650404822));
#2837=CARTESIAN_POINT('Ctrl Pts',(49.8713471682336,-14.4251406708469,-43.2075569669033));
#2838=CARTESIAN_POINT('Ctrl Pts',(50.1824618061754,-14.4086533100787,-43.1856716643411));
#2839=CARTESIAN_POINT('Ctrl Pts',(51.1007704865222,-14.3608594002653,-43.3447307151035));
#2840=CARTESIAN_POINT('Ctrl Pts',(52.0959737319813,-14.2817589414067,-44.7024323167237));
#2841=CARTESIAN_POINT('Ctrl Pts',(51.4097737413792,-14.1878392942711,-46.5811479125606));
#2842=CARTESIAN_POINT('Ctrl Pts',(49.4635720389316,-14.0939196471355,-47.0470602183891));
#2843=CARTESIAN_POINT('Ctrl Pts',(48.4906832811124,-14.031306549045,-46.1442040322463));
#2844=CARTESIAN_POINT('Ctrl Pts',(48.2984487563905,-13.9999999999998,-45.5863650404786));
#2845=CARTESIAN_POINT('',(48.298448756391,-5.00000000000001,-45.5863650404791));
#2846=CARTESIAN_POINT('',(48.298448756391,-14.,-45.5863650404791));
#2847=CARTESIAN_POINT('',(48.2322284344925,-5.00000000000001,-44.662238192974));
#2848=CARTESIAN_POINT('Origin',(50.0000000745073,-5.00000000000001,-45.0000006705537));
#2849=CARTESIAN_POINT('',(48.2295011008709,-14.,-44.661164234749));
#2850=CARTESIAN_POINT('',(48.2322284344925,-14.,-44.662238192974));
#2851=CARTESIAN_POINT('Ctrl Pts',(49.8722801075347,-14.4748593291532,-43.202800052518));
#2852=CARTESIAN_POINT('Ctrl Pts',(49.9390310752439,-14.4712960618815,-43.1975453335582));
#2853=CARTESIAN_POINT('Ctrl Pts',(50.5944951051057,-14.4364262455646,-43.1841162589161));
#2854=CARTESIAN_POINT('Ctrl Pts',(51.8084623178519,-14.3702498802025,-43.8989693227232));
#2855=CARTESIAN_POINT('Ctrl Pts',(51.91875370097,-14.2763302330669,-45.8954615976544));
#2856=CARTESIAN_POINT('Ctrl Pts',(50.3174451807037,-14.1824105859312,-47.0932999298398));
#2857=CARTESIAN_POINT('Ctrl Pts',(48.4702093229292,-14.0903005082423,-46.43733068191));
#2858=CARTESIAN_POINT('Ctrl Pts',(48.127712288036,-14.0294969795985,-45.2054855799326));
#2859=CARTESIAN_POINT('Ctrl Pts',(48.2294773277553,-14.,-44.6611548734692));
#2860=CARTESIAN_POINT('Origin',(50.0000000745062,-18.3251406708469,-45.0000006705528));
#2861=CARTESIAN_POINT('',(49.8715368471829,-15.0748593291532,-43.2075413809896));
#2862=CARTESIAN_POINT('',(49.8703760189144,-15.0251406708469,-43.2025784569053));
#2863=CARTESIAN_POINT('',(49.8713649005522,-18.3251406708469,-43.2048535861828));
#2864=CARTESIAN_POINT('Ctrl Pts',(49.8703760189144,-15.0251406708469,-43.2025784569053));
#2865=CARTESIAN_POINT('Ctrl Pts',(50.4072590644685,-14.99649260435,-43.1672261083741));
#2866=CARTESIAN_POINT('Ctrl Pts',(51.5742756740657,-14.9365379888079,-43.6235257617874));
#2867=CARTESIAN_POINT('Ctrl Pts',(52.0560116598815,-14.8452768242206,-45.5057504791276));
#2868=CARTESIAN_POINT('Ctrl Pts',(50.7182143929232,-14.7513571770849,-46.991785513747));
#2869=CARTESIAN_POINT('Ctrl Pts',(48.7398677100906,-14.6574375299493,-46.7014830657448));
#2870=CARTESIAN_POINT('Ctrl Pts',(47.8853989260308,-14.5635178828136,-44.8938403157113));
#2871=CARTESIAN_POINT('Ctrl Pts',(48.7355867575612,-14.4860855964462,-43.4814631723929));
#2872=CARTESIAN_POINT('Ctrl Pts',(49.5917107570314,-14.4399598591239,-43.2272279393367));
#2873=CARTESIAN_POINT('Ctrl Pts',(49.8713471682336,-14.4251406708469,-43.2075569669033));
#2874=CARTESIAN_POINT('Ctrl Pts',(49.8715368471829,-15.0748593291532,-43.2075413809896));
#2875=CARTESIAN_POINT('Ctrl Pts',(50.1682158936832,-15.0591353561527,-43.1863136043721));
#2876=CARTESIAN_POINT('Ctrl Pts',(51.0705871868599,-15.0121048341071,-43.3315995762868));
#2877=CARTESIAN_POINT('Ctrl Pts',(52.0886108169852,-14.9337677630163,-44.6525959911557));
#2878=CARTESIAN_POINT('Ctrl Pts',(51.4464836126455,-14.8398481158806,-46.5461823689439));
#2879=CARTESIAN_POINT('Ctrl Pts',(49.5143546350429,-14.745928468745,-47.0608590034733));
#2880=CARTESIAN_POINT('Ctrl Pts',(48.0153427232317,-14.6520088216094,-45.7376318430733));
#2881=CARTESIAN_POINT('Ctrl Pts',(48.2759780988602,-14.5616524417454,-43.831730645738));
#2882=CARTESIAN_POINT('Ctrl Pts',(49.3525630151539,-14.5026026109267,-43.2437128265609));
#2883=CARTESIAN_POINT('Ctrl Pts',(49.8722801075347,-14.4748593291532,-43.202800052518));
#2884=CARTESIAN_POINT('Origin',(50.0000000745062,-18.3251406708469,-45.0000006705528));
#2885=CARTESIAN_POINT('',(49.8702029263207,-15.6748593291532,-43.2028869290897));
#2886=CARTESIAN_POINT('',(49.8728537854007,-15.6251406708469,-43.2058196776973));
#2887=CARTESIAN_POINT('',(49.8713649005522,-18.3251406708469,-43.2048535861828));
#2888=CARTESIAN_POINT('Ctrl Pts',(49.8728537854007,-15.6251406708469,-43.2058196776973));
#2889=CARTESIAN_POINT('Ctrl Pts',(50.0516335679343,-15.6156384476665,-43.1916272739652));
#2890=CARTESIAN_POINT('Ctrl Pts',(50.8258563509076,-15.5748296754409,-43.2426555293036));
#2891=CARTESIAN_POINT('Ctrl Pts',(51.981367837173,-15.50271435417,-44.2535615569203));
#2892=CARTESIAN_POINT('Ctrl Pts',(51.7192376835879,-15.4087947070344,-46.23580456285));
#2893=CARTESIAN_POINT('Ctrl Pts',(49.9238648610742,-15.3148750598987,-47.1159386204045));
#2894=CARTESIAN_POINT('Ctrl Pts',(48.1963901869838,-15.2209554127631,-46.1090458747581));
#2895=CARTESIAN_POINT('Ctrl Pts',(48.07740376886,-15.1270357656275,-44.113090193298));
#2896=CARTESIAN_POINT('Ctrl Pts',(49.1863111029044,-15.0617641849887,-43.2756504025323));
#2897=CARTESIAN_POINT('Ctrl Pts',(49.8205543596673,-15.0277991533952,-43.2058590832478));
#2898=CARTESIAN_POINT('Ctrl Pts',(49.8703760189144,-15.0251406708469,-43.2025784569053));
#2899=CARTESIAN_POINT('Ctrl Pts',(49.8702029263207,-15.6748593291532,-43.2028869290897));
#2900=CARTESIAN_POINT('Ctrl Pts',(50.3930452627329,-15.646974650424,-43.1690207711539));
#2901=CARTESIAN_POINT('Ctrl Pts',(51.54521848102,-15.5877834226496,-43.6018120680806));
#2902=CARTESIAN_POINT('Ctrl Pts',(52.0675526403855,-15.49728564583,-45.4563054521087));
#2903=CARTESIAN_POINT('Ctrl Pts',(50.7657615031611,-15.4033659986944,-46.9739806967979));
#2904=CARTESIAN_POINT('Ctrl Pts',(48.7810523809686,-15.3094463515588,-46.731229767687));
#2905=CARTESIAN_POINT('Ctrl Pts',(47.8834198994903,-15.2155267044231,-44.9445418292646));
#2906=CARTESIAN_POINT('Ctrl Pts',(48.707646691622,-15.1373310302879,-43.4981587560601));
#2907=CARTESIAN_POINT('Ctrl Pts',(49.5775256705637,-15.0904419051979,-43.2285782680025));
#2908=CARTESIAN_POINT('Ctrl Pts',(49.8715368471829,-15.0748593291532,-43.2075413809896));
#2909=CARTESIAN_POINT('Origin',(50.0000000745062,-18.3251406708469,-45.0000006705528));
#2910=CARTESIAN_POINT('',(49.8728954499555,-16.2748593291532,-43.2054385354465));
#2911=CARTESIAN_POINT('',(49.8700492778741,-16.2251406708469,-43.2060883555215));
#2912=CARTESIAN_POINT('',(49.8713649005522,-18.3251406708469,-43.2048535861828));
#2913=CARTESIAN_POINT('Ctrl Pts',(49.8700492778741,-16.2251406708469,-43.2060883555215));
#2914=CARTESIAN_POINT('Ctrl Pts',(50.2781117130056,-16.2034777419377,-43.1799519312533));
#2915=CARTESIAN_POINT('Ctrl Pts',(51.3042293225908,-16.1505082639834,-43.4464182113111));
#2916=CARTESIAN_POINT('Ctrl Pts',(52.1168055808145,-16.0662322369839,-45.0460571316779));
#2917=CARTESIAN_POINT('Ctrl Pts',(51.1345664421636,-15.9723125898483,-46.7876664806861));
#2918=CARTESIAN_POINT('Ctrl Pts',(49.1405021936817,-15.8783929427126,-46.9350080015997));
#2919=CARTESIAN_POINT('Ctrl Pts',(47.9129520884126,-15.784473295577,-45.3566796865328));
#2920=CARTESIAN_POINT('Ctrl Pts',(48.4825484964595,-15.7000558716217,-43.652127912158));
#2921=CARTESIAN_POINT('Ctrl Pts',(49.462615827146,-15.6469449967117,-43.2383863507701));
#2922=CARTESIAN_POINT('Ctrl Pts',(49.8728537854007,-15.6251406708469,-43.2058196776973));
#2923=CARTESIAN_POINT('Ctrl Pts',(49.8728954499555,-16.2748593291532,-43.2054385354465));
#2924=CARTESIAN_POINT('Ctrl Pts',(50.0372194169973,-16.2661204937404,-43.1923064214214));
#2925=CARTESIAN_POINT('Ctrl Pts',(50.7959673046654,-16.2260751092825,-43.2337551684113));
#2926=CARTESIAN_POINT('Ctrl Pts',(51.9628939420839,-16.1547231757794,-44.2062675836352));
#2927=CARTESIAN_POINT('Ctrl Pts',(51.7483797124497,-16.0608035286437,-46.1942189097637));
#2928=CARTESIAN_POINT('Ctrl Pts',(49.9746264327266,-15.9668838815081,-47.1171564628483));
#2929=CARTESIAN_POINT('Ctrl Pts',(48.2235050651091,-15.8729642343725,-46.1519773745068));
#2930=CARTESIAN_POINT('Ctrl Pts',(48.0566880117656,-15.7790445872369,-44.1594495267412));
#2931=CARTESIAN_POINT('Ctrl Pts',(49.1579262484016,-15.7130096188304,-43.2855570954297));
#2932=CARTESIAN_POINT('Ctrl Pts',(49.8060422921492,-15.6782811994692,-43.2070428170483));
#2933=CARTESIAN_POINT('Ctrl Pts',(49.8702029263207,-15.6748593291532,-43.2028869290897));
#2934=CARTESIAN_POINT('Origin',(50.0000000745062,-18.3251406708469,-45.0000006705528));
#2935=CARTESIAN_POINT('',(49.8699728346542,-16.8748593291532,-43.2069453737323));
#2936=CARTESIAN_POINT('',(49.8719390390172,-16.8251406708469,-43.2024266039983));
#2937=CARTESIAN_POINT('',(49.8713649005522,-18.3251406708469,-43.2048535861828));
#2938=CARTESIAN_POINT('',(48.2322284344917,-17.,-44.6622381929736));
#2939=CARTESIAN_POINT('Ctrl Pts',(48.2322284344917,-17.,-44.6622381929736));
#2940=CARTESIAN_POINT('Ctrl Pts',(48.3429609630636,-16.9686934509548,-44.0826894371752));
#2941=CARTESIAN_POINT('Ctrl Pts',(48.8987235115038,-16.9269798940058,-43.3949270965908));
#2942=CARTESIAN_POINT('Ctrl Pts',(49.673869760231,-16.8852663370569,-43.2197029953405));
#2943=CARTESIAN_POINT('Ctrl Pts',(49.8699728346542,-16.8748593291532,-43.2069453737323));
#2944=CARTESIAN_POINT('',(48.2959020394711,-17.,-45.5878169491685));
#2945=CARTESIAN_POINT('Origin',(50.0000000745062,-17.,-45.0000006705528));
#2946=CARTESIAN_POINT('Ctrl Pts',(48.2958798521243,-17.,-45.5878295983959));
#2947=CARTESIAN_POINT('Ctrl Pts',(48.1175429134071,-16.9705030204016,-45.0635704345812));
#2948=CARTESIAN_POINT('Ctrl Pts',(48.2741380774144,-16.9122165773505,-43.8479716510087));
#2949=CARTESIAN_POINT('Ctrl Pts',(49.3329632942601,-16.8539301342995,-43.2440401408883));
#2950=CARTESIAN_POINT('Ctrl Pts',(49.8719390390172,-16.8251406708469,-43.2024266039983));
#2951=CARTESIAN_POINT('Origin',(15.0000000745057,-16.5,-44.7806951859306));
#2952=CARTESIAN_POINT('',(15.0905390985786,-18.8065803263808,-46.039909575032));
#2953=CARTESIAN_POINT('',(15.088568120893,-18.9434196736195,-46.0411930162291));
#2954=CARTESIAN_POINT('',(15.0903788368143,-16.5,-46.0419611885342));
#2955=CARTESIAN_POINT('',(15.891581180353,-19.,-45.6773798471663));
#2956=CARTESIAN_POINT('Ctrl Pts',(15.088568120893,-18.9434196736195,-46.0411930162291));
#2957=CARTESIAN_POINT('Ctrl Pts',(15.3867646679508,-18.962279782413,-46.0171480105336));
#2958=CARTESIAN_POINT('Ctrl Pts',(15.6790641207397,-18.9811398912065,-45.888687348245));
#2959=CARTESIAN_POINT('Ctrl Pts',(15.891581180353,-19.0000000000001,-45.6773798471663));
#2960=CARTESIAN_POINT('',(15.7558589964616,-18.9999999999997,-43.7641201930003));
#2961=CARTESIAN_POINT('Origin',(15.0000000745057,-19.,-44.7806951859306));
#2962=CARTESIAN_POINT('Ctrl Pts',(15.7558604494949,-18.9999999999998,-43.7641179307099));
#2963=CARTESIAN_POINT('Ctrl Pts',(16.0829717743198,-18.9742005492209,-44.0082513239568));
#2964=CARTESIAN_POINT('Ctrl Pts',(16.2823641122233,-18.948401098442,-44.4252397491745));
#2965=CARTESIAN_POINT('Ctrl Pts',(16.2654347828396,-18.9226016476632,-44.8330606866068));
#2966=CARTESIAN_POINT('Ctrl Pts',(16.248068333146,-18.8961360474069,-45.2514116816999));
#2967=CARTESIAN_POINT('Ctrl Pts',(16.0030650178407,-18.8696704471507,-45.6601156626445));
#2968=CARTESIAN_POINT('Ctrl Pts',(15.6422846084502,-18.8432048468945,-45.8723488784409));
#2969=CARTESIAN_POINT('Ctrl Pts',(15.475862166025,-18.8309966733899,-45.970248789903));
#2970=CARTESIAN_POINT('Ctrl Pts',(15.284804271667,-18.8187884998854,-46.0263429700218));
#2971=CARTESIAN_POINT('Ctrl Pts',(15.0905390985786,-18.8065803263808,-46.039909575032));
#2972=CARTESIAN_POINT('Origin',(15.0000000745057,-16.5,-44.7806951859306));
#2973=CARTESIAN_POINT('',(15.0892183952455,-18.3065803263808,-46.0419593126149));
#2974=CARTESIAN_POINT('',(15.090614465528,-18.4434196736195,-46.0440400576978));
#2975=CARTESIAN_POINT('',(15.0903788368143,-16.5,-46.0419611885342));
#2976=CARTESIAN_POINT('Ctrl Pts',(15.090614465528,-18.4434196736195,-46.0440400576978));
#2977=CARTESIAN_POINT('Ctrl Pts',(15.0948363637469,-18.4436872472859,-46.0437413696171));
#2978=CARTESIAN_POINT('Ctrl Pts',(15.0990565652004,-18.4439548209523,-46.0434195369625));
#2979=CARTESIAN_POINT('Ctrl Pts',(15.1032748636643,-18.4442223946187,-46.0430744683407));
#2980=CARTESIAN_POINT('Ctrl Pts',(15.5205050133962,-18.470687994875,-46.008943874225));
#2981=CARTESIAN_POINT('Ctrl Pts',(15.9191180141115,-18.4971535951312,-45.7474933508137));
#2982=CARTESIAN_POINT('Ctrl Pts',(16.11668397326,-18.5236191953875,-45.3784044127224));
#2983=CARTESIAN_POINT('Ctrl Pts',(16.3142499324085,-18.5500847956438,-45.0093154746311));
#2984=CARTESIAN_POINT('Ctrl Pts',(16.3107688499902,-18.5765503959,-44.53258812186));
#2985=CARTESIAN_POINT('Ctrl Pts',(16.1077333885619,-18.6030159961562,-44.1664777982446));
#2986=CARTESIAN_POINT('Ctrl Pts',(15.9046979271336,-18.6294815964125,-43.8003674746293));
#2987=CARTESIAN_POINT('Ctrl Pts',(15.5021080866952,-18.6559471966688,-43.5448741801699));
#2988=CARTESIAN_POINT('Ctrl Pts',(15.0844663286148,-18.682412796925,-43.5169297956595));
#2989=CARTESIAN_POINT('Ctrl Pts',(14.6668245705345,-18.7088783971813,-43.4889854111491));
#2990=CARTESIAN_POINT('Ctrl Pts',(14.2341308948123,-18.7353439974375,-43.6885899365879));
#2991=CARTESIAN_POINT('Ctrl Pts',(13.9840644851063,-18.7618095976938,-44.0244261974631));
#2992=CARTESIAN_POINT('Ctrl Pts',(13.7339980754003,-18.78827519795,-44.3602624583384));
#2993=CARTESIAN_POINT('Ctrl Pts',(13.6665589317105,-18.8147407982063,-44.8323304546501));
#2994=CARTESIAN_POINT('Ctrl Pts',(13.8134407286975,-18.8412063984625,-45.2244086769301));
#2995=CARTESIAN_POINT('Ctrl Pts',(13.9603225256846,-18.8676719987188,-45.61648689921));
#2996=CARTESIAN_POINT('Ctrl Pts',(14.3215252633486,-18.894137598975,-45.928575347458));
#2997=CARTESIAN_POINT('Ctrl Pts',(14.7297858561865,-18.9206031992313,-46.0179283245764));
#2998=CARTESIAN_POINT('Ctrl Pts',(14.8471088121494,-18.928208690694,-46.0436059324168));
#2999=CARTESIAN_POINT('Ctrl Pts',(14.9683179506692,-18.9358141821567,-46.050889359317));
#3000=CARTESIAN_POINT('Ctrl Pts',(15.088568120893,-18.9434196736195,-46.0411930162291));
#3001=CARTESIAN_POINT('Ctrl Pts',(15.0905390985786,-18.8065803263808,-46.039909575032));
#3002=CARTESIAN_POINT('Ctrl Pts',(14.8636647447147,-18.7923228996291,-46.0557534584049));
#3003=CARTESIAN_POINT('Ctrl Pts',(14.6324159996789,-18.7780654728774,-46.0135941980656));
#3004=CARTESIAN_POINT('Ctrl Pts',(14.4309244531869,-18.7638080461258,-45.9122820144692));
#3005=CARTESIAN_POINT('Ctrl Pts',(14.05690221079,-18.7373424458695,-45.7242194840525));
#3006=CARTESIAN_POINT('Ctrl Pts',(13.785415229472,-18.7108768456132,-45.3323319725706));
#3007=CARTESIAN_POINT('Ctrl Pts',(13.7406721123227,-18.684411245357,-44.9160904963214));
#3008=CARTESIAN_POINT('Ctrl Pts',(13.6959289951733,-18.6579456451007,-44.4998490200723));
#3009=CARTESIAN_POINT('Ctrl Pts',(13.8779297421927,-18.6314800448445,-44.0592535790559));
#3010=CARTESIAN_POINT('Ctrl Pts',(14.2033941170997,-18.6050144445882,-43.7959689682767));
#3011=CARTESIAN_POINT('Ctrl Pts',(14.5288584920068,-18.578548844332,-43.5326843574976));
#3012=CARTESIAN_POINT('Ctrl Pts',(14.9977864948016,-18.5520832440757,-43.4467105769557));
#3013=CARTESIAN_POINT('Ctrl Pts',(15.3954893401317,-18.5256176438195,-43.5774228943487));
#3014=CARTESIAN_POINT('Ctrl Pts',(15.7931921854618,-18.4991520435632,-43.7081352117416));
#3015=CARTESIAN_POINT('Ctrl Pts',(16.1196698733271,-18.472686443307,-44.0555336270694));
#3016=CARTESIAN_POINT('Ctrl Pts',(16.2254740964292,-18.4462208430507,-44.460574343756));
#3017=CARTESIAN_POINT('Ctrl Pts',(16.3312783195313,-18.4197552427945,-44.8656150604425));
#3018=CARTESIAN_POINT('Ctrl Pts',(16.2164090778703,-18.3932896425382,-45.3282980784878));
#3019=CARTESIAN_POINT('Ctrl Pts',(15.933447456426,-18.366824042282,-45.6368167606004));
#3020=CARTESIAN_POINT('Ctrl Pts',(15.7187453605207,-18.3467428036482,-45.8709107247832));
#3021=CARTESIAN_POINT('Ctrl Pts',(15.4072677425291,-18.3266615650145,-46.0162479343992));
#3022=CARTESIAN_POINT('Ctrl Pts',(15.0892183952455,-18.3065803263808,-46.0419593126149));
#3023=CARTESIAN_POINT('Origin',(15.0000000745057,-16.5,-44.7806951859306));
#3024=CARTESIAN_POINT('',(15.0909429422234,-17.8065803263808,-46.0438461832155));
#3025=CARTESIAN_POINT('',(15.0913747392868,-17.9434196736195,-46.0410045524684));
#3026=CARTESIAN_POINT('',(15.0903788368143,-16.5,-46.0419611885342));
#3027=CARTESIAN_POINT('Ctrl Pts',(15.0913747392868,-17.9434196736195,-46.0410045524684));
#3028=CARTESIAN_POINT('Ctrl Pts',(15.2206722693638,-17.951560312415,-46.0327722914298));
#3029=CARTESIAN_POINT('Ctrl Pts',(15.3483023039727,-17.9597009512106,-46.0052502716078));
#3030=CARTESIAN_POINT('Ctrl Pts',(15.4679594335138,-17.9678415900062,-45.9576754116638));
#3031=CARTESIAN_POINT('Ctrl Pts',(15.8569703990865,-17.9943071902624,-45.8030073005801));
#3032=CARTESIAN_POINT('Ctrl Pts',(16.1617132806646,-18.0207727905187,-45.4363945593581));
#3033=CARTESIAN_POINT('Ctrl Pts',(16.2426810554576,-18.047238390775,-45.0256682133668));
#3034=CARTESIAN_POINT('Ctrl Pts',(16.3236488302506,-18.0737039910312,-44.6149418673755));
#3035=CARTESIAN_POINT('Ctrl Pts',(16.1808414982586,-18.1001695912875,-44.1601019166149));
#3036=CARTESIAN_POINT('Ctrl Pts',(15.8796330286577,-18.1266351915437,-43.8693691600242));
#3037=CARTESIAN_POINT('Ctrl Pts',(15.5784245590567,-18.1531007918,-43.5786364034335));
#3038=CARTESIAN_POINT('Ctrl Pts',(15.1188149518468,-18.1795663920562,-43.4520108410125));
#3039=CARTESIAN_POINT('Ctrl Pts',(14.7112114598278,-18.2060319923125,-43.5474597377574));
#3040=CARTESIAN_POINT('Ctrl Pts',(14.3036079678088,-18.2324975925687,-43.6429086345023));
#3041=CARTESIAN_POINT('Ctrl Pts',(13.9480105909808,-18.258963192825,-43.960431990413));
#3042=CARTESIAN_POINT('Ctrl Pts',(13.8072013862805,-18.2854287930812,-44.3546721759972));
#3043=CARTESIAN_POINT('Ctrl Pts',(13.6663921815802,-18.3118943933375,-44.7489123615814));
#3044=CARTESIAN_POINT('Ctrl Pts',(13.7403711490077,-18.3383599935937,-45.2198693768392));
#3045=CARTESIAN_POINT('Ctrl Pts',(13.9952842820957,-18.36482559385,-45.5519425520579));
#3046=CARTESIAN_POINT('Ctrl Pts',(14.2476201813036,-18.3910236204398,-45.880658386572));
#3047=CARTESIAN_POINT('Ctrl Pts',(14.6772501637325,-18.4172216470296,-46.0732844836723));
#3048=CARTESIAN_POINT('Ctrl Pts',(15.090614465528,-18.4434196736195,-46.0440400576978));
#3049=CARTESIAN_POINT('Ctrl Pts',(15.0892183952455,-18.3065803263808,-46.0419593126149));
#3050=CARTESIAN_POINT('Ctrl Pts',(14.9881020207079,-18.3001959647583,-46.0501336458489));
#3051=CARTESIAN_POINT('Ctrl Pts',(14.8863213930123,-18.2938116031357,-46.0462165138457));
#3052=CARTESIAN_POINT('Ctrl Pts',(14.7867752286574,-18.2874272415132,-46.0292159327925));
#3053=CARTESIAN_POINT('Ctrl Pts',(14.3741186235606,-18.2609616412569,-45.9587420766924));
#3054=CARTESIAN_POINT('Ctrl Pts',(13.9998594145946,-18.2344960410007,-45.6634400183124));
#3055=CARTESIAN_POINT('Ctrl Pts',(13.8353280189991,-18.2080304407444,-45.278496787235));
#3056=CARTESIAN_POINT('Ctrl Pts',(13.6707966234036,-18.1815648404882,-44.8935535561576));
#3057=CARTESIAN_POINT('Ctrl Pts',(13.7159930411785,-18.1550992402319,-44.4189691523828));
#3058=CARTESIAN_POINT('Ctrl Pts',(13.9502274650371,-18.1286336399757,-44.0720023675641));
#3059=CARTESIAN_POINT('Ctrl Pts',(14.1844618888956,-18.1021680397194,-43.7250355827454));
#3060=CARTESIAN_POINT('Ctrl Pts',(14.6077343188377,-18.0757024394632,-43.5056864168829));
#3061=CARTESIAN_POINT('Ctrl Pts',(15.0262751474232,-18.0492368392069,-43.5143707024304));
#3062=CARTESIAN_POINT('Ctrl Pts',(15.4448159760087,-18.0227712389507,-43.5230549879779));
#3063=CARTESIAN_POINT('Ctrl Pts',(15.8586252032376,-17.9963056386944,-43.7597727249354));
#3064=CARTESIAN_POINT('Ctrl Pts',(16.0782658194089,-17.9698400384382,-44.1161570848585));
#3065=CARTESIAN_POINT('Ctrl Pts',(16.2979064355801,-17.9433744381819,-44.4725414447816));
#3066=CARTESIAN_POINT('Ctrl Pts',(16.3233784406936,-17.9169088379257,-44.9485924276703));
#3067=CARTESIAN_POINT('Ctrl Pts',(16.1430209647828,-17.8904432376694,-45.3263793747731));
#3068=CARTESIAN_POINT('Ctrl Pts',(15.962663488872,-17.8639776374132,-45.704166321876));
#3069=CARTESIAN_POINT('Ctrl Pts',(15.5764765319368,-17.8375120371569,-45.9836892331931));
#3070=CARTESIAN_POINT('Ctrl Pts',(15.1612521309046,-17.8110464369007,-46.0369856622778));
#3071=CARTESIAN_POINT('Ctrl Pts',(15.1378955466644,-17.809557733394,-46.0399836135844));
#3072=CARTESIAN_POINT('Ctrl Pts',(15.1144470844709,-17.8080690298874,-46.0422657571874));
#3073=CARTESIAN_POINT('Ctrl Pts',(15.0909429422234,-17.8065803263808,-46.0438461832155));
#3074=CARTESIAN_POINT('Origin',(15.0000000745057,-16.5,-44.7806951859306));
#3075=CARTESIAN_POINT('',(15.0911719208819,-17.3065803263808,-46.0405485781398));
#3076=CARTESIAN_POINT('',(15.0895775776298,-17.4434196736195,-46.0403311633204));
#3077=CARTESIAN_POINT('',(15.0903788368143,-16.5,-46.0419611885342));
#3078=CARTESIAN_POINT('Ctrl Pts',(15.0895775776298,-17.4434196736195,-46.0403311633204));
#3079=CARTESIAN_POINT('Ctrl Pts',(15.3440938247628,-17.4594333775442,-46.0208393776003));
#3080=CARTESIAN_POINT('Ctrl Pts',(15.5940095868927,-17.4754470814689,-45.9276841829153));
#3081=CARTESIAN_POINT('Ctrl Pts',(15.7917278903298,-17.4914607853936,-45.7693485202627));
#3082=CARTESIAN_POINT('Ctrl Pts',(16.1184938656914,-17.5179263856499,-45.5076696248757));
#3083=CARTESIAN_POINT('Ctrl Pts',(16.302689474225,-17.5443919859061,-45.0679590118364));
#3084=CARTESIAN_POINT('Ctrl Pts',(16.2599920729135,-17.5708575861624,-44.6515111996106));
#3085=CARTESIAN_POINT('Ctrl Pts',(16.2172946716021,-17.5973231864186,-44.2350633873849));
#3086=CARTESIAN_POINT('Ctrl Pts',(15.9477042604456,-17.6237887866749,-43.8418783759729));
#3087=CARTESIAN_POINT('Ctrl Pts',(15.5746362396921,-17.6502543869311,-43.6519517980015));
#3088=CARTESIAN_POINT('Ctrl Pts',(15.2015682189387,-17.6767199871874,-43.4620252200302));
#3089=CARTESIAN_POINT('Ctrl Pts',(14.7250225885884,-17.7031855874436,-43.4753570754996));
#3090=CARTESIAN_POINT('Ctrl Pts',(14.3631565720769,-17.7296511876999,-43.6858441849227));
#3091=CARTESIAN_POINT('Ctrl Pts',(14.0012905555655,-17.7561167879562,-43.8963312943459));
#3092=CARTESIAN_POINT('Ctrl Pts',(13.7541041528928,-17.7825823882124,-44.3039736577229));
#3093=CARTESIAN_POINT('Ctrl Pts',(13.7347563879875,-17.8090479884687,-44.7221572500011));
#3094=CARTESIAN_POINT('Ctrl Pts',(13.7154086230821,-17.8355135887249,-45.1403408422792));
#3095=CARTESIAN_POINT('Ctrl Pts',(13.9238994959441,-17.8619791889812,-45.5690656634585));
#3096=CARTESIAN_POINT('Ctrl Pts',(14.2647844571588,-17.8884447892374,-45.8120663335756));
#3097=CARTESIAN_POINT('Ctrl Pts',(14.5008155207395,-17.9067697506981,-45.9803216488414));
#3098=CARTESIAN_POINT('Ctrl Pts',(14.8003199074582,-17.9250947121588,-46.0595357599146));
#3099=CARTESIAN_POINT('Ctrl Pts',(15.0913747392868,-17.9434196736195,-46.0410045524684));
#3100=CARTESIAN_POINT('Ctrl Pts',(15.0909429422234,-17.8065803263808,-46.0438461832155));
#3101=CARTESIAN_POINT('Ctrl Pts',(14.6965994537502,-17.7816034296312,-46.070361965269));
#3102=CARTESIAN_POINT('Ctrl Pts',(14.2865826748249,-17.7566265328815,-45.8993523754151));
#3103=CARTESIAN_POINT('Ctrl Pts',(14.0318445992001,-17.7316496361319,-45.5973609330091));
#3104=CARTESIAN_POINT('Ctrl Pts',(13.7619233136572,-17.7051840358756,-45.2773698278032));
#3105=CARTESIAN_POINT('Ctrl Pts',(13.6663425877006,-17.6787184356194,-44.8103176705391));
#3106=CARTESIAN_POINT('Ctrl Pts',(13.7888582007233,-17.6522528353631,-44.4100156209303));
#3107=CARTESIAN_POINT('Ctrl Pts',(13.911373813746,-17.6257872351069,-44.0097135713214));
#3108=CARTESIAN_POINT('Ctrl Pts',(14.2519857657478,-17.5993216348506,-43.6761616293678));
#3109=CARTESIAN_POINT('Ctrl Pts',(14.6547657721206,-17.5728560345944,-43.5620560869684));
#3110=CARTESIAN_POINT('Ctrl Pts',(15.0575457784933,-17.5463904343381,-43.447950544569));
#3111=CARTESIAN_POINT('Ctrl Pts',(15.522493839237,-17.5199248340819,-43.553291401724));
#3112=CARTESIAN_POINT('Ctrl Pts',(15.8367620196928,-17.4934592338256,-43.8298548092401));
#3113=CARTESIAN_POINT('Ctrl Pts',(16.1510302001486,-17.4669936335694,-44.1064182167561));
#3114=CARTESIAN_POINT('Ctrl Pts',(16.3146185003167,-17.4405280333131,-44.5542041746334));
#3115=CARTESIAN_POINT('Ctrl Pts',(16.252638054716,-17.4140624330569,-44.9682213625342));
#3116=CARTESIAN_POINT('Ctrl Pts',(16.1906576091154,-17.3875968328006,-45.382238550435));
#3117=CARTESIAN_POINT('Ctrl Pts',(15.903108417746,-17.3611312325443,-45.7624869683593));
#3118=CARTESIAN_POINT('Ctrl Pts',(15.5216272323947,-17.3346656322881,-45.9348932123787));
#3119=CARTESIAN_POINT('Ctrl Pts',(15.3866845686508,-17.3253038636523,-45.9958790714653));
#3120=CARTESIAN_POINT('Ctrl Pts',(15.239988441694,-17.3159420950165,-46.0308581862944));
#3121=CARTESIAN_POINT('Ctrl Pts',(15.0911719208819,-17.3065803263808,-46.0405485781398));
#3122=CARTESIAN_POINT('Origin',(15.0000000745057,-16.5,-44.7806951859306));
#3123=CARTESIAN_POINT('',(15.0893740222301,-16.8065803263808,-46.0407232928664));
#3124=CARTESIAN_POINT('',(15.0897934801447,-16.9434196736195,-46.043614821482));
#3125=CARTESIAN_POINT('',(15.0903788368143,-16.5,-46.0419611885342));
#3126=CARTESIAN_POINT('Ctrl Pts',(15.0897934801447,-16.9434196736195,-46.043614821482));
#3127=CARTESIAN_POINT('Ctrl Pts',(15.4668735752707,-16.9673064426733,-46.0140660459986));
#3128=CARTESIAN_POINT('Ctrl Pts',(15.8333054213773,-16.9911932117272,-45.8066742190111));
#3129=CARTESIAN_POINT('Ctrl Pts',(16.0462599366748,-17.0150799807811,-45.4945639752701));
#3130=CARTESIAN_POINT('Ctrl Pts',(16.282205160657,-17.0415455810373,-45.1487581055812));
#3131=CARTESIAN_POINT('Ctrl Pts',(16.3297451724467,-17.0680111812936,-44.674402335885));
#3132=CARTESIAN_POINT('Ctrl Pts',(16.167116695246,-17.0944767815498,-44.2886513454273));
#3133=CARTESIAN_POINT('Ctrl Pts',(16.0044882180453,-17.1209423818061,-43.9029003549695));
#3134=CARTESIAN_POINT('Ctrl Pts',(15.6316912518542,-17.1474079820623,-43.6057541437503));
#3135=CARTESIAN_POINT('Ctrl Pts',(15.2193880097369,-17.1738735823186,-43.5332428696097));
#3136=CARTESIAN_POINT('Ctrl Pts',(14.8070847676195,-17.2003391825748,-43.460731595469));
#3137=CARTESIAN_POINT('Ctrl Pts',(14.355275249576,-17.2268047828311,-43.6128552584071));
#3138=CARTESIAN_POINT('Ctrl Pts',(14.0707927179715,-17.2532703830874,-43.9199733746281));
#3139=CARTESIAN_POINT('Ctrl Pts',(13.7863101863669,-17.2797359833436,-44.2270914908491));
#3140=CARTESIAN_POINT('Ctrl Pts',(13.6691546412012,-17.3062015835999,-44.6892040603531));
#3141=CARTESIAN_POINT('Ctrl Pts',(13.7729585577107,-17.3326671838561,-45.094761201982));
#3142=CARTESIAN_POINT('Ctrl Pts',(13.8767624742202,-17.3591327841124,-45.5003183436109));
#3143=CARTESIAN_POINT('Ctrl Pts',(14.2015258524049,-17.3855983843686,-45.8493200573648));
#3144=CARTESIAN_POINT('Ctrl Pts',(14.5985757125919,-17.4120639846249,-45.9819973253744));
#3145=CARTESIAN_POINT('Ctrl Pts',(14.7553801658044,-17.4225158809564,-46.0343947407877));
#3146=CARTESIAN_POINT('Ctrl Pts',(14.9234587682507,-17.4329677772879,-46.0530531497277));
#3147=CARTESIAN_POINT('Ctrl Pts',(15.0895775776298,-17.4434196736195,-46.0403311633204));
#3148=CARTESIAN_POINT('Ctrl Pts',(15.0911719208819,-17.3065803263808,-46.0405485781398));
#3149=CARTESIAN_POINT('Ctrl Pts',(14.8192860397686,-17.2894764947603,-46.0582528001634));
#3150=CARTESIAN_POINT('Ctrl Pts',(14.5403225335603,-17.2723726631398,-45.991546241631));
#3151=CARTESIAN_POINT('Ctrl Pts',(14.3130264434803,-17.2552688315193,-45.8448075888964));
#3152=CARTESIAN_POINT('Ctrl Pts',(13.9613200192506,-17.2288032312631,-45.6177516512803));
#3153=CARTESIAN_POINT('Ctrl Pts',(13.7333203501247,-17.2023376310068,-45.1990757059337));
#3154=CARTESIAN_POINT('Ctrl Pts',(13.7334030930651,-17.1758720307506,-44.7804448413282));
#3155=CARTESIAN_POINT('Ctrl Pts',(13.7334858360056,-17.1494064304943,-44.3618139767227));
#3156=CARTESIAN_POINT('Ctrl Pts',(13.9616509910125,-17.1229408302381,-43.9432281928583));
#3157=CARTESIAN_POINT('Ctrl Pts',(14.3134471436436,-17.0964752299818,-43.7163113035156));
#3158=CARTESIAN_POINT('Ctrl Pts',(14.6652432962747,-17.0700096297256,-43.4893944141729));
#3159=CARTESIAN_POINT('Ctrl Pts',(15.1406704465299,-17.0435440294693,-43.4541464193519));
#3160=CARTESIAN_POINT('Ctrl Pts',(15.5220834493299,-17.0170784292131,-43.6267034503758));
#3161=CARTESIAN_POINT('Ctrl Pts',(15.90349645213,-16.9906128289568,-43.7992604813996));
#3162=CARTESIAN_POINT('Ctrl Pts',(16.1908953074749,-16.9641472287005,-44.1796225382684));
#3163=CARTESIAN_POINT('Ctrl Pts',(16.2527120862852,-16.9376816284443,-44.5936641950119));
#3164=CARTESIAN_POINT('Ctrl Pts',(16.3145288650954,-16.911216028188,-45.0077058517554));
#3165=CARTESIAN_POINT('Ctrl Pts',(16.150763567371,-16.8847504279318,-45.4554271083736));
#3166=CARTESIAN_POINT('Ctrl Pts',(15.836386084869,-16.8582848276755,-45.7318662629091));
#3167=CARTESIAN_POINT('Ctrl Pts',(15.6316583024687,-16.8410499939106,-45.9118879827418));
#3168=CARTESIAN_POINT('Ctrl Pts',(15.3630584768474,-16.8238151601457,-46.0192719020978));
#3169=CARTESIAN_POINT('Ctrl Pts',(15.0893740222301,-16.8065803263808,-46.0407232928664));
#3170=CARTESIAN_POINT('Origin',(15.0000000745057,-16.5,-44.7806951859306));
#3171=CARTESIAN_POINT('',(15.0901270081578,-16.3065803263808,-46.0439330721261));
#3172=CARTESIAN_POINT('',(15.0915264762094,-16.4434196736195,-46.0423209470868));
#3173=CARTESIAN_POINT('',(15.0903788368143,-16.5,-46.0419611885342));
#3174=CARTESIAN_POINT('Ctrl Pts',(15.0915264762094,-16.4434196736195,-46.0423209470868));
#3175=CARTESIAN_POINT('Ctrl Pts',(15.1753979934825,-16.4487139075462,-46.0370862504078));
#3176=CARTESIAN_POINT('Ctrl Pts',(15.2585270724513,-16.454008141473,-46.0234522673731));
#3177=CARTESIAN_POINT('Ctrl Pts',(15.3392117814634,-16.4593023753997,-46.0010245535145));
#3178=CARTESIAN_POINT('Ctrl Pts',(15.7425504485956,-16.485767975656,-45.8889095775134));
#3179=CARTESIAN_POINT('Ctrl Pts',(16.0848055781572,-16.5122335759123,-45.5570438286307));
#3180=CARTESIAN_POINT('Ctrl Pts',(16.209296662311,-16.5386991761685,-45.1573516743249));
#3181=CARTESIAN_POINT('Ctrl Pts',(16.3337877464648,-16.5651647764248,-44.757659520019));
#3182=CARTESIAN_POINT('Ctrl Pts',(16.2405147852108,-16.591630376681,-44.2901409602901));
#3183=CARTESIAN_POINT('Ctrl Pts',(15.9721770799633,-16.6180959769373,-43.9688206774107));
#3184=CARTESIAN_POINT('Ctrl Pts',(15.7038393747158,-16.6445615771935,-43.6475003945312));
#3185=CARTESIAN_POINT('Ctrl Pts',(15.2604369254748,-16.6710271774498,-43.4723783885013));
#3186=CARTESIAN_POINT('Ctrl Pts',(14.8449543332577,-16.697492777706,-43.5236235230377));
#3187=CARTESIAN_POINT('Ctrl Pts',(14.4294717410406,-16.7239583779623,-43.574868657574));
#3188=CARTESIAN_POINT('Ctrl Pts',(14.0419090058474,-16.7504239782185,-43.8524809326767));
#3189=CARTESIAN_POINT('Ctrl Pts',(13.8596879423643,-16.7768895784748,-44.2293726044725));
#3190=CARTESIAN_POINT('Ctrl Pts',(13.6774668788813,-16.803355178731,-44.6062642762682));
#3191=CARTESIAN_POINT('Ctrl Pts',(13.7005874871084,-16.8298207789873,-45.082435344757));
#3192=CARTESIAN_POINT('Ctrl Pts',(13.9184654153899,-16.8562863792435,-45.4399001075142));
#3193=CARTESIAN_POINT('Ctrl Pts',(14.1363433436714,-16.8827519794998,-45.7973648702713));
#3194=CARTESIAN_POINT('Ctrl Pts',(14.5489785920073,-16.9092175797561,-46.0361233272968));
#3195=CARTESIAN_POINT('Ctrl Pts',(14.9674714342626,-16.9356831800123,-46.0468745709687));
#3196=CARTESIAN_POINT('Ctrl Pts',(15.0082497422976,-16.9382620112147,-46.0479221815416));
#3197=CARTESIAN_POINT('Ctrl Pts',(15.0490836665691,-16.9408408424171,-46.0468049265999));
#3198=CARTESIAN_POINT('Ctrl Pts',(15.0897934801447,-16.9434196736195,-46.043614821482));
#3199=CARTESIAN_POINT('Ctrl Pts',(15.0893740222301,-16.8065803263808,-46.0407232928664));
#3200=CARTESIAN_POINT('Ctrl Pts',(14.9427919705933,-16.7973495598894,-46.052212395796));
#3201=CARTESIAN_POINT('Ctrl Pts',(14.7947513713741,-16.7881187933981,-46.0390513852319));
#3202=CARTESIAN_POINT('Ctrl Pts',(14.6542840670815,-16.7788880269068,-45.9991977169991));
#3203=CARTESIAN_POINT('Ctrl Pts',(14.2515491990756,-16.7524224266505,-45.8849329641007));
#3204=CARTESIAN_POINT('Ctrl Pts',(13.9110691303432,-16.7259568263943,-45.551246405851));
#3205=CARTESIAN_POINT('Ctrl Pts',(13.7887117660521,-16.699491226138,-45.1508959555369));
#3206=CARTESIAN_POINT('Ctrl Pts',(13.6663544017609,-16.6730256258818,-44.7505455052229));
#3207=CARTESIAN_POINT('Ctrl Pts',(13.762119741911,-16.6465600256255,-44.2835311628446));
#3208=CARTESIAN_POINT('Ctrl Pts',(14.0321675023626,-16.6200944253693,-43.9636467857045));
#3209=CARTESIAN_POINT('Ctrl Pts',(14.3022152628141,-16.593628825113,-43.6437624085644));
#3210=CARTESIAN_POINT('Ctrl Pts',(14.7465454435671,-16.5671632248568,-43.4710079966625));
#3211=CARTESIAN_POINT('Ctrl Pts',(15.1617487386585,-16.5406976246005,-43.5244685560352));
#3212=CARTESIAN_POINT('Ctrl Pts',(15.5769520337499,-16.5142320243443,-43.5779291154079));
#3213=CARTESIAN_POINT('Ctrl Pts',(15.9630284431798,-16.487766424088,-43.8576046460553));
#3214=CARTESIAN_POINT('Ctrl Pts',(16.1432365753119,-16.4613008238317,-44.2354628691712));
#3215=CARTESIAN_POINT('Ctrl Pts',(16.323444707444,-16.4348352235755,-44.6133210922872));
#3216=CARTESIAN_POINT('Ctrl Pts',(16.2977845622784,-16.4083696233192,-45.0893620078718));
#3217=CARTESIAN_POINT('Ctrl Pts',(16.0780030625916,-16.381904023063,-45.4456594960164));
#3218=CARTESIAN_POINT('Ctrl Pts',(15.8694964872829,-16.3567961241689,-45.783678706687));
#3219=CARTESIAN_POINT('Ctrl Pts',(15.4862747648347,-16.3316882252749,-46.0139251759415));
#3220=CARTESIAN_POINT('Ctrl Pts',(15.0901270081578,-16.3065803263808,-46.0439330721261));
#3221=CARTESIAN_POINT('Origin',(15.0000000745057,-16.5,-44.7806951859306));
#3222=CARTESIAN_POINT('',(15.0915221738759,-15.8065803263808,-46.0417315117264));
#3223=CARTESIAN_POINT('',(15.0902491674079,-15.9434196736195,-46.0399114960864));
#3224=CARTESIAN_POINT('',(15.0903788368143,-16.5,-46.0419611885342));
#3225=CARTESIAN_POINT('Ctrl Pts',(15.0902491674079,-15.9434196736195,-46.0399114960864));
#3226=CARTESIAN_POINT('Ctrl Pts',(15.2997545687152,-15.9565869726754,-46.0249244130292));
#3227=CARTESIAN_POINT('Ctrl Pts',(15.5057052569752,-15.9697542717313,-45.9604879269215));
#3228=CARTESIAN_POINT('Ctrl Pts',(15.6812880981025,-15.9829215707872,-45.8484568524143));
#3229=CARTESIAN_POINT('Ctrl Pts',(16.0342006631925,-16.0093871710435,-45.6232801004019));
#3230=CARTESIAN_POINT('Ctrl Pts',(16.264430308657,-16.0358527712997,-45.2058261995459));
#3231=CARTESIAN_POINT('Ctrl Pts',(16.2665805198445,-16.062318371556,-44.787200800367));
#3232=CARTESIAN_POINT('Ctrl Pts',(16.268730731032,-16.0887839718122,-44.368575401188));
#3233=CARTESIAN_POINT('Ctrl Pts',(16.0428015079425,-16.1152495720685,-43.9487785036861));
#3234=CARTESIAN_POINT('Ctrl Pts',(15.6922206807373,-16.1417151723247,-43.719988355635));
#3235=CARTESIAN_POINT('Ctrl Pts',(15.3416398535321,-16.168180772581,-43.491198207584));
#3236=CARTESIAN_POINT('Ctrl Pts',(14.8664074222113,-16.1946463728372,-43.4534148089838));
#3237=CARTESIAN_POINT('Ctrl Pts',(14.4840793917721,-16.2211119730935,-43.6239349702191));
#3238=CARTESIAN_POINT('Ctrl Pts',(14.1017513613329,-16.2475775733497,-43.7944551314543));
#3239=CARTESIAN_POINT('Ctrl Pts',(13.8123277317753,-16.274043173606,-44.1732788525249));
#3240=CARTESIAN_POINT('Ctrl Pts',(13.7483033507811,-16.3005087738622,-44.5869849400868));
#3241=CARTESIAN_POINT('Ctrl Pts',(13.684278969787,-16.3269743741185,-45.0006910276486));
#3242=CARTESIAN_POINT('Ctrl Pts',(13.8456538373563,-16.3534399743748,-45.4492794817017));
#3243=CARTESIAN_POINT('Ctrl Pts',(14.1585523734923,-16.379905574631,-45.7273916071684));
#3244=CARTESIAN_POINT('Ctrl Pts',(14.4088580332301,-16.4010769409605,-45.9498696024498));
#3245=CARTESIAN_POINT('Ctrl Pts',(14.7561286374733,-16.42224830729,-46.0632542270569));
#3246=CARTESIAN_POINT('Ctrl Pts',(15.0915264762094,-16.4434196736195,-46.0423209470868));
#3247=CARTESIAN_POINT('Ctrl Pts',(15.0901270081578,-16.3065803263808,-46.0439330721261));
#3248=CARTESIAN_POINT('Ctrl Pts',(15.068705448706,-16.3052226250186,-46.0455557392278));
#3249=CARTESIAN_POINT('Ctrl Pts',(15.0472460926253,-16.3038649236564,-46.0465928947249));
#3250=CARTESIAN_POINT('Ctrl Pts',(15.0257745217065,-16.3025072222942,-46.0470299180939));
#3251=CARTESIAN_POINT('Ctrl Pts',(14.607230334716,-16.276041622038,-46.0555487913222));
#3252=CARTESIAN_POINT('Ctrl Pts',(14.1840448149429,-16.2495760217817,-45.8360324770743));
#3253=CARTESIAN_POINT('Ctrl Pts',(13.9499474829236,-16.2231104215255,-45.4889730487299));
#3254=CARTESIAN_POINT('Ctrl Pts',(13.7158501509042,-16.1966448212692,-45.1419136203854));
#3255=CARTESIAN_POINT('Ctrl Pts',(13.6708410066386,-16.170179221013,-44.6673110779444));
#3256=CARTESIAN_POINT('Ctrl Pts',(13.8355247247179,-16.1437136207567,-44.2824330704403));
#3257=CARTESIAN_POINT('Ctrl Pts',(14.0002084427973,-16.1172480205005,-43.8975550629363));
#3258=CARTESIAN_POINT('Ctrl Pts',(14.3745850232217,-16.0907824202442,-43.6024015903692));
#3259=CARTESIAN_POINT('Ctrl Pts',(14.7872691231335,-16.0643168199879,-43.5320905574158));
#3260=CARTESIAN_POINT('Ctrl Pts',(15.1999532230453,-16.0378512197317,-43.4617795244624));
#3261=CARTESIAN_POINT('Ctrl Pts',(15.6509448424445,-16.0113856194754,-43.6163109311227));
#3262=CARTESIAN_POINT('Ctrl Pts',(15.9337851443726,-15.9849200192192,-43.9249420560145));
#3263=CARTESIAN_POINT('Ctrl Pts',(16.2166254463006,-15.9584544189629,-44.2335731809063));
#3264=CARTESIAN_POINT('Ctrl Pts',(16.3313144307575,-15.9319888187067,-44.6963040240297));
#3265=CARTESIAN_POINT('Ctrl Pts',(16.2253487845567,-15.9055232184504,-45.1013016653517));
#3266=CARTESIAN_POINT('Ctrl Pts',(16.1193831383559,-15.8790576181942,-45.5062993066737));
#3267=CARTESIAN_POINT('Ctrl Pts',(15.7927628614974,-15.8525920179379,-45.8535637461943));
#3268=CARTESIAN_POINT('Ctrl Pts',(15.3950110035612,-15.8261264176817,-45.9841212709191));
#3269=CARTESIAN_POINT('Ctrl Pts',(15.297091514929,-15.8196110539147,-46.0162622296678));
#3270=CARTESIAN_POINT('Ctrl Pts',(15.1948610433812,-15.8130956901477,-46.0352695030238));
#3271=CARTESIAN_POINT('Ctrl Pts',(15.0915221738759,-15.8065803263808,-46.0417315117264));
#3272=CARTESIAN_POINT('Origin',(15.0000000745057,-16.5,-44.7806951859306));
#3273=CARTESIAN_POINT('',(15.0899379893472,-15.3065803263808,-46.0399989592913));
#3274=CARTESIAN_POINT('',(15.0892810510649,-15.4434196736195,-46.0424186593237));
#3275=CARTESIAN_POINT('',(15.0903788368143,-16.5,-46.0419611885342));
#3276=CARTESIAN_POINT('Ctrl Pts',(15.0892810510649,-15.4434196736195,-46.0424186593237));
#3277=CARTESIAN_POINT('Ctrl Pts',(15.4222063836018,-15.4644600378045,-46.0154735086492));
#3278=CARTESIAN_POINT('Ctrl Pts',(15.7478423545424,-15.4855004019896,-45.8557607898746));
#3279=CARTESIAN_POINT('Ctrl Pts',(15.9637858434569,-15.5065407661747,-45.6025134979336));
#3280=CARTESIAN_POINT('Ctrl Pts',(16.2354101369001,-15.5330063664309,-45.2839666545645));
#3281=CARTESIAN_POINT('Ctrl Pts',(16.3334807390541,-15.5594719666871,-44.8174309049698));
#3282=CARTESIAN_POINT('Ctrl Pts',(16.2131020416983,-15.5859375669434,-44.4164810111898));
#3283=CARTESIAN_POINT('Ctrl Pts',(16.0927233443425,-15.6124031671997,-44.0155311174098));
#3284=CARTESIAN_POINT('Ctrl Pts',(15.7538953474771,-15.6388687674559,-43.6801670794443));
#3285=CARTESIAN_POINT('Ctrl Pts',(15.3517296572182,-15.6653343677122,-43.5639147421922));
#3286=CARTESIAN_POINT('Ctrl Pts',(14.9495639669594,-15.6917999679684,-43.4476624049401));
#3287=CARTESIAN_POINT('Ctrl Pts',(14.4840605833072,-15.7182655682247,-43.5505217684012));
#3288=CARTESIAN_POINT('Ctrl Pts',(14.1683216634964,-15.7447311684809,-43.8254049849722));
#3289=CARTESIAN_POINT('Ctrl Pts',(13.8525827436855,-15.7711967687372,-44.1002882015432));
#3290=CARTESIAN_POINT('Ctrl Pts',(13.686608287716,-15.7976623689934,-44.5471952712241));
#3291=CARTESIAN_POINT('Ctrl Pts',(13.7463795150371,-15.8241279692497,-44.9615372177077));
#3292=CARTESIAN_POINT('Ctrl Pts',(13.8061507423581,-15.8505935695059,-45.3758791641913));
#3293=CARTESIAN_POINT('Ctrl Pts',(14.0916676529698,-15.8770591697622,-45.7576559874778));
#3294=CARTESIAN_POINT('Ctrl Pts',(14.4722238506334,-15.9035247700184,-45.9320945975366));
#3295=CARTESIAN_POINT('Ctrl Pts',(14.6634438075278,-15.9168230712188,-46.0197456296337));
#3296=CARTESIAN_POINT('Ctrl Pts',(14.878659385946,-15.9301213724191,-46.0550476864139));
#3297=CARTESIAN_POINT('Ctrl Pts',(15.0902491674079,-15.9434196736195,-46.0399114960864));
#3298=CARTESIAN_POINT('Ctrl Pts',(15.0915221738759,-15.8065803263808,-46.0417315117264));
#3299=CARTESIAN_POINT('Ctrl Pts',(14.7750955001081,-15.7866300898915,-46.0615183734312));
#3300=CARTESIAN_POINT('Ctrl Pts',(14.4482764593091,-15.7666798534022,-45.9636805193032));
#3301=CARTESIAN_POINT('Ctrl Pts',(14.2030101958359,-15.7467296169129,-45.7651113122076));
#3302=CARTESIAN_POINT('Ctrl Pts',(13.8776446850606,-15.7202640166567,-45.5016932188426));
#3303=CARTESIAN_POINT('Ctrl Pts',(13.6957971025239,-15.6937984164004,-45.0610064221836));
#3304=CARTESIAN_POINT('Ctrl Pts',(13.7407152027777,-15.6673328161441,-44.6447923283647));
#3305=CARTESIAN_POINT('Ctrl Pts',(13.7856333030315,-15.6408672158879,-44.2285782345457));
#3306=CARTESIAN_POINT('Ctrl Pts',(14.0573170860757,-15.6144016156316,-43.8368368435668));
#3307=CARTESIAN_POINT('Ctrl Pts',(14.431392807579,-15.5879360153754,-43.648902911235));
#3308=CARTESIAN_POINT('Ctrl Pts',(14.8054685290822,-15.5614704151191,-43.4609689789031));
#3309=CARTESIAN_POINT('Ctrl Pts',(15.2819361890444,-15.5350048148629,-43.4768425052184));
#3310=CARTESIAN_POINT('Ctrl Pts',(15.6426743023205,-15.5085392146066,-43.6892567702418));
#3311=CARTESIAN_POINT('Ctrl Pts',(16.0034124155965,-15.4820736143504,-43.9016710352652));
#3312=CARTESIAN_POINT('Ctrl Pts',(16.2484209821864,-15.4556080140941,-44.3106260389967));
#3313=CARTESIAN_POINT('Ctrl Pts',(16.2655378783463,-15.4291424138379,-44.7289068294543));
#3314=CARTESIAN_POINT('Ctrl Pts',(16.2826547745063,-15.4026768135816,-45.147187619912));
#3315=CARTESIAN_POINT('Ctrl Pts',(16.0718800002364,-15.3762112133254,-45.5747941970957));
#3316=CARTESIAN_POINT('Ctrl Pts',(15.729703825395,-15.3497456130691,-45.8159731305387));
#3317=CARTESIAN_POINT('Ctrl Pts',(15.5436745075644,-15.335357184173,-45.947093751325));
#3318=CARTESIAN_POINT('Ctrl Pts',(15.318806618305,-15.3209687552769,-46.0231115853355));
#3319=CARTESIAN_POINT('Ctrl Pts',(15.0899379893472,-15.3065803263808,-46.0399989592913));
#3320=CARTESIAN_POINT('Origin',(15.0000000745057,-16.5,-44.7806951859306));
#3321=CARTESIAN_POINT('',(15.0894440598639,-14.8065803263808,-46.0429818286167));
#3322=CARTESIAN_POINT('',(15.091166917627,-14.9434196736195,-46.0435607057739));
#3323=CARTESIAN_POINT('',(15.0903788368143,-16.5,-46.0419611885342));
#3324=CARTESIAN_POINT('Ctrl Pts',(15.091166917627,-14.9434196736195,-46.0435607057739));
#3325=CARTESIAN_POINT('Ctrl Pts',(15.1298414596276,-14.9458675026774,-46.0410394351851));
#3326=CARTESIAN_POINT('Ctrl Pts',(15.1683608753802,-14.9483153317354,-46.0366499154791));
#3327=CARTESIAN_POINT('Ctrl Pts',(15.2065620883109,-14.9507631607933,-46.030335367198));
#3328=CARTESIAN_POINT('Ctrl Pts',(15.6195884912126,-14.9772287610496,-45.9620633160664));
#3329=CARTESIAN_POINT('Ctrl Pts',(15.9954181136178,-15.0036943613059,-45.6687622569397));
#3330=CARTESIAN_POINT('Ctrl Pts',(16.1620005948294,-15.0301599615621,-45.2847021967787));
#3331=CARTESIAN_POINT('Ctrl Pts',(16.328583076041,-15.0566255618184,-44.9006421366176));
#3332=CARTESIAN_POINT('Ctrl Pts',(16.2859184160591,-15.0830911620746,-44.4258230754223));
#3333=CARTESIAN_POINT('Ctrl Pts',(16.0535379268497,-15.1095567623309,-44.0776117238354));
#3334=CARTESIAN_POINT('Ctrl Pts',(15.8211574376402,-15.1360223625871,-43.7294003722485));
#3335=CARTESIAN_POINT('Ctrl Pts',(15.3990611192031,-15.1624879628434,-43.5077967302701));
#3336=CARTESIAN_POINT('Ctrl Pts',(14.9804799103895,-15.1889535630996,-43.5142484553782));
#3337=CARTESIAN_POINT('Ctrl Pts',(14.5618987015758,-15.2154191633559,-43.5207001804864));
#3338=CARTESIAN_POINT('Ctrl Pts',(14.1468326023856,-15.2418847636121,-43.7552072726811));
#3339=CARTESIAN_POINT('Ctrl Pts',(13.9252941336747,-15.2683503638684,-44.1104150362049));
#3340=CARTESIAN_POINT('Ctrl Pts',(13.7037556649638,-15.2948159641246,-44.4656227997287));
#3341=CARTESIAN_POINT('Ctrl Pts',(13.6757448267323,-15.3212815643809,-44.9415312345816));
#3342=CARTESIAN_POINT('Ctrl Pts',(13.8540846729579,-15.3477471646371,-45.3202748763673));
#3343=CARTESIAN_POINT('Ctrl Pts',(14.0324245191836,-15.3742127648934,-45.699018518153));
#3344=CARTESIAN_POINT('Ctrl Pts',(14.4171150498664,-15.4006783651496,-45.9805973668715));
#3345=CARTESIAN_POINT('Ctrl Pts',(14.8320493075739,-15.4271439654059,-46.036107822659));
#3346=CARTESIAN_POINT('Ctrl Pts',(14.9171075069079,-15.4325692014771,-46.0474870214736));
#3347=CARTESIAN_POINT('Ctrl Pts',(15.0034365995523,-15.4379944375483,-46.0493664384637));
#3348=CARTESIAN_POINT('Ctrl Pts',(15.0892810510649,-15.4434196736195,-46.0424186593237));
#3349=CARTESIAN_POINT('Ctrl Pts',(15.0899379893472,-15.3065803263808,-46.0399989592913));
#3350=CARTESIAN_POINT('Ctrl Pts',(14.8978332313613,-15.2945031550206,-46.0541736624892));
#3351=CARTESIAN_POINT('Ctrl Pts',(14.7029098048719,-15.2824259836605,-46.026688778231));
#3352=CARTESIAN_POINT('Ctrl Pts',(14.5257695815486,-15.2703488123003,-45.9551624818191));
#3353=CARTESIAN_POINT('Ctrl Pts',(14.1375890879565,-15.2438832120441,-45.7984216099545));
#3354=CARTESIAN_POINT('Ctrl Pts',(13.8348056761854,-15.2174176117878,-45.4301885765233));
#3355=CARTESIAN_POINT('Ctrl Pts',(13.7560300474387,-15.1909520115316,-45.0190362779946));
#3356=CARTESIAN_POINT('Ctrl Pts',(13.677254418692,-15.1644864112753,-44.6078839794659));
#3357=CARTESIAN_POINT('Ctrl Pts',(13.8224865729699,-15.1380208110191,-44.1538124158397));
#3358=CARTESIAN_POINT('Ctrl Pts',(14.1252410861121,-15.1115552107628,-43.8646903883486));
#3359=CARTESIAN_POINT('Ctrl Pts',(14.4279955992542,-15.0850896105066,-43.5755683608576));
#3360=CARTESIAN_POINT('Ctrl Pts',(14.8882724712608,-15.0586240102503,-43.4513958695016));
#3361=CARTESIAN_POINT('Ctrl Pts',(15.2953617730659,-15.0321584099941,-43.5490176674953));
#3362=CARTESIAN_POINT('Ctrl Pts',(15.7024510748711,-15.0056928097378,-43.6466394654891));
#3363=CARTESIAN_POINT('Ctrl Pts',(16.0563528064748,-14.9792272094816,-43.9660555528325));
#3364=CARTESIAN_POINT('Ctrl Pts',(16.195055593733,-14.9527616092253,-44.3610408792634));
#3365=CARTESIAN_POINT('Ctrl Pts',(16.3337583809912,-14.9262960089691,-44.7560262056944));
#3366=CARTESIAN_POINT('Ctrl Pts',(16.2572622239037,-14.8998304087128,-45.2265807712128));
#3367=CARTESIAN_POINT('Ctrl Pts',(16.0005845672144,-14.8733648084565,-45.5572900373062));
#3368=CARTESIAN_POINT('Ctrl Pts',(15.7846805988373,-14.8511033144313,-45.835465566293));
#3369=CARTESIAN_POINT('Ctrl Pts',(15.4412927380122,-14.828841820406,-46.0146962915645));
#3370=CARTESIAN_POINT('Ctrl Pts',(15.0894440598639,-14.8065803263808,-46.0429818286167));
#3371=CARTESIAN_POINT('Origin',(15.0000000745057,-16.5,-44.7806951859306));
#3372=CARTESIAN_POINT('',(15.0913573100807,-14.3065803263808,-46.0430780015294));
#3373=CARTESIAN_POINT('',(15.0909665621672,-14.4434196736195,-46.0402642610428));
#3374=CARTESIAN_POINT('',(15.0903788368143,-16.5,-46.0419611885342));
#3375=CARTESIAN_POINT('',(15.7546205602962,-14.,-43.7660483644078));
#3376=CARTESIAN_POINT('Ctrl Pts',(15.0913573100807,-14.3065803263808,-46.0430780015294));
#3377=CARTESIAN_POINT('Ctrl Pts',(14.7308693424439,-14.2837836850227,-46.0659484913465));
#3378=CARTESIAN_POINT('Ctrl Pts',(14.3567197974442,-14.2609870436646,-45.9297025709847));
#3379=CARTESIAN_POINT('Ctrl Pts',(14.1022750917056,-14.2381904023064,-45.6740915156593));
#3380=CARTESIAN_POINT('Ctrl Pts',(13.8068793023164,-14.2117248020502,-45.3773416609305));
#3381=CARTESIAN_POINT('Ctrl Pts',(13.6728203249373,-14.1852592017939,-44.9197128437552));
#3382=CARTESIAN_POINT('Ctrl Pts',(13.7622981849653,-14.1587936015376,-44.5106975863298));
#3383=CARTESIAN_POINT('Ctrl Pts',(13.8517760449932,-14.1323280012814,-44.1016823289043));
#3384=CARTESIAN_POINT('Ctrl Pts',(14.1647907424282,-14.1058624010251,-43.7412806312286));
#3385=CARTESIAN_POINT('Ctrl Pts',(14.5561399386051,-14.0793968007688,-43.5946298723052));
#3386=CARTESIAN_POINT('Ctrl Pts',(14.947489134782,-14.0529312005125,-43.4479791133818));
#3387=CARTESIAN_POINT('Ctrl Pts',(15.4171728297009,-14.0264656002563,-43.5150792932106));
#3388=CARTESIAN_POINT('Ctrl Pts',(15.7546205602962,-14.,-43.7660483644078));
#3389=CARTESIAN_POINT('',(15.893081761934,-14.,-45.6791118773322));
#3390=CARTESIAN_POINT('Origin',(15.0000000745057,-14.,-44.7806951859306));
#3391=CARTESIAN_POINT('Ctrl Pts',(15.8930835266786,-14.,-45.6791139142693));
#3392=CARTESIAN_POINT('Ctrl Pts',(16.1820434760162,-14.025799450779,-45.3908346323411));
#3393=CARTESIAN_POINT('Ctrl Pts',(16.319943978117,-14.051598901558,-44.9496766495541));
#3394=CARTESIAN_POINT('Ctrl Pts',(16.2450396947298,-14.077398352337,-44.5484361736237));
#3395=CARTESIAN_POINT('Ctrl Pts',(16.1682013605113,-14.1038639525932,-44.1368355495031));
#3396=CARTESIAN_POINT('Ctrl Pts',(15.8674270010079,-14.1303295528495,-43.767240408503));
#3397=CARTESIAN_POINT('Ctrl Pts',(15.4800719069247,-14.1567951531057,-43.6086164575817));
#3398=CARTESIAN_POINT('Ctrl Pts',(15.0927168128415,-14.183260753362,-43.4499925066605));
#3399=CARTESIAN_POINT('Ctrl Pts',(14.6187809841785,-14.2097263536183,-43.5023397458181));
#3400=CARTESIAN_POINT('Ctrl Pts',(14.2753945139539,-14.2361919538745,-43.741809785117));
#3401=CARTESIAN_POINT('Ctrl Pts',(13.9320080437293,-14.2626575541308,-43.9812798244159));
#3402=CARTESIAN_POINT('Ctrl Pts',(13.7191709319431,-14.289123154387,-44.4078726638561));
#3403=CARTESIAN_POINT('Ctrl Pts',(13.7342335763468,-14.3155887546433,-44.8262410053677));
#3404=CARTESIAN_POINT('Ctrl Pts',(13.7492962207504,-14.3420543548995,-45.2446093468793));
#3405=CARTESIAN_POINT('Ctrl Pts',(13.9922586213439,-14.3685199551558,-45.6547531904624));
#3406=CARTESIAN_POINT('Ctrl Pts',(14.3519374744605,-14.394985555412,-45.8689424010233));
#3407=CARTESIAN_POINT('Ctrl Pts',(14.5713509510729,-14.4111302614812,-45.999603403011));
#3408=CARTESIAN_POINT('Ctrl Pts',(14.8341983317177,-14.4272749675503,-46.0573434539124));
#3409=CARTESIAN_POINT('Ctrl Pts',(15.0909665621672,-14.4434196736195,-46.0402642610428));
#3410=CARTESIAN_POINT('Origin',(65.0000000745066,-16.5,-45.2682434629804));
#3411=CARTESIAN_POINT('',(65.0905347876178,-18.8065803263806,-46.527472402876));
#3412=CARTESIAN_POINT('',(65.0885075418481,-18.9434196736191,-46.5286934762722));
#3413=CARTESIAN_POINT('',(65.0903788368152,-16.5,-46.5295094655839));
#3414=CARTESIAN_POINT('',(65.8915811803532,-19.,-46.164928124216));
#3415=CARTESIAN_POINT('Ctrl Pts',(65.0885075418481,-18.9434196736191,-46.5286934762722));
#3416=CARTESIAN_POINT('Ctrl Pts',(65.3867272040991,-18.9622797824127,-46.5046660375879));
#3417=CARTESIAN_POINT('Ctrl Pts',(65.6790641207398,-18.9811398912064,-46.3762356252946));
#3418=CARTESIAN_POINT('Ctrl Pts',(65.8915811803532,-19.,-46.164928124216));
#3419=CARTESIAN_POINT('',(65.7558515980914,-19.,-44.2516575925661));
#3420=CARTESIAN_POINT('Origin',(65.0000000745066,-19.,-45.2682434629804));
#3421=CARTESIAN_POINT('Ctrl Pts',(65.7558532732766,-19.,-44.2516549539264));
#3422=CARTESIAN_POINT('Ctrl Pts',(66.0829471022345,-18.9742005492211,-44.4957860158269));
#3423=CARTESIAN_POINT('Ctrl Pts',(66.2823820306567,-18.9484010984422,-44.9127804014061));
#3424=CARTESIAN_POINT('Ctrl Pts',(66.265461551197,-18.9226016476633,-45.3206076047195));
#3425=CARTESIAN_POINT('Ctrl Pts',(66.248104179935,-18.896136047407,-45.7389650274804));
#3426=CARTESIAN_POINT('Ctrl Pts',(66.0030744375882,-18.8696704471507,-46.1476757575931));
#3427=CARTESIAN_POINT('Ctrl Pts',(65.6422847563415,-18.8432048468945,-46.3599111546245));
#3428=CARTESIAN_POINT('Ctrl Pts',(65.4758580369512,-18.8309966733898,-46.457812072257));
#3429=CARTESIAN_POINT('Ctrl Pts',(65.2847995159676,-18.8187884998852,-46.5139062865652));
#3430=CARTESIAN_POINT('Ctrl Pts',(65.0905347876178,-18.8065803263806,-46.527472402876));
#3431=CARTESIAN_POINT('Origin',(65.0000000745066,-16.5,-45.2682434629804));
#3432=CARTESIAN_POINT('',(65.0892193953584,-18.3065803263806,-46.5295217066642));
#3433=CARTESIAN_POINT('',(65.0906142340265,-18.4434196736191,-46.5316022252662));
#3434=CARTESIAN_POINT('',(65.0903788368152,-16.5,-46.5295094655839));
#3435=CARTESIAN_POINT('Ctrl Pts',(65.0906142340265,-18.4434196736191,-46.5316022252662));
#3436=CARTESIAN_POINT('Ctrl Pts',(65.094836187893,-18.4436872472855,-46.5313035367606));
#3437=CARTESIAN_POINT('Ctrl Pts',(65.0990564452937,-18.443954820952,-46.530981703504));
#3438=CARTESIAN_POINT('Ctrl Pts',(65.1032748000076,-18.4442223946184,-46.5306366341033));
#3439=CARTESIAN_POINT('Ctrl Pts',(65.5205105133956,-18.4706879948747,-46.4965059629484));
#3440=CARTESIAN_POINT('Ctrl Pts',(65.919132038606,-18.4971535951309,-46.2350536322394));
#3441=CARTESIAN_POINT('Ctrl Pts',(66.1166986670826,-18.5236191953872,-45.8659599021644));
#3442=CARTESIAN_POINT('Ctrl Pts',(66.3142652955591,-18.5500847956434,-45.4968661720894));
#3443=CARTESIAN_POINT('Ctrl Pts',(66.3107770273018,-18.5765503958997,-45.0201310426483));
#3444=CARTESIAN_POINT('Ctrl Pts',(66.1077418761198,-18.6030159961559,-44.6540180529155));
#3445=CARTESIAN_POINT('Ctrl Pts',(65.9047067249378,-18.6294815964122,-44.2879050631827));
#3446=CARTESIAN_POINT('Ctrl Pts',(65.5021246908312,-18.6559471966684,-44.0324142131583));
#3447=CARTESIAN_POINT('Ctrl Pts',(65.084474062947,-18.6824127969247,-44.0044664198784));
#3448=CARTESIAN_POINT('Ctrl Pts',(64.6668234350629,-18.7088783971809,-43.9765186265986));
#3449=CARTESIAN_POINT('Ctrl Pts',(64.2341042134012,-18.7353439974372,-44.1761138900634));
#3450=CARTESIAN_POINT('Ctrl Pts',(63.9840416563116,-18.7618095976934,-44.5119605452136));
#3451=CARTESIAN_POINT('Ctrl Pts',(63.733979099222,-18.7882751979497,-44.8478072003638));
#3452=CARTESIAN_POINT('Ctrl Pts',(63.6665732067045,-18.8147407982059,-45.3199052471995));
#3453=CARTESIAN_POINT('Ctrl Pts',(63.8134391178111,-18.8412063984622,-45.7119692116468));
#3454=CARTESIAN_POINT('Ctrl Pts',(63.9603050289177,-18.8676719987184,-46.1040331760941));
#3455=CARTESIAN_POINT('Ctrl Pts',(64.3214427436484,-18.8941375989747,-46.416063058153));
#3456=CARTESIAN_POINT('Ctrl Pts',(64.729707710678,-18.9206031992309,-46.5054165353126));
#3457=CARTESIAN_POINT('Ctrl Pts',(64.8470319236642,-18.9282086906937,-46.5310942868513));
#3458=CARTESIAN_POINT('Ctrl Pts',(64.9682480502356,-18.9358141821564,-46.5383827353209));
#3459=CARTESIAN_POINT('Ctrl Pts',(65.0885075418481,-18.9434196736191,-46.5286934762722));
#3460=CARTESIAN_POINT('Ctrl Pts',(65.0905347876178,-18.8065803263806,-46.527472402876));
#3461=CARTESIAN_POINT('Ctrl Pts',(64.863660953148,-18.7923228996289,-46.5433157155166));
#3462=CARTESIAN_POINT('Ctrl Pts',(64.6324141887343,-18.7780654728773,-46.5011551712806));
#3463=CARTESIAN_POINT('Ctrl Pts',(64.4309219762036,-18.7638080461257,-46.3998417059541));
#3464=CARTESIAN_POINT('Ctrl Pts',(64.0568984974589,-18.7373424458695,-46.2117767963023));
#3465=CARTESIAN_POINT('Ctrl Pts',(63.785401160116,-18.7108768456132,-45.8198869130487));
#3466=CARTESIAN_POINT('Ctrl Pts',(63.7406558880386,-18.684411245357,-45.4036410983611));
#3467=CARTESIAN_POINT('Ctrl Pts',(63.6959106159611,-18.6579456451007,-44.9873952836735));
#3468=CARTESIAN_POINT('Ctrl Pts',(63.877917409149,-18.6314800448444,-44.5467935375518));
#3469=CARTESIAN_POINT('Ctrl Pts',(64.2033863440726,-18.6050144445882,-44.2835057253268));
#3470=CARTESIAN_POINT('Ctrl Pts',(64.5288552789963,-18.5785488443319,-44.0202179131018));
#3471=CARTESIAN_POINT('Ctrl Pts',(64.9977863556558,-18.5520832440757,-43.9342440347734));
#3472=CARTESIAN_POINT('Ctrl Pts',(65.3954931528018,-18.5256176438194,-44.0649579878711));
#3473=CARTESIAN_POINT('Ctrl Pts',(65.7931999499479,-18.4991520435632,-44.1956719409689));
#3474=CARTESIAN_POINT('Ctrl Pts',(66.1196824675806,-18.4726864433069,-44.5430737254927));
#3475=CARTESIAN_POINT('Ctrl Pts',(66.2254881478635,-18.4462208430507,-44.948118869325));
#3476=CARTESIAN_POINT('Ctrl Pts',(66.3312938281463,-18.4197552427944,-45.3531640131573));
#3477=CARTESIAN_POINT('Ctrl Pts',(66.2164226710793,-18.3932896425382,-45.8158525162982));
#3478=CARTESIAN_POINT('Ctrl Pts',(65.9334577342186,-18.3668240422819,-46.1243747183882));
#3479=CARTESIAN_POINT('Ctrl Pts',(65.7187531226823,-18.3467428036481,-46.3584713534163));
#3480=CARTESIAN_POINT('Ctrl Pts',(65.4072721830337,-18.3266615650143,-46.5038101025032));
#3481=CARTESIAN_POINT('Ctrl Pts',(65.0892193953584,-18.3065803263806,-46.5295217066642));
#3482=CARTESIAN_POINT('Origin',(65.0000000745066,-16.5,-45.2682434629804));
#3483=CARTESIAN_POINT('',(65.0909439627203,-17.8065803263806,-46.5314086033038));
#3484=CARTESIAN_POINT('',(65.0913757284893,-17.9434196736191,-46.528566929838));
#3485=CARTESIAN_POINT('',(65.0903788368152,-16.5,-46.5295094655839));
#3486=CARTESIAN_POINT('Ctrl Pts',(65.0913757284893,-17.9434196736191,-46.528566929838));
#3487=CARTESIAN_POINT('Ctrl Pts',(65.2206747011974,-17.9515603124147,-46.5203345765621));
#3488=CARTESIAN_POINT('Ctrl Pts',(65.3483061638972,-17.9597009512103,-46.4928122489693));
#3489=CARTESIAN_POINT('Ctrl Pts',(65.467964640102,-17.9678415900058,-46.445236857423));
#3490=CARTESIAN_POINT('Ctrl Pts',(65.8569799837417,-17.9943071902621,-46.2905670180755));
#3491=CARTESIAN_POINT('Ctrl Pts',(66.1617263827569,-18.0207727905184,-45.9239501828465));
#3492=CARTESIAN_POINT('Ctrl Pts',(66.2426950169294,-18.0472383907746,-45.5132192352765));
#3493=CARTESIAN_POINT('Ctrl Pts',(66.3236636511019,-18.0737039910309,-45.1024882877064));
#3494=CARTESIAN_POINT('Ctrl Pts',(66.1808545204315,-18.1001695912871,-44.6476432277953));
#3495=CARTESIAN_POINT('Ctrl Pts',(65.8796427663672,-18.1266351915434,-44.3569072307368));
#3496=CARTESIAN_POINT('Ctrl Pts',(65.5784310123029,-18.1531007917996,-44.0661712336782));
#3497=CARTESIAN_POINT('Ctrl Pts',(65.1188166348446,-18.1795663920559,-43.9395442994723));
#3498=CARTESIAN_POINT('Ctrl Pts',(64.7112084245512,-18.2060319923121,-44.0349942356496));
#3499=CARTESIAN_POINT('Ctrl Pts',(64.3036002142579,-18.2324975925684,-44.130444171827));
#3500=CARTESIAN_POINT('Ctrl Pts',(63.9479981711295,-18.2589631928246,-44.4479709783878));
#3501=CARTESIAN_POINT('Ctrl Pts',(63.8071876754799,-18.2854287930809,-44.8422156389201));
#3502=CARTESIAN_POINT('Ctrl Pts',(63.6663771798302,-18.3118943933371,-45.2364602994524));
#3503=CARTESIAN_POINT('Ctrl Pts',(63.7403582316592,-18.3383599935934,-45.7074228139562));
#3504=CARTESIAN_POINT('Ctrl Pts',(63.9952737083565,-18.3648255938496,-46.0394995654077));
#3505=CARTESIAN_POINT('Ctrl Pts',(64.2476119274792,-18.3910236204395,-46.3682189399978));
#3506=CARTESIAN_POINT('Ctrl Pts',(64.6772444838158,-18.4172216470293,-46.5608466928485));
#3507=CARTESIAN_POINT('Ctrl Pts',(65.0906142340265,-18.4434196736191,-46.5316022252662));
#3508=CARTESIAN_POINT('Ctrl Pts',(65.0892193953584,-18.3065803263806,-46.5295217066642));
#3509=CARTESIAN_POINT('Ctrl Pts',(64.9881019270295,-18.3001959647581,-46.5376961117321));
#3510=CARTESIAN_POINT('Ctrl Pts',(64.8863201935413,-18.2938116031356,-46.5337789187954));
#3511=CARTESIAN_POINT('Ctrl Pts',(64.7867729334785,-18.2874272415131,-46.5167781381878));
#3512=CARTESIAN_POINT('Ctrl Pts',(64.3741117862536,-18.2609616412569,-46.4463034548583));
#3513=CARTESIAN_POINT('Ctrl Pts',(63.9998482084585,-18.2344960410006,-46.1509981871602));
#3514=CARTESIAN_POINT('Ctrl Pts',(63.8353149285231,-18.2080304407444,-45.7660506673068));
#3515=CARTESIAN_POINT('Ctrl Pts',(63.6707816485876,-18.1815648404881,-45.3811031474533));
#3516=CARTESIAN_POINT('Ctrl Pts',(63.715978666512,-18.1550992402319,-44.9065133754446));
#3517=CARTESIAN_POINT('Ctrl Pts',(63.9502157355345,-18.1286336399756,-44.5595426931776));
#3518=CARTESIAN_POINT('Ctrl Pts',(64.1844528045569,-18.1021680397194,-44.2125720109105));
#3519=CARTESIAN_POINT('Ctrl Pts',(64.6077299246775,-18.0757024394631,-43.9932204183851));
#3520=CARTESIAN_POINT('Ctrl Pts',(65.0262754282239,-18.0492368392069,-44.001904807928));
#3521=CARTESIAN_POINT('Ctrl Pts',(65.4448209317702,-18.0227712389506,-44.0105891974709));
#3522=CARTESIAN_POINT('Ctrl Pts',(65.8586348187422,-17.9963056386943,-44.2473095690822));
#3523=CARTESIAN_POINT('Ctrl Pts',(66.0782779005948,-17.9698400384381,-44.6036979160168));
#3524=CARTESIAN_POINT('Ctrl Pts',(66.2979209824473,-17.9433744381818,-44.9600862629514));
#3525=CARTESIAN_POINT('Ctrl Pts',(66.3233932591804,-17.9169088379256,-45.4361425852092));
#3526=CARTESIAN_POINT('Ctrl Pts',(66.1430337604162,-17.8904432376693,-45.8139337646939));
#3527=CARTESIAN_POINT('Ctrl Pts',(65.9626742616521,-17.8639776374131,-46.1917249441785));
#3528=CARTESIAN_POINT('Ctrl Pts',(65.5764829873907,-17.8375120371568,-46.4712509808898));
#3529=CARTESIAN_POINT('Ctrl Pts',(65.1612539384725,-17.8110464369006,-46.5245480056933));
#3530=CARTESIAN_POINT('Ctrl Pts',(65.1378970927856,-17.8095577333939,-46.5275459905095));
#3531=CARTESIAN_POINT('Ctrl Pts',(65.1144483680995,-17.8080690298872,-46.5298281596178));
#3532=CARTESIAN_POINT('Ctrl Pts',(65.0909439627203,-17.8065803263806,-46.5314086033038));
#3533=CARTESIAN_POINT('Origin',(65.0000000745066,-16.5,-45.2682434629804));
#3534=CARTESIAN_POINT('',(65.0911729418434,-17.3065803263806,-46.5281109627123));
#3535=CARTESIAN_POINT('',(65.0895785797005,-17.4434196736191,-46.5278935354493));
#3536=CARTESIAN_POINT('',(65.0903788368152,-16.5,-46.5295094655839));
#3537=CARTESIAN_POINT('Ctrl Pts',(65.0895785797005,-17.4434196736191,-46.5278935354493));
#3538=CARTESIAN_POINT('Ctrl Pts',(65.3440976744601,-17.4594333775438,-46.5084015316237));
#3539=CARTESIAN_POINT('Ctrl Pts',(65.5940162327892,-17.4754470814686,-46.4152452945553));
#3540=CARTESIAN_POINT('Ctrl Pts',(65.7917367489903,-17.4914607853933,-46.2569078601603));
#3541=CARTESIAN_POINT('Ctrl Pts',(66.1185063813525,-17.5179263856496,-45.9952260366421));
#3542=CARTESIAN_POINT('Ctrl Pts',(66.3027040533114,-17.5443919859058,-45.555510503325));
#3543=CARTESIAN_POINT('Ctrl Pts',(66.2600061731704,-17.5708575861621,-45.1390580311087));
#3544=CARTESIAN_POINT('Ctrl Pts',(66.2173082930293,-17.5973231864183,-44.7226055588923));
#3545=CARTESIAN_POINT('Ctrl Pts',(65.9477148607882,-17.6237887866746,-44.3294161477768));
#3546=CARTESIAN_POINT('Ctrl Pts',(65.574642667479,-17.6502543869308,-44.1394874446266));
#3547=CARTESIAN_POINT('Ctrl Pts',(65.2015704741699,-17.6767199871871,-43.9495587414765));
#3548=CARTESIAN_POINT('Ctrl Pts',(64.7250195197926,-17.7031855874433,-43.9628907462916));
#3549=CARTESIAN_POINT('Ctrl Pts',(64.3631494502773,-17.7296511876996,-44.1733802108554));
#3550=CARTESIAN_POINT('Ctrl Pts',(64.001279380762,-17.7561167879558,-44.3838696754192));
#3551=CARTESIAN_POINT('Ctrl Pts',(63.7540901961086,-17.7825823882121,-44.7915165997316));
#3552=CARTESIAN_POINT('Ctrl Pts',(63.7347422218617,-17.8090479884683,-45.2097048718309));
#3553=CARTESIAN_POINT('Ctrl Pts',(63.7153942476148,-17.8355135887246,-45.6278931439302));
#3554=CARTESIAN_POINT('Ctrl Pts',(63.9238874837744,-17.8619791889808,-46.0566227638165));
#3555=CARTESIAN_POINT('Ctrl Pts',(64.2647762459863,-17.8884447892371,-46.2996261520266));
#3556=CARTESIAN_POINT('Ctrl Pts',(64.5008099414032,-17.9067697506978,-46.4678833493184));
#3557=CARTESIAN_POINT('Ctrl Pts',(64.8003176492303,-17.9250947121584,-46.5470983449149));
#3558=CARTESIAN_POINT('Ctrl Pts',(65.0913757284893,-17.9434196736191,-46.528566929838));
#3559=CARTESIAN_POINT('Ctrl Pts',(65.0909439627203,-17.8065803263806,-46.5314086033038));
#3560=CARTESIAN_POINT('Ctrl Pts',(64.6965960595363,-17.781603429631,-46.5579246816139));
#3561=CARTESIAN_POINT('Ctrl Pts',(64.2865746859924,-17.7566265328814,-46.3869131790684));
#3562=CARTESIAN_POINT('Ctrl Pts',(64.0318337570297,-17.7316496361318,-46.0849183555798));
#3563=CARTESIAN_POINT('Ctrl Pts',(63.7619094480802,-17.7051840358756,-45.7649236677673));
#3564=CARTESIAN_POINT('Ctrl Pts',(63.6663276537564,-17.6787184356193,-45.2978662792469));
#3565=CARTESIAN_POINT('Ctrl Pts',(63.7888446391434,-17.652252835363,-44.897559746837));
#3566=CARTESIAN_POINT('Ctrl Pts',(63.9113616245304,-17.6257872351068,-44.4972532144272));
#3567=CARTESIAN_POINT('Ctrl Pts',(64.2519773896282,-17.5993216348505,-44.163697538128));
#3568=CARTESIAN_POINT('Ctrl Pts',(64.6547619059989,-17.5728560345943,-44.0495907181643));
#3569=CARTESIAN_POINT('Ctrl Pts',(65.0575464223697,-17.546390434338,-43.9354838982006));
#3570=CARTESIAN_POINT('Ctrl Pts',(65.5224996900134,-17.5199248340818,-44.0408259345723));
#3571=CARTESIAN_POINT('Ctrl Pts',(65.8367713896982,-17.4934592338255,-44.3173924388953));
#3572=CARTESIAN_POINT('Ctrl Pts',(66.151043089383,-17.4669936335693,-44.5939589432182));
#3573=CARTESIAN_POINT('Ctrl Pts',(66.3146332211087,-17.440528033313,-45.0417499154923));
#3574=CARTESIAN_POINT('Ctrl Pts',(66.2526520814011,-17.4140624330568,-45.4557717395092));
#3575=CARTESIAN_POINT('Ctrl Pts',(66.1906709416935,-17.3875968328005,-45.8697935635261));
#3576=CARTESIAN_POINT('Ctrl Pts',(65.9031185305524,-17.3611312325442,-46.2500462392857));
#3577=CARTESIAN_POINT('Ctrl Pts',(65.5216330734953,-17.334665632288,-46.4224544138476));
#3578=CARTESIAN_POINT('Ctrl Pts',(65.3866888987055,-17.3253038636522,-46.483440955832));
#3579=CARTESIAN_POINT('Ctrl Pts',(65.239991129077,-17.3159420950164,-46.5184204623505));
#3580=CARTESIAN_POINT('Ctrl Pts',(65.0911729418434,-17.3065803263806,-46.5281109627123));
#3581=CARTESIAN_POINT('Origin',(65.0000000745066,-16.5,-45.2682434629804));
#3582=CARTESIAN_POINT('',(65.0893750230197,-16.8065803263806,-46.5282856794241));
#3583=CARTESIAN_POINT('',(65.0897944849198,-16.9434196736191,-46.531177230357));
#3584=CARTESIAN_POINT('',(65.0903788368152,-16.5,-46.5295094655839));
#3585=CARTESIAN_POINT('Ctrl Pts',(65.0897944849198,-16.9434196736191,-46.531177230357));
#3586=CARTESIAN_POINT('Ctrl Pts',(65.4668787994911,-16.967306442673,-46.5016281242288));
#3587=CARTESIAN_POINT('Ctrl Pts',(65.8333147458809,-16.9911932117269,-46.2942339765679));
#3588=CARTESIAN_POINT('Ctrl Pts',(66.0462716441079,-17.0150799807807,-45.9821202403734));
#3589=CARTESIAN_POINT('Ctrl Pts',(66.2822195082823,-17.041545581037,-45.6363105011835));
#3590=CARTESIAN_POINT('Ctrl Pts',(66.3297600520807,-17.0680111812932,-45.1619494235364));
#3591=CARTESIAN_POINT('Ctrl Pts',(66.1671297550777,-17.0944767815495,-44.7761941166007));
#3592=CARTESIAN_POINT('Ctrl Pts',(66.0044994580747,-17.1209423818058,-44.390438809665));
#3593=CARTESIAN_POINT('Ctrl Pts',(65.6316983202702,-17.147407982062,-44.0932892734406));
#3594=CARTESIAN_POINT('Ctrl Pts',(65.2193904646005,-17.1738735823183,-44.020777187912));
#3595=CARTESIAN_POINT('Ctrl Pts',(64.8070826089307,-17.2003391825745,-43.9482651023834));
#3596=CARTESIAN_POINT('Ctrl Pts',(64.3552680353958,-17.2268047828308,-44.1003904675506));
#3597=CARTESIAN_POINT('Ctrl Pts',(64.0707823204084,-17.253270383087,-44.407512020365));
#3598=CARTESIAN_POINT('Ctrl Pts',(63.786296605421,-17.2797359833433,-44.7146335731795));
#3599=CARTESIAN_POINT('Ctrl Pts',(63.6691397489812,-17.3062015835995,-45.1767513136413));
#3600=CARTESIAN_POINT('Ctrl Pts',(63.7729448271874,-17.3326671838558,-45.5823129933745));
#3601=CARTESIAN_POINT('Ctrl Pts',(63.8767499053935,-17.359132784112,-45.9878746731076));
#3602=CARTESIAN_POINT('Ctrl Pts',(64.2015169182455,-17.3855983843683,-46.3368802921121));
#3603=CARTESIAN_POINT('Ctrl Pts',(64.5985712210542,-17.4120639846245,-46.4695590447548));
#3604=CARTESIAN_POINT('Ctrl Pts',(64.7553774287639,-17.4225158809561,-46.521957046485));
#3605=CARTESIAN_POINT('Ctrl Pts',(64.9234579117197,-17.4329677772876,-46.5406156642108));
#3606=CARTESIAN_POINT('Ctrl Pts',(65.0895785797005,-17.4434196736191,-46.5278935354493));
#3607=CARTESIAN_POINT('Ctrl Pts',(65.0911729418434,-17.3065803263806,-46.5281109627123));
#3608=CARTESIAN_POINT('Ctrl Pts',(64.819284016201,-17.2894764947601,-46.5458153829938));
#3609=CARTESIAN_POINT('Ctrl Pts',(64.5403173861898,-17.2723726631397,-46.4791080775217));
#3610=CARTESIAN_POINT('Ctrl Pts',(64.313018750889,-17.2552688315192,-46.3323677816498));
#3611=CARTESIAN_POINT('Ctrl Pts',(63.9613083883132,-17.228803231263,-46.105309301526));
#3612=CARTESIAN_POINT('Ctrl Pts',(63.7333061661349,-17.2023376310067,-45.6866286679144));
#3613=CARTESIAN_POINT('Ctrl Pts',(63.7333889100102,-17.1758720307505,-45.2679931155692));
#3614=CARTESIAN_POINT('Ctrl Pts',(63.7334716538855,-17.1494064304942,-44.849357563224));
#3615=CARTESIAN_POINT('Ctrl Pts',(63.9616393638144,-17.122940830238,-44.4307670921451));
#3616=CARTESIAN_POINT('Ctrl Pts',(64.3134394557739,-17.0964752299817,-44.2038476618416));
#3617=CARTESIAN_POINT('Ctrl Pts',(64.6652395477333,-17.0700096297255,-43.9769282315381));
#3618=CARTESIAN_POINT('Ctrl Pts',(65.1406720217232,-17.0435440294692,-43.94167984201));
#3619=CARTESIAN_POINT('Ctrl Pts',(65.522089295502,-17.0170784292129,-44.1142388052859));
#3620=CARTESIAN_POINT('Ctrl Pts',(65.9035065692807,-16.9906128289567,-44.2867977685618));
#3621=CARTESIAN_POINT('Ctrl Pts',(66.1909086428482,-16.9641472287004,-44.6671640846419));
#3622=CARTESIAN_POINT('Ctrl Pts',(66.252726113868,-16.9376816284442,-45.0812103777305));
#3623=CARTESIAN_POINT('Ctrl Pts',(66.3145435848878,-16.9112160281879,-45.4952566708191));
#3624=CARTESIAN_POINT('Ctrl Pts',(66.1507764533599,-16.8847504279317,-45.9429829409164));
#3625=CARTESIAN_POINT('Ctrl Pts',(65.8363954505314,-16.8582848276754,-46.2194251909546));
#3626=CARTESIAN_POINT('Ctrl Pts',(65.6316653756362,-16.8410499939105,-46.3994489266298));
#3627=CARTESIAN_POINT('Ctrl Pts',(65.3630625422942,-16.8238151601455,-46.5068340484473));
#3628=CARTESIAN_POINT('Ctrl Pts',(65.0893750230197,-16.8065803263806,-46.5282856794241));
#3629=CARTESIAN_POINT('Origin',(65.0000000745066,-16.5,-45.2682434629804));
#3630=CARTESIAN_POINT('',(65.0901280173779,-16.3065803263806,-46.5314954946265));
#3631=CARTESIAN_POINT('',(65.0915275003724,-16.4434196736191,-46.5298833414838));
#3632=CARTESIAN_POINT('',(65.0903788368152,-16.5,-46.5295094655839));
#3633=CARTESIAN_POINT('Ctrl Pts',(65.0915275003724,-16.4434196736191,-46.5298833414838));
#3634=CARTESIAN_POINT('Ctrl Pts',(65.1753999561517,-16.4487139075459,-46.5246485862295));
#3635=CARTESIAN_POINT('Ctrl Pts',(65.2585299653188,-16.4540081414727,-46.5110144506332));
#3636=CARTESIAN_POINT('Ctrl Pts',(65.3392155771772,-16.4593023753994,-46.4885864858128));
#3637=CARTESIAN_POINT('Ctrl Pts',(65.7425587575907,-16.4857679756557,-46.3764702552668));
#3638=CARTESIAN_POINT('Ctrl Pts',(66.0848177169201,-16.5122335759119,-46.0446007928708));
#3639=CARTESIAN_POINT('Ctrl Pts',(66.2093101941051,-16.5386991761682,-45.6449041660873));
#3640=CARTESIAN_POINT('Ctrl Pts',(66.33380267129,-16.5651647764244,-45.2452075393039));
#3641=CARTESIAN_POINT('Ctrl Pts',(66.2405286663305,-16.5916303766807,-44.777683748133));
#3642=CARTESIAN_POINT('Ctrl Pts',(65.9721879584357,-16.618095976937,-44.4563598697421));
#3643=CARTESIAN_POINT('Ctrl Pts',(65.703847250541,-16.6445615771932,-44.1350359913512));
#3644=CARTESIAN_POINT('Ctrl Pts',(65.260439839711,-16.6710271774495,-43.9599120257402));
#3645=CARTESIAN_POINT('Ctrl Pts',(64.8449525983251,-16.6974927777057,-44.0111577336997));
#3646=CARTESIAN_POINT('Ctrl Pts',(64.4294653569393,-16.723958377962,-44.0624034416592));
#3647=CARTESIAN_POINT('Ctrl Pts',(64.0418982849976,-16.7504239782182,-44.3400188231892));
#3648=CARTESIAN_POINT('Ctrl Pts',(63.8596751824948,-16.7768895784745,-44.7169147123297));
#3649=CARTESIAN_POINT('Ctrl Pts',(63.677452079992,-16.8033551787307,-45.0938106014702));
#3650=CARTESIAN_POINT('Ctrl Pts',(63.7005729469281,-16.829820778987,-45.5699869982211));
#3651=CARTESIAN_POINT('Ctrl Pts',(63.9184533132243,-16.8562863792432,-45.9274557609394));
#3652=CARTESIAN_POINT('Ctrl Pts',(64.1363336795205,-16.8827519794995,-46.2849245236576));
#3653=CARTESIAN_POINT('Ctrl Pts',(64.5489735451768,-16.9092175797557,-46.5236856523431));
#3654=CARTESIAN_POINT('Ctrl Pts',(64.96747107028,-16.935683180012,-46.5344370163195));
#3655=CARTESIAN_POINT('Ctrl Pts',(65.0082498346158,-16.9382620112144,-46.5354846386149));
#3656=CARTESIAN_POINT('Ctrl Pts',(65.0490842158102,-16.9408408424167,-46.5343673711715));
#3657=CARTESIAN_POINT('Ctrl Pts',(65.0897944849198,-16.9434196736191,-46.531177230357));
#3658=CARTESIAN_POINT('Ctrl Pts',(65.0893750230197,-16.8065803263806,-46.5282856794241));
#3659=CARTESIAN_POINT('Ctrl Pts',(64.9427913299908,-16.7973495598893,-46.5397749110062));
#3660=CARTESIAN_POINT('Ctrl Pts',(64.7947490730469,-16.788118793398,-46.5266137530684));
#3661=CARTESIAN_POINT('Ctrl Pts',(64.6542801958338,-16.7788880269067,-46.4867596385637));
#3662=CARTESIAN_POINT('Ctrl Pts',(64.2515408180939,-16.7524224266504,-46.3724936061553));
#3663=CARTESIAN_POINT('Ctrl Pts',(63.9110569367434,-16.7259568263941,-46.0388033113593));
#3664=CARTESIAN_POINT('Ctrl Pts',(63.788698202322,-16.6994912261379,-45.638448378012));
#3665=CARTESIAN_POINT('Ctrl Pts',(63.6663394679006,-16.6730256258816,-45.2380934446647));
#3666=CARTESIAN_POINT('Ctrl Pts',(63.7621058804082,-16.6465600256254,-44.7710738727662));
#3667=CARTESIAN_POINT('Ctrl Pts',(64.0321566647928,-16.6200944253691,-44.4511859136334));
#3668=CARTESIAN_POINT('Ctrl Pts',(64.3022074491773,-16.5936288251129,-44.1312979545005));
#3669=CARTESIAN_POINT('Ctrl Pts',(64.7465426054388,-16.5671632248566,-43.9585416081333));
#3670=CARTESIAN_POINT('Ctrl Pts',(65.1617505498822,-16.5406976246004,-44.0120027661447));
#3671=CARTESIAN_POINT('Ctrl Pts',(65.5769584943257,-16.5142320243441,-44.0654639241561));
#3672=CARTESIAN_POINT('Ctrl Pts',(65.9630392269512,-16.4877664240879,-44.3451425865461));
#3673=CARTESIAN_POINT('Ctrl Pts',(66.1432493770136,-16.4613008238316,-44.7230050408323));
#3674=CARTESIAN_POINT('Ctrl Pts',(66.323459527076,-16.4348352235753,-45.1008674951185));
#3675=CARTESIAN_POINT('Ctrl Pts',(66.2977990945753,-16.4083696233191,-45.5769137413009));
#3676=CARTESIAN_POINT('Ctrl Pts',(66.0780151338252,-16.3819040230628,-45.933215219184));
#3677=CARTESIAN_POINT('Ctrl Pts',(65.869506223707,-16.3567961241688,-46.2712382149175));
#3678=CARTESIAN_POINT('Ctrl Pts',(65.4862802100272,-16.3316882252747,-46.5014872624203));
#3679=CARTESIAN_POINT('Ctrl Pts',(65.0901280173779,-16.3065803263806,-46.5314954946265));
#3680=CARTESIAN_POINT('Origin',(65.0000000745066,-16.5,-45.2682434629804));
#3681=CARTESIAN_POINT('',(65.0915231987228,-15.8065803263806,-46.5292939095731));
#3682=CARTESIAN_POINT('',(65.0902501772738,-15.9434196736191,-46.5274738635199));
#3683=CARTESIAN_POINT('',(65.0903788368152,-16.5,-46.5295094655839));
#3684=CARTESIAN_POINT('Ctrl Pts',(65.0902501772738,-15.9434196736191,-46.5274738635199));
#3685=CARTESIAN_POINT('Ctrl Pts',(65.2997579229084,-15.956586972675,-46.5124866127614));
#3686=CARTESIAN_POINT('Ctrl Pts',(65.50571091572,-15.969754271731,-46.4480494056237));
#3687=CARTESIAN_POINT('Ctrl Pts',(65.6812957215864,-15.9829215707869,-46.3360170775111));
#3688=CARTESIAN_POINT('Ctrl Pts',(66.034212235702,-16.0093871710431,-46.1108378058159));
#3689=CARTESIAN_POINT('Ctrl Pts',(66.264444457386,-16.0358527712994,-45.6933792337288));
#3690=CARTESIAN_POINT('Ctrl Pts',(66.2665946926326,-16.0623183715556,-45.2747491502122));
#3691=CARTESIAN_POINT('Ctrl Pts',(66.2687449278791,-16.0887839718119,-44.8561190666956));
#3692=CARTESIAN_POINT('Ctrl Pts',(66.0428131766881,-16.1152495720681,-44.4363174717495));
#3693=CARTESIAN_POINT('Ctrl Pts',(65.6922284265522,-16.1417151723244,-44.2075247635816));
#3694=CARTESIAN_POINT('Ctrl Pts',(65.3416436764163,-16.1681807725807,-43.9787320554137));
#3695=CARTESIAN_POINT('Ctrl Pts',(64.8664059273354,-16.1946463728369,-43.9409482340239));
#3696=CARTESIAN_POINT('Ctrl Pts',(64.4840736187194,-16.2211119730932,-44.1114703033465));
#3697=CARTESIAN_POINT('Ctrl Pts',(64.1017413101035,-16.2475775733494,-44.2819923726691));
#3698=CARTESIAN_POINT('Ctrl Pts',(63.8123144419526,-16.2740431736057,-44.6608203327041));
#3699=CARTESIAN_POINT('Ctrl Pts',(63.7482893445383,-16.3005087738619,-45.0745310495569));
#3700=CARTESIAN_POINT('Ctrl Pts',(63.684264247124,-16.3269743741182,-45.4882417664096));
#3701=CARTESIAN_POINT('Ctrl Pts',(63.8456409204463,-16.3534399743744,-45.9368352400801));
#3702=CARTESIAN_POINT('Ctrl Pts',(64.1585429578563,-16.3799055746307,-46.2149504775674));
#3703=CARTESIAN_POINT('Ctrl Pts',(64.4088514184657,-16.4010769409602,-46.4374309623341));
#3704=CARTESIAN_POINT('Ctrl Pts',(64.7561259085997,-16.4222483072896,-46.5508168556932));
#3705=CARTESIAN_POINT('Ctrl Pts',(65.0915275003724,-16.4434196736191,-46.5298833414838));
#3706=CARTESIAN_POINT('Ctrl Pts',(65.0901280173779,-16.3065803263806,-46.5314954946265));
#3707=CARTESIAN_POINT('Ctrl Pts',(65.0687062180529,-16.3052226250184,-46.5331181798983));
#3708=CARTESIAN_POINT('Ctrl Pts',(65.0472466216757,-16.3038649236562,-46.5341553470093));
#3709=CARTESIAN_POINT('Ctrl Pts',(65.0257748103235,-16.3025072222941,-46.5345923752719));
#3710=CARTESIAN_POINT('Ctrl Pts',(64.6072259365713,-16.2760416220378,-46.543111343893));
#3711=CARTESIAN_POINT('Ctrl Pts',(64.184035678066,-16.2495760217816,-46.3235925715515));
#3712=CARTESIAN_POINT('Ctrl Pts',(63.9499357246761,-16.2231104215253,-45.9765292569149));
#3713=CARTESIAN_POINT('Ctrl Pts',(63.7158357712862,-16.1966448212691,-45.6294659422782));
#3714=CARTESIAN_POINT('Ctrl Pts',(63.6708261230117,-16.1701792210128,-45.1548580853465));
#3715=CARTESIAN_POINT('Ctrl Pts',(63.8355116851844,-16.1437136207566,-44.7699757680657));
#3716=CARTESIAN_POINT('Ctrl Pts',(64.0001972473572,-16.1172480205003,-44.3850934507848));
#3717=CARTESIAN_POINT('Ctrl Pts',(64.3745780199774,-16.0907824202441,-44.0899366731548));
#3718=CARTESIAN_POINT('Ctrl Pts',(64.7872667410261,-16.0643168199878,-44.0196248528746));
#3719=CARTESIAN_POINT('Ctrl Pts',(65.1999554620748,-16.0378512197315,-43.9493130325945));
#3720=CARTESIAN_POINT('Ctrl Pts',(65.6509521315521,-16.0113856194753,-44.1038461696642));
#3721=CARTESIAN_POINT('Ctrl Pts',(65.9337956006728,-15.984920019219,-44.4124807505357));
#3722=CARTESIAN_POINT('Ctrl Pts',(66.2166390697935,-15.9584544189628,-44.7211153314072));
#3723=CARTESIAN_POINT('Ctrl Pts',(66.3313293385575,-15.9319888187065,-45.1838513560806));
#3724=CARTESIAN_POINT('Ctrl Pts',(66.2253625057566,-15.9055232184503,-45.5888535324765));
#3725=CARTESIAN_POINT('Ctrl Pts',(66.1193956729557,-15.879057618194,-45.9938557088725));
#3726=CARTESIAN_POINT('Ctrl Pts',(65.79277173859,-15.8525920179378,-46.3411240369911));
#3727=CARTESIAN_POINT('Ctrl Pts',(65.3950154267599,-15.8261264176815,-46.4716830236647));
#3728=CARTESIAN_POINT('Ctrl Pts',(65.2970948416573,-15.8196110539145,-46.5038243423195));
#3729=CARTESIAN_POINT('Ctrl Pts',(65.1948632253735,-15.8130956901475,-46.5228318285127));
#3730=CARTESIAN_POINT('Ctrl Pts',(65.0915231987228,-15.8065803263806,-46.5292939095731));
#3731=CARTESIAN_POINT('Origin',(65.0000000745066,-16.5,-45.2682434629804));
#3732=CARTESIAN_POINT('',(65.0899390001083,-15.3065803263806,-46.5275613370899));
#3733=CARTESIAN_POINT('',(65.0892820497483,-15.4434196736191,-46.5299810546342));
#3734=CARTESIAN_POINT('',(65.0903788368152,-16.5,-46.5295094655839));
#3735=CARTESIAN_POINT('Ctrl Pts',(65.0892820497483,-15.4434196736191,-46.5299810546342));
#3736=CARTESIAN_POINT('Ctrl Pts',(65.4222111076741,-15.4644600378042,-46.503035602461));
#3737=CARTESIAN_POINT('Ctrl Pts',(65.7478507227937,-15.4855004019893,-46.3433210967237));
#3738=CARTESIAN_POINT('Ctrl Pts',(65.9637966281812,-15.5065407661743,-46.0900709710483));
#3739=CARTESIAN_POINT('Ctrl Pts',(66.2354239611822,-15.5330063664306,-45.7715205632694));
#3740=CARTESIAN_POINT('Ctrl Pts',(66.3334956604374,-15.5594719666868,-45.3049795930797));
#3741=CARTESIAN_POINT('Ctrl Pts',(66.2131156159973,-15.5859375669431,-44.9040252127125));
#3742=CARTESIAN_POINT('Ctrl Pts',(66.0927355715572,-15.6124031671993,-44.5030708323453));
#3743=CARTESIAN_POINT('Ctrl Pts',(65.7539037834219,-15.6388687674556,-44.1677030418005));
#3744=CARTESIAN_POINT('Ctrl Pts',(65.3517335930433,-15.6653343677118,-44.0514494037263));
#3745=CARTESIAN_POINT('Ctrl Pts',(64.9495634026647,-15.6917999679681,-43.935195765652));
#3746=CARTESIAN_POINT('Ctrl Pts',(64.4840548100428,-15.7182655682244,-44.0380562800482));
#3747=CARTESIAN_POINT('Ctrl Pts',(64.1683123571561,-15.7447311684806,-44.3129425724992));
#3748=CARTESIAN_POINT('Ctrl Pts',(63.8525699042694,-15.7711967687369,-44.5878288649503));
#3749=CARTESIAN_POINT('Ctrl Pts',(63.6865935911179,-15.7976623689931,-45.034740935456));
#3750=CARTESIAN_POINT('Ctrl Pts',(63.7463654872772,-15.8241279692494,-45.4490875183507));
#3751=CARTESIAN_POINT('Ctrl Pts',(63.8061373834365,-15.8505935695056,-45.8634341012455));
#3752=CARTESIAN_POINT('Ctrl Pts',(64.0916574889065,-15.8770591697619,-46.2452151965291));
#3753=CARTESIAN_POINT('Ctrl Pts',(64.4722179449151,-15.9035247700181,-46.4196557585193));
#3754=CARTESIAN_POINT('Ctrl Pts',(64.6634400415211,-15.9168230712185,-46.507307771413));
#3755=CARTESIAN_POINT('Ctrl Pts',(64.8786580281612,-15.9301213724188,-46.5426102232171));
#3756=CARTESIAN_POINT('Ctrl Pts',(65.0902501772738,-15.9434196736191,-46.5274738635199));
#3757=CARTESIAN_POINT('Ctrl Pts',(65.0915231987228,-15.8065803263806,-46.5292939095731));
#3758=CARTESIAN_POINT('Ctrl Pts',(64.7750929817427,-15.7866300898913,-46.5490809928396));
#3759=CARTESIAN_POINT('Ctrl Pts',(64.4482702813806,-15.766679853402,-46.4512420431367));
#3760=CARTESIAN_POINT('Ctrl Pts',(64.2030012714125,-15.7467296169127,-46.2526706125163));
#3761=CARTESIAN_POINT('Ctrl Pts',(63.8776321171895,-15.7202640166565,-45.9892495694656));
#3762=CARTESIAN_POINT('Ctrl Pts',(63.6957824980378,-15.6937984164002,-45.5485578381356));
#3763=CARTESIAN_POINT('Ctrl Pts',(63.7407011014246,-15.667332816144,-45.1323390836255));
#3764=CARTESIAN_POINT('Ctrl Pts',(63.7856197048115,-15.6408672158877,-44.7161203291154));
#3765=CARTESIAN_POINT('Ctrl Pts',(64.057306530737,-15.6144016156315,-44.3243745514252));
#3766=CARTESIAN_POINT('Ctrl Pts',(64.4313864407665,-15.5879360153752,-44.1364385146932));
#3767=CARTESIAN_POINT('Ctrl Pts',(64.805466350796,-15.561470415119,-43.9485024779611));
#3768=CARTESIAN_POINT('Ctrl Pts',(65.2819393449297,-15.5350048148627,-43.9643761821873));
#3769=CARTESIAN_POINT('Ctrl Pts',(65.6426814982197,-15.5085392146065,-44.1767928256925));
#3770=CARTESIAN_POINT('Ctrl Pts',(66.0034236515096,-15.4820736143502,-44.3892094691978));
#3771=CARTESIAN_POINT('Ctrl Pts',(66.2484349639559,-15.4556080140939,-44.7981690519821));
#3772=CARTESIAN_POINT('Ctrl Pts',(66.2655520507397,-15.4291424138377,-45.2164545264252));
#3773=CARTESIAN_POINT('Ctrl Pts',(66.2826691375235,-15.4026768135814,-45.6347400008682));
#3774=CARTESIAN_POINT('Ctrl Pts',(66.0718919986448,-15.3762112133252,-46.0623513669701));
#3775=CARTESIAN_POINT('Ctrl Pts',(65.7297119941795,-15.3497456130689,-46.303533000729));
#3776=CARTESIAN_POINT('Ctrl Pts',(65.5436805943151,-15.3353571841728,-46.4346550895836));
#3777=CARTESIAN_POINT('Ctrl Pts',(65.3188101900044,-15.3209687552767,-46.5106737743299));
#3778=CARTESIAN_POINT('Ctrl Pts',(65.0899390001083,-15.3065803263806,-46.5275613370899));
#3779=CARTESIAN_POINT('Origin',(65.0000000745066,-16.5,-45.2682434629804));
#3780=CARTESIAN_POINT('',(65.0894452905243,-14.8065803263806,-46.5305441778905));
#3781=CARTESIAN_POINT('',(65.0911679277981,-14.9434196736191,-46.5311231094006));
#3782=CARTESIAN_POINT('',(65.0903788368152,-16.5,-46.5295094655839));
#3783=CARTESIAN_POINT('Ctrl Pts',(65.0911679277981,-14.9434196736191,-46.5311231094006));
#3784=CARTESIAN_POINT('Ctrl Pts',(65.1298429008029,-14.9458675026771,-46.528601809884));
#3785=CARTESIAN_POINT('Ctrl Pts',(65.1683627460767,-14.9483153317351,-46.5242122404532));
#3786=CARTESIAN_POINT('Ctrl Pts',(65.2065643853131,-14.950763160793,-46.5178976210529));
#3787=CARTESIAN_POINT('Ctrl Pts',(65.6195953973746,-14.9772287610493,-46.4496248009897));
#3788=CARTESIAN_POINT('Ctrl Pts',(65.9954292530716,-15.0036943613055,-46.1563204720001));
#3789=CARTESIAN_POINT('Ctrl Pts',(66.1620136049236,-15.0301599615618,-45.7722561170452));
#3790=CARTESIAN_POINT('Ctrl Pts',(66.3285979567755,-15.056625561818,-45.3881917620902));
#3791=CARTESIAN_POINT('Ctrl Pts',(66.2859328047823,-15.0830911620743,-44.9133673811699));
#3792=CARTESIAN_POINT('Ctrl Pts',(66.053549711799,-15.1095567623305,-44.565152131649));
#3793=CARTESIAN_POINT('Ctrl Pts',(65.8211666188158,-15.1360223625868,-44.2169368821282));
#3794=CARTESIAN_POINT('Ctrl Pts',(65.3990655848424,-15.162487962843,-43.9953307640067));
#3795=CARTESIAN_POINT('Ctrl Pts',(64.9804796940126,-15.1889535630993,-44.0017825621334));
#3796=CARTESIAN_POINT('Ctrl Pts',(64.5618938031829,-15.2154191633556,-44.0082343602601));
#3797=CARTESIAN_POINT('Ctrl Pts',(64.1468230554967,-15.2418847636118,-44.2427440746348));
#3798=CARTESIAN_POINT('Ctrl Pts',(63.925282106858,-15.2683503638681,-44.5979558124193));
#3799=CARTESIAN_POINT('Ctrl Pts',(63.7037411582193,-15.2948159641243,-44.9531675502038));
#3800=CARTESIAN_POINT('Ctrl Pts',(63.6757300086281,-15.3212815643806,-45.4290813113981));
#3801=CARTESIAN_POINT('Ctrl Pts',(63.8540718509407,-15.3477471646368,-45.8078291914904));
#3802=CARTESIAN_POINT('Ctrl Pts',(64.0324136932533,-15.3742127648931,-46.1865770715827));
#3803=CARTESIAN_POINT('Ctrl Pts',(64.4171085274698,-15.4006783651493,-46.468159070573));
#3804=CARTESIAN_POINT('Ctrl Pts',(64.8320474279515,-15.4271439654056,-46.5236701473841));
#3805=CARTESIAN_POINT('Ctrl Pts',(64.9171065790168,-15.4325692014768,-46.5350494735037));
#3806=CARTESIAN_POINT('Ctrl Pts',(65.0034366376482,-15.4379944375479,-46.5369289115153));
#3807=CARTESIAN_POINT('Ctrl Pts',(65.0892820497483,-15.4434196736191,-46.5299810546342));
#3808=CARTESIAN_POINT('Ctrl Pts',(65.0899390001083,-15.3065803263806,-46.5275613370899));
#3809=CARTESIAN_POINT('Ctrl Pts',(64.8978320925559,-15.2945031550204,-46.5417361987639));
#3810=CARTESIAN_POINT('Ctrl Pts',(64.7029064841709,-15.2824259836603,-46.5142510066265));
#3811=CARTESIAN_POINT('Ctrl Pts',(64.5257642755583,-15.2703488123002,-46.442723909606));
#3812=CARTESIAN_POINT('Ctrl Pts',(64.1375794314542,-15.2438832120439,-46.2859812833082));
#3813=CARTESIAN_POINT('Ctrl Pts',(63.8347926132979,-15.2174176117877,-45.9177441292968));
#3814=CARTESIAN_POINT('Ctrl Pts',(63.7560161095062,-15.1909520115314,-45.5065872253212));
#3815=CARTESIAN_POINT('Ctrl Pts',(63.6772396057145,-15.1644864112752,-45.0954303213456));
#3816=CARTESIAN_POINT('Ctrl Pts',(63.8224734162874,-15.1380208110189,-44.6413536674058));
#3817=CARTESIAN_POINT('Ctrl Pts',(64.1252313063705,-15.1115552107626,-44.35222840536));
#3818=CARTESIAN_POINT('Ctrl Pts',(64.4279891964535,-15.0850896105064,-44.0631031433142));
#3819=CARTESIAN_POINT('Ctrl Pts',(64.8882711660467,-15.0586240102501,-43.9389292731624));
#3820=CARTESIAN_POINT('Ctrl Pts',(65.2953650509959,-15.0321584099939,-44.0365521582565));
#3821=CARTESIAN_POINT('Ctrl Pts',(65.7024589359451,-15.0056928097376,-44.1341750433506));
#3822=CARTESIAN_POINT('Ctrl Pts',(66.0563647362502,-14.9792272094814,-44.4535946836905));
#3823=CARTESIAN_POINT('Ctrl Pts',(66.1950690310565,-14.9527616092251,-44.8485844453931));
#3824=CARTESIAN_POINT('Ctrl Pts',(66.3337733258627,-14.9262960089689,-45.2435742070957));
#3825=CARTESIAN_POINT('Ctrl Pts',(66.25727611517,-14.8998304087126,-45.7141340901611));
#3826=CARTESIAN_POINT('Ctrl Pts',(66.0005956680215,-14.8733648084564,-46.0448470343755));
#3827=CARTESIAN_POINT('Ctrl Pts',(65.7846893524544,-14.8511033144311,-46.3230256572075));
#3828=CARTESIAN_POINT('Ctrl Pts',(65.4412979155624,-14.8288418204058,-46.5022583163803));
#3829=CARTESIAN_POINT('Ctrl Pts',(65.0894452905243,-14.8065803263806,-46.5305441778905));
#3830=CARTESIAN_POINT('Origin',(65.0000000745066,-16.5,-45.2682434629804));
#3831=CARTESIAN_POINT('',(65.0913624061095,-14.3065803263806,-46.5306390256406));
#3832=CARTESIAN_POINT('',(65.0909680428508,-14.4434196736191,-46.5278266861506));
#3833=CARTESIAN_POINT('',(65.0903788368152,-16.5,-46.5295094655839));
#3834=CARTESIAN_POINT('',(65.7546205602964,-14.,-44.2535966414575));
#3835=CARTESIAN_POINT('Ctrl Pts',(65.0913624061095,-14.3065803263806,-46.5306390256406));
#3836=CARTESIAN_POINT('Ctrl Pts',(64.7308642198101,-14.2837836850225,-46.5535149587291));
#3837=CARTESIAN_POINT('Ctrl Pts',(64.3566971149709,-14.2609870436644,-46.4172772923937));
#3838=CARTESIAN_POINT('Ctrl Pts',(64.1022544355062,-14.2381904023063,-46.1616568723185));
#3839=CARTESIAN_POINT('Ctrl Pts',(63.8068609985054,-14.21172480205,-45.8648961456495));
#3840=CARTESIAN_POINT('Ctrl Pts',(63.6728307714538,-14.1852592017938,-45.4072327101489));
#3841=CARTESIAN_POINT('Ctrl Pts',(63.7622949188591,-14.1587936015375,-44.9982338608857));
#3842=CARTESIAN_POINT('Ctrl Pts',(63.8517590662643,-14.1323280012812,-44.5892350116225));
#3843=CARTESIAN_POINT('Ctrl Pts',(64.1647175881265,-14.105862401025,-44.2289007485966));
#3844=CARTESIAN_POINT('Ctrl Pts',(64.5560710289857,-14.0793968007687,-44.0822488882561));
#3845=CARTESIAN_POINT('Ctrl Pts',(64.947424469845,-14.0529312005125,-43.9355970279155));
#3846=CARTESIAN_POINT('Ctrl Pts',(65.4171728297013,-14.0264656002562,-44.0026275702603));
#3847=CARTESIAN_POINT('Ctrl Pts',(65.7546205602965,-14.,-44.2535966414576));
#3848=CARTESIAN_POINT('',(65.8930761138276,-14.0000000000004,-46.1666719380996));
#3849=CARTESIAN_POINT('Origin',(65.0000000745066,-14.,-45.2682434629804));
#3850=CARTESIAN_POINT('Ctrl Pts',(65.8930781497006,-14.0000000000003,-46.1666743129135));
#3851=CARTESIAN_POINT('Ctrl Pts',(66.1820211387875,-14.0257994507792,-45.8783998228496));
#3852=CARTESIAN_POINT('Ctrl Pts',(66.3199627768625,-14.051598901558,-45.4372299072465));
#3853=CARTESIAN_POINT('Ctrl Pts',(66.2450663235463,-14.0773983523369,-45.0359819838087));
#3854=CARTESIAN_POINT('Ctrl Pts',(66.1682360215734,-14.1038639525932,-44.6243737198821));
#3855=CARTESIAN_POINT('Ctrl Pts',(65.8674346462693,-14.1303295528494,-44.2547756589992));
#3856=CARTESIAN_POINT('Ctrl Pts',(65.4800700871668,-14.1567951531056,-44.0961508675174));
#3857=CARTESIAN_POINT('Ctrl Pts',(65.0927055280642,-14.1832607533619,-43.9375260760356));
#3858=CARTESIAN_POINT('Ctrl Pts',(64.6187777851632,-14.2097263536181,-43.989874553955));
#3859=CARTESIAN_POINT('Ctrl Pts',(64.2753904207378,-14.2361919538743,-44.2293471240326));
#3860=CARTESIAN_POINT('Ctrl Pts',(63.9320030563124,-14.2626575541306,-44.4688196941102));
#3861=CARTESIAN_POINT('Ctrl Pts',(63.7191560703625,-14.2891231543868,-44.8954163563461));
#3862=CARTESIAN_POINT('Ctrl Pts',(63.7342172078759,-14.315588754643,-45.3137892957257));
#3863=CARTESIAN_POINT('Ctrl Pts',(63.7492783453894,-14.3420543548993,-45.7321622351053));
#3864=CARTESIAN_POINT('Ctrl Pts',(63.9922476063662,-14.3685199551555,-46.1423114516286));
#3865=CARTESIAN_POINT('Ctrl Pts',(64.3519314220252,-14.3949855554117,-46.3565031788099));
#3866=CARTESIAN_POINT('Ctrl Pts',(64.5713479259176,-14.4111302614809,-46.4871657160016));
#3867=CARTESIAN_POINT('Ctrl Pts',(64.8341976275956,-14.42727496755,-46.5449062391795));
#3868=CARTESIAN_POINT('Ctrl Pts',(65.0909680428508,-14.4434196736191,-46.5278266861506));
#3869=CARTESIAN_POINT('Origin',(65.0000000745059,-12.8957882764113,-45.2682434629799));
#3870=CARTESIAN_POINT('',(65.1105715637431,-18.6042117235887,-46.8098508731884));
#3871=CARTESIAN_POINT('',(65.1104746196476,-18.6457882764113,-46.8048114774201));
#3872=CARTESIAN_POINT('',(65.1102843214354,-12.8957882764113,-46.8072971933218));
#3873=CARTESIAN_POINT('',(63.4846796843103,-19.,-44.9772913791974));
#3874=CARTESIAN_POINT('Ctrl Pts',(65.1104746196476,-18.6457882764113,-46.8048114774201));
#3875=CARTESIAN_POINT('Ctrl Pts',(65.3475252134347,-18.6579964499159,-46.7882574897036));
#3876=CARTESIAN_POINT('Ctrl Pts',(66.0860742964257,-18.6966702236768,-46.5714216724623));
#3877=CARTESIAN_POINT('Ctrl Pts',(66.8219894197951,-18.7618095976939,-45.3439118832728));
#3878=CARTESIAN_POINT('Ctrl Pts',(66.0520818403724,-18.8412063984627,-43.7771020373028));
#3879=CARTESIAN_POINT('Ctrl Pts',(64.3162787536287,-18.9206031992315,-43.5783182931086));
#3880=CARTESIAN_POINT('Ctrl Pts',(63.5814435220314,-18.973534399744,-44.4733313647908));
#3881=CARTESIAN_POINT('Ctrl Pts',(63.4846796843094,-19.0000000000002,-44.9772913792019));
#3882=CARTESIAN_POINT('',(63.5416463712062,-19.,-45.7722806402515));
#3883=CARTESIAN_POINT('Origin',(65.0000000745059,-19.,-45.2682434629799));
#3884=CARTESIAN_POINT('Ctrl Pts',(65.1105715637431,-18.6042117235887,-46.8098508731884));
#3885=CARTESIAN_POINT('Ctrl Pts',(65.1157233824982,-18.6044792972552,-46.8094863999861));
#3886=CARTESIAN_POINT('Ctrl Pts',(65.6302326321895,-18.6312124711778,-46.7702503601763));
#3887=CARTESIAN_POINT('Ctrl Pts',(66.607982386888,-18.6844112453568,-46.1289529488509));
#3888=CARTESIAN_POINT('Ctrl Pts',(66.5952127595543,-18.7638080461255,-44.3837517513946));
#3889=CARTESIAN_POINT('Ctrl Pts',(65.1214664282928,-18.8432048468943,-43.4484673348158));
#3890=CARTESIAN_POINT('Ctrl Pts',(63.5506863838557,-18.9219354981858,-44.173002416966));
#3891=CARTESIAN_POINT('Ctrl Pts',(63.3771742223935,-18.974200549221,-45.3023887561922));
#3892=CARTESIAN_POINT('Ctrl Pts',(63.5390686108246,-19.,-45.7733906354724));
#3893=CARTESIAN_POINT('Origin',(65.0000000745059,-12.8957882764113,-45.2682434629799));
#3894=CARTESIAN_POINT('',(65.1115007736727,-18.1042117235887,-46.8061470686445));
#3895=CARTESIAN_POINT('',(65.1088695186146,-18.1457882764113,-46.8073121304412));
#3896=CARTESIAN_POINT('',(65.1102843214354,-12.8957882764113,-46.8072971933218));
#3897=CARTESIAN_POINT('Ctrl Pts',(65.1088695186146,-18.1457882764113,-46.8073121304412));
#3898=CARTESIAN_POINT('Ctrl Pts',(65.4969718921876,-18.165869515045,-46.7759376700059));
#3899=CARTESIAN_POINT('Ctrl Pts',(66.3779766702598,-18.2124163539351,-46.3648559115872));
#3900=CARTESIAN_POINT('Ctrl Pts',(66.7646758018459,-18.2854287930814,-44.8072739482132));
#3901=CARTESIAN_POINT('Ctrl Pts',(65.5695096696817,-18.3648255938501,-43.5355279137642));
#3902=CARTESIAN_POINT('Ctrl Pts',(63.8528770450422,-18.4442223946189,-43.850255539531));
#3903=CARTESIAN_POINT('Ctrl Pts',(63.1865983216997,-18.5236191953877,-45.46318197907));
#3904=CARTESIAN_POINT('Ctrl Pts',(64.0276577558188,-18.5908078226518,-46.6772000857377));
#3905=CARTESIAN_POINT('Ctrl Pts',(64.8336329220699,-18.6315308496597,-46.8241442029278));
#3906=CARTESIAN_POINT('Ctrl Pts',(65.1104746196476,-18.6457882764113,-46.8048114774201));
#3907=CARTESIAN_POINT('Ctrl Pts',(65.1115007736727,-18.1042117235887,-46.8061470686445));
#3908=CARTESIAN_POINT('Ctrl Pts',(65.2692772188199,-18.1123523623843,-46.7961015794356));
#3909=CARTESIAN_POINT('Ctrl Pts',(65.9313424130696,-18.1469586014361,-46.6533344687364));
#3910=CARTESIAN_POINT('Ctrl Pts',(66.7894562922305,-18.2080304407442,-45.6210039944121));
#3911=CARTESIAN_POINT('Ctrl Pts',(66.2666698423506,-18.287427241513,-43.9559365508935));
#3912=CARTESIAN_POINT('Ctrl Pts',(64.584143188926,-18.3668240422817,-43.4923888415697));
#3913=CARTESIAN_POINT('Ctrl Pts',(63.2823781769514,-18.4462208430505,-44.6547704845674));
#3914=CARTESIAN_POINT('Ctrl Pts',(63.5522905349362,-18.5253500701528,-46.3730294126237));
#3915=CARTESIAN_POINT('Ctrl Pts',(64.6061591283335,-18.5780136969989,-46.8455362931011));
#3916=CARTESIAN_POINT('Ctrl Pts',(65.1105715637431,-18.6042117235887,-46.8098508731884));
#3917=CARTESIAN_POINT('Origin',(65.0000000745059,-12.8957882764113,-45.2682434629799));
#3918=CARTESIAN_POINT('',(65.1093078115682,-17.6042117235887,-46.8053253624034));
#3919=CARTESIAN_POINT('',(65.1109739135845,-17.6457882764113,-46.8096146069258));
#3920=CARTESIAN_POINT('',(65.1102843214354,-12.8957882764113,-46.8072971933218));
#3921=CARTESIAN_POINT('Ctrl Pts',(65.1109739135845,-17.6457882764113,-46.8096146069258));
#3922=CARTESIAN_POINT('Ctrl Pts',(65.1396550503975,-17.6472769799179,-46.8076860781734));
#3923=CARTESIAN_POINT('Ctrl Pts',(65.6769426145474,-17.6752312836809,-46.7553940623997));
#3924=CARTESIAN_POINT('Ctrl Pts',(66.6459466201381,-17.7296511877001,-46.0540269749165));
#3925=CARTESIAN_POINT('Ctrl Pts',(66.5526993532361,-17.8090479884688,-44.3113107109927));
#3926=CARTESIAN_POINT('Ctrl Pts',(65.0378361798131,-17.8884447892376,-43.4447400505034));
#3927=CARTESIAN_POINT('Ctrl Pts',(63.4883306131558,-17.9678415900063,-44.2477282053475));
#3928=CARTESIAN_POINT('Ctrl Pts',(63.3228762865667,-18.0472383907751,-45.9850758167576));
#3929=CARTESIAN_POINT('Ctrl Pts',(64.3464321709881,-18.1065539529101,-46.7926923265813));
#3930=CARTESIAN_POINT('Ctrl Pts',(64.9854814176803,-18.1394039147888,-46.81728690863));
#3931=CARTESIAN_POINT('Ctrl Pts',(65.1088695186146,-18.1457882764113,-46.8073121304412));
#3932=CARTESIAN_POINT('Ctrl Pts',(65.1093078115682,-17.6042117235887,-46.8053253624034));
#3933=CARTESIAN_POINT('Ctrl Pts',(65.4198835041061,-17.6202254275135,-46.7815403391508));
#3934=CARTESIAN_POINT('Ctrl Pts',(66.2288512363505,-17.6627047316944,-46.4800005481508));
#3935=CARTESIAN_POINT('Ctrl Pts',(66.8143846115803,-17.7316496361316,-45.0822189278625));
#3936=CARTESIAN_POINT('Ctrl Pts',(65.8274743720828,-17.8110464369004,-43.6428565047273));
#3937=CARTESIAN_POINT('Ctrl Pts',(64.0829473908151,-17.8904432376692,-43.6916614476212));
#3938=CARTESIAN_POINT('Ctrl Pts',(63.1780531751083,-17.9698400384379,-45.1839490021035));
#3939=CARTESIAN_POINT('Ctrl Pts',(63.8630360922965,-18.0410962004111,-46.5924957306402));
#3940=CARTESIAN_POINT('Ctrl Pts',(64.7563385622873,-18.085886762128,-46.8287599381294));
#3941=CARTESIAN_POINT('Ctrl Pts',(65.1115007736727,-18.1042117235887,-46.8061470686445));
#3942=CARTESIAN_POINT('Origin',(65.0000000745059,-12.8957882764113,-45.2682434629799));
#3943=CARTESIAN_POINT('',(65.1095712688663,-17.1042117235887,-46.809332275209));
#3944=CARTESIAN_POINT('',(65.1112533242503,-17.1457882764113,-46.8055906769673));
#3945=CARTESIAN_POINT('',(65.1102843214354,-12.8957882764113,-46.8072971933218));
#3946=CARTESIAN_POINT('Ctrl Pts',(65.1112533242503,-17.1457882764113,-46.8055906769673));
#3947=CARTESIAN_POINT('Ctrl Pts',(65.2928479963747,-17.1551500450471,-46.7937658908398));
#3948=CARTESIAN_POINT('Ctrl Pts',(65.9779064262612,-17.1909774139391,-46.6304164011067));
#3949=CARTESIAN_POINT('Ctrl Pts',(66.8037948696511,-17.2532703830875,-45.5382805736526));
#3950=CARTESIAN_POINT('Ctrl Pts',(66.2049346721352,-17.3326671838562,-43.8990362789457));
#3951=CARTESIAN_POINT('Ctrl Pts',(64.5028637540469,-17.412063984625,-43.5134069500689));
#3952=CARTESIAN_POINT('Ctrl Pts',(63.2559595416011,-17.4914607853937,-44.7344660450383));
#3953=CARTESIAN_POINT('Ctrl Pts',(63.5992985280596,-17.5693688826559,-46.4121810484757));
#3954=CARTESIAN_POINT('Ctrl Pts',(64.6297727948712,-17.6208113796617,-46.8419707230449));
#3955=CARTESIAN_POINT('Ctrl Pts',(65.1109739135845,-17.6457882764113,-46.8096146069258));
#3956=CARTESIAN_POINT('Ctrl Pts',(65.1095712688663,-17.1042117235887,-46.809332275209));
#3957=CARTESIAN_POINT('Ctrl Pts',(65.5697065771966,-17.1280984926426,-46.7732751215864));
#3958=CARTESIAN_POINT('Ctrl Pts',(66.5122636634797,-17.1784508619527,-46.2398099267622));
#3959=CARTESIAN_POINT('Ctrl Pts',(66.6806443643277,-17.2552688315191,-44.559701868934));
#3960=CARTESIAN_POINT('Ctrl Pts',(65.3159180164452,-17.3346656322879,-43.4719160222095));
#3961=CARTESIAN_POINT('Ctrl Pts',(63.6619443818905,-17.4140624330566,-44.0288067421454));
#3962=CARTESIAN_POINT('Ctrl Pts',(63.2330641221358,-17.4934592338254,-45.7204975453075));
#3963=CARTESIAN_POINT('Ctrl Pts',(64.1821613595429,-17.5568423306694,-46.7404295449521));
#3964=CARTESIAN_POINT('Ctrl Pts',(64.9065998711218,-17.5937598272572,-46.8208494784011));
#3965=CARTESIAN_POINT('Ctrl Pts',(65.1093078115682,-17.6042117235887,-46.8053253624034));
#3966=CARTESIAN_POINT('Origin',(65.0000000745059,-12.8957882764113,-45.2682434629799));
#3967=CARTESIAN_POINT('',(65.111685972578,-16.6042117235887,-46.8077534135788));
#3968=CARTESIAN_POINT('',(65.1090594225145,-16.6457882764113,-46.8058038741885));
#3969=CARTESIAN_POINT('',(65.1102843214354,-12.8957882764113,-46.8072971933218));
#3970=CARTESIAN_POINT('Ctrl Pts',(65.1090594225145,-16.6457882764113,-46.8058038741885));
#3971=CARTESIAN_POINT('Ctrl Pts',(65.4430252922183,-16.6630231101762,-46.7796276253967));
#3972=CARTESIAN_POINT('Ctrl Pts',(66.2740928578855,-16.7067235441974,-46.4473739009393));
#3973=CARTESIAN_POINT('Ctrl Pts',(66.8039014746377,-16.7768895784749,-44.9989194178521));
#3974=CARTESIAN_POINT('Ctrl Pts',(65.7517985101902,-16.8562863792437,-43.6064989535307));
#3975=CARTESIAN_POINT('Ctrl Pts',(64.0113659897479,-16.9356831800124,-43.7355339832861));
#3976=CARTESIAN_POINT('Ctrl Pts',(63.1761043612298,-17.0150799807812,-45.2678829675677));
#3977=CARTESIAN_POINT('Ctrl Pts',(63.9123449492951,-17.0851150129141,-46.6198420535658));
#3978=CARTESIAN_POINT('Ctrl Pts',(64.7794821797139,-17.1286844447908,-46.8271944100589));
#3979=CARTESIAN_POINT('Ctrl Pts',(65.1112533242503,-17.1457882764113,-46.8055906769673));
#3980=CARTESIAN_POINT('Ctrl Pts',(65.111685972578,-16.6042117235887,-46.8077534135788));
#3981=CARTESIAN_POINT('Ctrl Pts',(65.2140309304802,-16.6095059575155,-46.8013657288359));
#3982=CARTESIAN_POINT('Ctrl Pts',(65.8225581657804,-16.6412657916985,-46.7015613029342));
#3983=CARTESIAN_POINT('Ctrl Pts',(66.7413833852938,-16.6994912261378,-45.8106276302751));
#3984=CARTESIAN_POINT('Ctrl Pts',(66.3999319270433,-16.7788880269065,-44.0991467055375));
#3985=CARTESIAN_POINT('Ctrl Pts',(64.7767346911928,-16.8582848276753,-43.4580641932294));
#3986=CARTESIAN_POINT('Ctrl Pts',(63.3579541644875,-16.9376816284441,-44.4743406670158));
#3987=CARTESIAN_POINT('Ctrl Pts',(63.4425935421445,-17.0170784292128,-46.217496491896));
#3988=CARTESIAN_POINT('Ctrl Pts',(64.4987007404546,-17.0725884609277,-46.8285798303427));
#3989=CARTESIAN_POINT('Ctrl Pts',(65.0598947601781,-17.1016328923864,-46.8132250290854));
#3990=CARTESIAN_POINT('Ctrl Pts',(65.1095712688663,-17.1042117235887,-46.809332275209));
#3991=CARTESIAN_POINT('Origin',(65.0000000745059,-12.8957882764113,-45.2682434629799));
#3992=CARTESIAN_POINT('',(65.110127325254,-16.1042117235887,-46.8048132597644));
#3993=CARTESIAN_POINT('',(65.1099782602328,-16.1457882764113,-46.8097206356415));
#3994=CARTESIAN_POINT('',(65.1102843214354,-12.8957882764113,-46.8072971933218));
#3995=CARTESIAN_POINT('Ctrl Pts',(65.1099782602328,-16.1457882764113,-46.8097206356415));
#3996=CARTESIAN_POINT('Ctrl Pts',(65.5933810544264,-16.1708961753054,-46.7731032356461));
#3997=CARTESIAN_POINT('Ctrl Pts',(66.5539273495455,-16.2224696744557,-46.1959898309224));
#3998=CARTESIAN_POINT('Ctrl Pts',(66.6462570793806,-16.3005087738623,-44.4831106229091));
#3999=CARTESIAN_POINT('Ctrl Pts',(65.2329176477292,-16.3799055746311,-43.4592810236974));
#4000=CARTESIAN_POINT('Ctrl Pts',(63.6063241812726,-16.4593023753999,-44.0916963082633));
#4001=CARTESIAN_POINT('Ctrl Pts',(63.2557486783089,-16.5386991761686,-45.8013314196262));
#4002=CARTESIAN_POINT('Ctrl Pts',(64.2316067291466,-16.6008611431724,-46.7577184279377));
#4003=CARTESIAN_POINT('Ctrl Pts',(64.9301913811197,-16.63655750992,-46.8198235533749));
#4004=CARTESIAN_POINT('Ctrl Pts',(65.1090594225145,-16.6457882764113,-46.8058038741885));
#4005=CARTESIAN_POINT('Ctrl Pts',(65.110127325254,-16.1042117235887,-46.8048132597644));
#4006=CARTESIAN_POINT('Ctrl Pts',(65.3657781370486,-16.1173790226446,-46.7865251396218));
#4007=CARTESIAN_POINT('Ctrl Pts',(66.122217890235,-16.1570119219568,-46.54985528405));
#4008=CARTESIAN_POINT('Ctrl Pts',(66.8238719612939,-16.2231104215252,-45.27761152746));
#4009=CARTESIAN_POINT('Ctrl Pts',(65.9967955862339,-16.302507222294,-43.7408289390803));
#4010=CARTESIAN_POINT('Ctrl Pts',(64.2570759021718,-16.3819040230628,-43.6025123639808));
#4011=CARTESIAN_POINT('Ctrl Pts',(63.1975607003758,-16.4613008238315,-44.9893013137655));
#4012=CARTESIAN_POINT('Ctrl Pts',(63.7489259035505,-16.5354033906735,-46.5219815125894));
#4013=CARTESIAN_POINT('Ctrl Pts',(64.7024138048393,-16.5830403572592,-46.8332974328948));
#4014=CARTESIAN_POINT('Ctrl Pts',(65.111685972578,-16.6042117235887,-46.8077534135788));
#4015=CARTESIAN_POINT('Origin',(65.0000000745059,-12.8957882764113,-45.2682434629799));
#4016=CARTESIAN_POINT('',(65.1089459723304,-15.6042117235887,-46.8078726475772));
#4017=CARTESIAN_POINT('',(65.1116807235108,-15.6457882764113,-46.8070341621442));
#4018=CARTESIAN_POINT('',(65.1102843214354,-12.8957882764113,-46.8072971933218));
#4019=CARTESIAN_POINT('Ctrl Pts',(65.1116807235108,-15.6457882764113,-46.8070341621442));
#4020=CARTESIAN_POINT('Ctrl Pts',(65.2377808904717,-15.6523036401783,-46.7991488390314));
#4021=CARTESIAN_POINT('Ctrl Pts',(65.8692571050314,-15.6852846042015,-46.6817411733218));
#4022=CARTESIAN_POINT('Ctrl Pts',(66.7644984051776,-15.744731168481,-45.7299157960169));
#4023=CARTESIAN_POINT('Ctrl Pts',(66.344647670414,-15.8241279692497,-44.0359616179126));
#4024=CARTESIAN_POINT('Ctrl Pts',(64.6936681662538,-15.9035247700185,-43.4702566819731));
#4025=CARTESIAN_POINT('Ctrl Pts',(63.3231591931748,-15.9829215707873,-44.5507475666303));
#4026=CARTESIAN_POINT('Ctrl Pts',(63.4879276090411,-16.062318371556,-46.2881613821598));
#4027=CARTESIAN_POINT('Ctrl Pts',(64.5472107565296,-16.1166072734307,-46.83763654475));
#4028=CARTESIAN_POINT('Ctrl Pts',(65.0838384133695,-16.1444305750491,-46.8117007094845));
#4029=CARTESIAN_POINT('Ctrl Pts',(65.1099782602328,-16.1457882764113,-46.8097206356415));
#4030=CARTESIAN_POINT('Ctrl Pts',(65.1089459723304,-15.6042117235887,-46.8078726475772));
#4031=CARTESIAN_POINT('Ctrl Pts',(65.5152010426189,-15.6252520877738,-46.7749925900815));
#4032=CARTESIAN_POINT('Ctrl Pts',(66.41238027433,-15.6727580522151,-46.3349584821371));
#4033=CARTESIAN_POINT('Ctrl Pts',(66.7468631200131,-15.7467296169127,-44.7437761887537));
#4034=CARTESIAN_POINT('Ctrl Pts',(65.5064895753086,-15.8261264176815,-43.516083422892));
#4035=CARTESIAN_POINT('Ctrl Pts',(63.8023857593752,-15.9055232184502,-43.8926285562571));
#4036=CARTESIAN_POINT('Ctrl Pts',(63.1947903828797,-15.984920019219,-45.5286554240881));
#4037=CARTESIAN_POINT('Ctrl Pts',(64.0666639813551,-16.0511495209318,-46.6944747516862));
#4038=CARTESIAN_POINT('Ctrl Pts',(64.8519330302118,-16.0909134223884,-46.8232833293672));
#4039=CARTESIAN_POINT('Ctrl Pts',(65.110127325254,-16.1042117235887,-46.8048132597644));
#4040=CARTESIAN_POINT('Origin',(65.0000000745059,-12.8957882764113,-45.2682434629799));
#4041=CARTESIAN_POINT('',(65.1112472058858,-15.1042117235887,-46.809266234374));
#4042=CARTESIAN_POINT('',(65.109747612825,-15.1457882764113,-46.8049199989639));
#4043=CARTESIAN_POINT('',(65.1102843214354,-12.8957882764113,-46.8072971933218));
#4044=CARTESIAN_POINT('Ctrl Pts',(65.109747612825,-15.1457882764113,-46.8049199989639));
#4045=CARTESIAN_POINT('Ctrl Pts',(65.3890265736867,-15.1601767053074,-46.7843130323061));
#4046=CARTESIAN_POINT('Ctrl Pts',(66.1681404020234,-15.2010307344598,-46.5209292905487));
#4047=CARTESIAN_POINT('Ctrl Pts',(66.8223705683974,-15.2683503638684,-45.1936683898811));
#4048=CARTESIAN_POINT('Ctrl Pts',(65.9254489667258,-15.3477471646372,-43.6965755399732));
#4049=CARTESIAN_POINT('Ctrl Pts',(64.1812073772876,-15.4271439654059,-43.6384661078951));
#4050=CARTESIAN_POINT('Ctrl Pts',(63.1866337772806,-15.5065407661747,-45.0725437709458));
#4051=CARTESIAN_POINT('Ctrl Pts',(63.7977089887691,-15.5794222031765,-46.5534145815636));
#4052=CARTESIAN_POINT('Ctrl Pts',(64.7255582839693,-15.625838039922,-46.8311792546552));
#4053=CARTESIAN_POINT('Ctrl Pts',(65.1116807235108,-15.6457882764113,-46.8070341621442));
#4054=CARTESIAN_POINT('Ctrl Pts',(65.1112472058858,-15.1042117235887,-46.809266234374));
#4055=CARTESIAN_POINT('Ctrl Pts',(65.1584401543607,-15.1066595526467,-46.8061896308516));
#4056=CARTESIAN_POINT('Ctrl Pts',(65.713641033574,-15.1355729819609,-46.7429211314575));
#4057=CARTESIAN_POINT('Ctrl Pts',(66.6732771499257,-15.1909520115314,-45.9940119448208));
#4058=CARTESIAN_POINT('Ctrl Pts',(66.5170913147524,-15.2703488123001,-44.2558054922457));
#4059=CARTESIAN_POINT('Ctrl Pts',(64.9718910883678,-15.3497456130689,-43.4445641155874));
#4060=CARTESIAN_POINT('Ctrl Pts',(63.4524268803486,-15.4291424138376,-44.3030421447223));
#4061=CARTESIAN_POINT('Ctrl Pts',(63.3498854715248,-15.5085392146064,-46.0452365303048));
#4062=CARTESIAN_POINT('Ctrl Pts',(64.3849572393784,-15.5668956511901,-46.8028697282766));
#4063=CARTESIAN_POINT('Ctrl Pts',(65.0041935240342,-15.5987864875175,-46.8163507362823));
#4064=CARTESIAN_POINT('Ctrl Pts',(65.1089459723304,-15.6042117235887,-46.8078726475772));
#4065=CARTESIAN_POINT('Origin',(65.0000000745059,-12.8957882764113,-45.2682434629799));
#4066=CARTESIAN_POINT('',(65.1110032972471,-14.6042117235887,-46.8052437898705));
#4067=CARTESIAN_POINT('',(65.1091451660966,-14.6457882764113,-46.8085597960025));
#4068=CARTESIAN_POINT('',(65.1102843214354,-12.8957882764113,-46.8072971933218));
#4069=CARTESIAN_POINT('Ctrl Pts',(65.1091451660966,-14.6457882764113,-46.8085597960025));
#4070=CARTESIAN_POINT('Ctrl Pts',(65.5384916274915,-14.6680497704365,-46.774044110506));
#4071=CARTESIAN_POINT('Ctrl Pts',(66.4556677922241,-14.7167768647181,-46.2953253502981));
#4072=CARTESIAN_POINT('Ctrl Pts',(66.7208757747372,-14.7919695592558,-44.6639425049735));
#4073=CARTESIAN_POINT('Ctrl Pts',(65.4253202590292,-14.8713663600246,-43.494631698225));
#4074=CARTESIAN_POINT('Ctrl Pts',(63.7403497273988,-14.9507631607934,-43.9491993889586));
#4075=CARTESIAN_POINT('Ctrl Pts',(63.2086871657996,-15.0301599615621,-45.6114539014831));
#4076=CARTESIAN_POINT('Ctrl Pts',(64.1162393313197,-15.0951683334348,-46.7151823549967));
#4077=CARTESIAN_POINT('Ctrl Pts',(64.8753300894139,-15.1337111050512,-46.8222168052611));
#4078=CARTESIAN_POINT('Ctrl Pts',(65.109747612825,-15.1457882764113,-46.8049199989639));
#4079=CARTESIAN_POINT('Ctrl Pts',(65.1110032972471,-14.6042117235887,-46.8052437898706));
#4080=CARTESIAN_POINT('Ctrl Pts',(65.3113025175511,-14.6145326177758,-46.7919205214893));
#4081=CARTESIAN_POINT('Ctrl Pts',(66.014418306803,-14.6513191122192,-46.6114452854978));
#4082=CARTESIAN_POINT('Ctrl Pts',(66.8123723081293,-14.7145712069189,-45.4728918565536));
#4083=CARTESIAN_POINT('Ctrl Pts',(66.1546527348853,-14.7939680076876,-43.8563745527949));
#4084=CARTESIAN_POINT('Ctrl Pts',(64.4397493992269,-14.8733648084564,-43.5325243286927));
#4085=CARTESIAN_POINT('Ctrl Pts',(63.2378037795815,-14.9527616092251,-44.7978630149972));
#4086=CARTESIAN_POINT('Ctrl Pts',(63.6365965738396,-15.0297105809359,-46.4415809866945));
#4087=CARTESIAN_POINT('Ctrl Pts',(64.6481963098466,-15.0801939523904,-46.8394534564879));
#4088=CARTESIAN_POINT('Ctrl Pts',(65.1112472058858,-15.1042117235887,-46.809266234374));
#4089=CARTESIAN_POINT('Origin',(65.0000000745059,-12.8957882764113,-45.2682434629799));
#4090=CARTESIAN_POINT('',(65.108528839818,-14.1042117235887,-46.8058556638286));
#4091=CARTESIAN_POINT('',(65.1114845171033,-14.1457882764113,-46.8086755335101));
#4092=CARTESIAN_POINT('',(65.1102843214354,-12.8957882764113,-46.8072971933218));
#4093=CARTESIAN_POINT('',(63.5416463712062,-14.,-45.7722806402514));
#4094=CARTESIAN_POINT('Ctrl Pts',(63.5416463712062,-14.,-45.7722806402514));
#4095=CARTESIAN_POINT('Ctrl Pts',(63.7092773123357,-14.0264656002563,-46.2572948709621));
#4096=CARTESIAN_POINT('Ctrl Pts',(64.2703516703512,-14.0612028414525,-46.7699045048879));
#4097=CARTESIAN_POINT('Ctrl Pts',(64.9483759629871,-14.0959400826487,-46.8185472538876));
#4098=CARTESIAN_POINT('Ctrl Pts',(65.108528839818,-14.1042117235887,-46.8058556638286));
#4099=CARTESIAN_POINT('',(63.4819737489652,-14.,-44.9765613637166));
#4100=CARTESIAN_POINT('Origin',(65.0000000745059,-14.,-45.2682434629799));
#4101=CARTESIAN_POINT('Ctrl Pts',(63.4819700667532,-14.,-44.9765603703183));
#4102=CARTESIAN_POINT('Ctrl Pts',(63.3888861296266,-14.025799450779,-45.4658334191471));
#4103=CARTESIAN_POINT('Ctrl Pts',(63.6982963017786,-14.0743955429161,-46.4822052395751));
#4104=CARTESIAN_POINT('Ctrl Pts',(64.6715883514568,-14.1229916350532,-46.8365897800545));
#4105=CARTESIAN_POINT('Ctrl Pts',(65.1114845171033,-14.1457882764113,-46.8086755335101));
#4106=CARTESIAN_POINT('Origin',(15.0000000745057,-12.8957882764113,-44.7806951859301));
#4107=CARTESIAN_POINT('',(15.1105718462316,-18.6042117235887,-46.3222856462997));
#4108=CARTESIAN_POINT('',(15.1104798800767,-18.6457882764113,-46.3172454448346));
#4109=CARTESIAN_POINT('',(15.1102843214351,-12.8957882764113,-46.319748916272));
#4110=CARTESIAN_POINT('',(13.48467968431,-19.,-44.4897431021476));
#4111=CARTESIAN_POINT('Ctrl Pts',(15.1104798800767,-18.6457882764113,-46.3172454448346));
#4112=CARTESIAN_POINT('Ctrl Pts',(15.3475310165539,-18.6579964499159,-46.3006908607849));
#4113=CARTESIAN_POINT('Ctrl Pts',(16.0860776772861,-18.6966702236767,-46.0838551757041));
#4114=CARTESIAN_POINT('Ctrl Pts',(16.8219134304553,-18.7618095976938,-44.8563656567687));
#4115=CARTESIAN_POINT('Ctrl Pts',(16.0521690609143,-18.8412063984625,-43.2895781638621));
#4116=CARTESIAN_POINT('Ctrl Pts',(14.3160475871873,-18.9206031992313,-43.090751301091));
#4117=CARTESIAN_POINT('Ctrl Pts',(13.581443522033,-18.9735343997438,-43.9857830877376));
#4118=CARTESIAN_POINT('Ctrl Pts',(13.4846796843099,-19.0000000000001,-44.4897431021485));
#4119=CARTESIAN_POINT('',(13.5416463712059,-19.,-45.2847323632017));
#4120=CARTESIAN_POINT('Origin',(15.0000000745057,-19.,-44.7806951859301));
#4121=CARTESIAN_POINT('Ctrl Pts',(15.1105718462316,-18.6042117235887,-46.3222856462997));
#4122=CARTESIAN_POINT('Ctrl Pts',(15.1157235970832,-18.6044792972552,-46.321921173616));
#4123=CARTESIAN_POINT('Ctrl Pts',(15.6302260260082,-18.6312124711778,-46.2826852072013));
#4124=CARTESIAN_POINT('Ctrl Pts',(16.6079548715917,-18.6844112453568,-45.6413922288655));
#4125=CARTESIAN_POINT('Ctrl Pts',(16.5952115497142,-18.7638080461255,-43.8962194997408));
#4126=CARTESIAN_POINT('Ctrl Pts',(15.1214366415377,-18.8432048468943,-42.9609261347331));
#4127=CARTESIAN_POINT('Ctrl Pts',(13.5507493294089,-18.9219354981858,-43.6854948380465));
#4128=CARTESIAN_POINT('Ctrl Pts',(13.3771588232305,-18.974200549221,-44.8148099544829));
#4129=CARTESIAN_POINT('Ctrl Pts',(13.5390692251757,-19.,-45.2858261888342));
#4130=CARTESIAN_POINT('Origin',(15.0000000745057,-12.8957882764113,-44.7806951859301));
#4131=CARTESIAN_POINT('',(15.1114995666032,-18.1042117235887,-46.318581585747));
#4132=CARTESIAN_POINT('',(15.1088682982318,-18.1457882764113,-46.3197466271916));
#4133=CARTESIAN_POINT('',(15.1102843214351,-12.8957882764113,-46.319748916272));
#4134=CARTESIAN_POINT('Ctrl Pts',(15.1088682982318,-18.1457882764113,-46.3197466271916));
#4135=CARTESIAN_POINT('Ctrl Pts',(15.4969664736835,-18.165869515045,-46.288372442465));
#4136=CARTESIAN_POINT('Ctrl Pts',(16.3779618566537,-18.212416353935,-45.8772950383449));
#4137=CARTESIAN_POINT('Ctrl Pts',(16.7646545402693,-18.2854287930812,-44.3197315398475));
#4138=CARTESIAN_POINT('Ctrl Pts',(15.5695060886055,-18.36482559385,-43.0479978391337));
#4139=CARTESIAN_POINT('Ctrl Pts',(13.8528847165709,-18.4442223946187,-43.3627251069299));
#4140=CARTESIAN_POINT('Ctrl Pts',(13.1866281266518,-18.5236191953875,-44.975628465147));
#4141=CARTESIAN_POINT('Ctrl Pts',(14.0276554793068,-18.5908078226517,-46.189639224411));
#4142=CARTESIAN_POINT('Ctrl Pts',(14.8336375487109,-18.6315308496596,-46.3365788667756));
#4143=CARTESIAN_POINT('Ctrl Pts',(15.1104798800767,-18.6457882764113,-46.3172454448346));
#4144=CARTESIAN_POINT('Ctrl Pts',(15.1114995666032,-18.1042117235887,-46.318581585747));
#4145=CARTESIAN_POINT('Ctrl Pts',(15.2692742513868,-18.1123523623843,-46.3085362090902));
#4146=CARTESIAN_POINT('Ctrl Pts',(15.9313320376721,-18.1469586014361,-46.1657706948967));
#4147=CARTESIAN_POINT('Ctrl Pts',(16.7894360123292,-18.2080304407442,-45.1334517485982));
#4148=CARTESIAN_POINT('Ctrl Pts',(16.2666561469352,-18.287427241513,-43.4684030083289));
#4149=CARTESIAN_POINT('Ctrl Pts',(14.5841469561288,-18.3668240422817,-43.0048603207477));
#4150=CARTESIAN_POINT('Ctrl Pts',(13.2823990262459,-18.4462208430505,-44.1672293318275));
#4151=CARTESIAN_POINT('Ctrl Pts',(13.5523037795032,-18.5253500701528,-45.8854681964423));
#4152=CARTESIAN_POINT('Ctrl Pts',(14.6061660592245,-18.5780136969989,-46.3579710154406));
#4153=CARTESIAN_POINT('Ctrl Pts',(15.1105718462316,-18.6042117235887,-46.3222856462997));
#4154=CARTESIAN_POINT('Origin',(15.0000000745057,-12.8957882764113,-44.7806951859301));
#4155=CARTESIAN_POINT('',(15.1093065887964,-17.6042117235887,-46.3177598859009));
#4156=CARTESIAN_POINT('',(15.1109726683282,-17.6457882764113,-46.3220490719023));
#4157=CARTESIAN_POINT('',(15.1102843214351,-12.8957882764113,-46.319748916272));
#4158=CARTESIAN_POINT('Ctrl Pts',(15.1109726683282,-17.6457882764113,-46.3220490719023));
#4159=CARTESIAN_POINT('Ctrl Pts',(15.139653484056,-17.6472769799179,-46.3201205646968));
#4160=CARTESIAN_POINT('Ctrl Pts',(15.6769350336508,-17.6752312836808,-46.2678291333329));
#4161=CARTESIAN_POINT('Ctrl Pts',(16.6459282065094,-17.7296511876999,-45.5664698878696));
#4162=CARTESIAN_POINT('Ctrl Pts',(16.5526819339348,-17.8090479884687,-43.8237731699636));
#4163=CARTESIAN_POINT('Ctrl Pts',(15.0378358185982,-17.8884447892374,-42.9572121542446));
#4164=CARTESIAN_POINT('Ctrl Pts',(13.4883474214432,-17.9678415900062,-43.7601914257178));
#4165=CARTESIAN_POINT('Ctrl Pts',(13.3228952918423,-18.0472383907749,-45.4975193854443));
#4166=CARTESIAN_POINT('Ctrl Pts',(14.3464392281591,-18.10655395291,-46.3051271182556));
#4167=CARTESIAN_POINT('Ctrl Pts',(14.9854815319909,-18.1394039147887,-46.3297213177254));
#4168=CARTESIAN_POINT('Ctrl Pts',(15.1088682982318,-18.1457882764113,-46.3197466271916));
#4169=CARTESIAN_POINT('Ctrl Pts',(15.1093065887964,-17.6042117235887,-46.3177598859009));
#4170=CARTESIAN_POINT('Ctrl Pts',(15.4198788065316,-17.6202254275135,-46.2939751287905));
#4171=CARTESIAN_POINT('Ctrl Pts',(16.2288374876872,-17.6627047316944,-45.9924387119078));
#4172=CARTESIAN_POINT('Ctrl Pts',(16.8143643036351,-17.7316496361317,-44.5946727323544));
#4173=CARTESIAN_POINT('Ctrl Pts',(15.8274651235295,-17.8110464369004,-43.1553264153704));
#4174=CARTESIAN_POINT('Ctrl Pts',(14.0829576321168,-17.8904432376692,-43.2041308115489));
#4175=CARTESIAN_POINT('Ctrl Pts',(13.1780736005062,-17.9698400384379,-44.6964016696524));
#4176=CARTESIAN_POINT('Ctrl Pts',(13.8630487533245,-18.0410962004111,-46.1049326325344));
#4177=CARTESIAN_POINT('Ctrl Pts',(14.7563413178793,-18.085886762128,-46.3411942018716));
#4178=CARTESIAN_POINT('Ctrl Pts',(15.1114995666032,-18.1042117235887,-46.318581585747));
#4179=CARTESIAN_POINT('Origin',(15.0000000745057,-12.8957882764113,-44.7806951859301));
#4180=CARTESIAN_POINT('',(15.1095700427945,-17.1042117235887,-46.3217667538672));
#4181=CARTESIAN_POINT('',(15.1112520784272,-17.1457882764113,-46.3180251852817));
#4182=CARTESIAN_POINT('',(15.1102843214351,-12.8957882764113,-46.319748916272));
#4183=CARTESIAN_POINT('Ctrl Pts',(15.1112520784272,-17.1457882764113,-46.3180251852817));
#4184=CARTESIAN_POINT('Ctrl Pts',(15.2928447171089,-17.155150045047,-46.3062005315707));
#4185=CARTESIAN_POINT('Ctrl Pts',(15.9778954759463,-17.1909774139391,-46.1428528709733));
#4186=CARTESIAN_POINT('Ctrl Pts',(16.8037746717269,-17.2532703830874,-45.0507292725841));
#4187=CARTESIAN_POINT('Ctrl Pts',(16.2049211790594,-17.3326671838561,-43.4115033342571));
#4188=CARTESIAN_POINT('Ctrl Pts',(14.5028693220544,-17.4120639846249,-43.025878322181));
#4189=CARTESIAN_POINT('Ctrl Pts',(13.2559790683438,-17.4914607853936,-44.2469237466996));
#4190=CARTESIAN_POINT('Ctrl Pts',(13.5993142171246,-17.5693688826557,-45.9246199589631));
#4191=CARTESIAN_POINT('Ctrl Pts',(14.6297769366442,-17.6208113796617,-46.3544048265156));
#4192=CARTESIAN_POINT('Ctrl Pts',(15.1109726683282,-17.6457882764113,-46.3220490719023));
#4193=CARTESIAN_POINT('Ctrl Pts',(15.1095700427945,-17.1042117235887,-46.3217667538672));
#4194=CARTESIAN_POINT('Ctrl Pts',(15.5697002023668,-17.1280984926426,-46.2857100037122));
#4195=CARTESIAN_POINT('Ctrl Pts',(16.5122467417831,-17.1784508619527,-45.7522507781914));
#4196=CARTESIAN_POINT('Ctrl Pts',(16.6806255583447,-17.2552688315191,-44.0721615202434));
#4197=CARTESIAN_POINT('Ctrl Pts',(15.3159144816356,-17.3346656322879,-42.9843878454836));
#4198=CARTESIAN_POINT('Ctrl Pts',(13.6619593538988,-17.4140624330566,-43.5412723340087));
#4199=CARTESIAN_POINT('Ctrl Pts',(13.2330838943718,-17.4934592338254,-45.2329442076615));
#4200=CARTESIAN_POINT('Ctrl Pts',(14.1821705098476,-17.5568423306694,-46.2528647946236));
#4201=CARTESIAN_POINT('Ctrl Pts',(14.9066009162997,-17.5937598272572,-46.3332838281916));
#4202=CARTESIAN_POINT('Ctrl Pts',(15.1093065887964,-17.6042117235887,-46.3177598859009));
#4203=CARTESIAN_POINT('Origin',(15.0000000745057,-12.8957882764113,-44.7806951859301));
#4204=CARTESIAN_POINT('',(15.111684722848,-16.6042117235887,-46.3201879099038));
#4205=CARTESIAN_POINT('',(15.1090582013059,-16.6457882764113,-46.3182383800805));
#4206=CARTESIAN_POINT('',(15.1102843214351,-12.8957882764113,-46.319748916272));
#4207=CARTESIAN_POINT('Ctrl Pts',(15.1090582013059,-16.6457882764113,-46.3182383800805));
#4208=CARTESIAN_POINT('Ctrl Pts',(15.4430203313767,-16.6630231101762,-46.2920624244016));
#4209=CARTESIAN_POINT('Ctrl Pts',(16.2740785910409,-16.7067235441974,-45.9598124204059));
#4210=CARTESIAN_POINT('Ctrl Pts',(16.8038812751932,-16.7768895784748,-44.5113741565955));
#4211=CARTESIAN_POINT('Ctrl Pts',(15.7517900918069,-16.8562863792435,-43.1189692841194));
#4212=CARTESIAN_POINT('Ctrl Pts',(14.0113770601485,-16.9356831800123,-43.2480028689566));
#4213=CARTESIAN_POINT('Ctrl Pts',(13.176124784524,-17.0150799807811,-44.7803346945863));
#4214=CARTESIAN_POINT('Ctrl Pts',(13.912357128544,-17.0851150129141,-46.1322786417376));
#4215=CARTESIAN_POINT('Ctrl Pts',(14.7794846489625,-17.1286844447908,-46.3396286764501));
#4216=CARTESIAN_POINT('Ctrl Pts',(15.1112520784272,-17.1457882764113,-46.3180251852817));
#4217=CARTESIAN_POINT('Ctrl Pts',(15.111684722848,-16.6042117235887,-46.3201879099038));
#4218=CARTESIAN_POINT('Ctrl Pts',(15.2140285355427,-16.6095059575155,-46.313800296637));
#4219=CARTESIAN_POINT('Ctrl Pts',(15.8225489616171,-16.6412657916985,-46.213996987515));
#4220=CARTESIAN_POINT('Ctrl Pts',(16.7413638997708,-16.6994912261378,-45.3230732841198));
#4221=CARTESIAN_POINT('Ctrl Pts',(16.3999162622503,-16.7788880269065,-43.611611510308));
#4222=CARTESIAN_POINT('Ctrl Pts',(14.7767371894653,-16.8582848276753,-42.970536171508));
#4223=CARTESIAN_POINT('Ctrl Pts',(13.3579725384498,-16.9376816284441,-43.9868012734853));
#4224=CARTESIAN_POINT('Ctrl Pts',(13.4426109690414,-17.0170784292128,-45.7299375930065));
#4225=CARTESIAN_POINT('Ctrl Pts',(14.4987063498181,-17.0725884609277,-46.3410140936274));
#4226=CARTESIAN_POINT('Ctrl Pts',(15.0598940899694,-17.1016328923864,-46.3256594641851));
#4227=CARTESIAN_POINT('Ctrl Pts',(15.1095700427945,-17.1042117235887,-46.3217667538672));
#4228=CARTESIAN_POINT('Origin',(15.0000000745057,-12.8957882764113,-44.7806951859301));
#4229=CARTESIAN_POINT('',(15.11012609297,-16.1042117235887,-46.3172477889914));
#4230=CARTESIAN_POINT('',(15.1099770287368,-16.1457882764113,-46.3221550976747));
#4231=CARTESIAN_POINT('',(15.1102843214351,-12.8957882764113,-46.319748916272));
#4232=CARTESIAN_POINT('Ctrl Pts',(15.1099770287368,-16.1457882764113,-46.3221550976747));
#4233=CARTESIAN_POINT('Ctrl Pts',(15.5933744099567,-16.1708961753053,-46.285538107708));
#4234=CARTESIAN_POINT('Ctrl Pts',(16.5539099492134,-16.2224696744557,-45.7084311652977));
#4235=CARTESIAN_POINT('Ctrl Pts',(16.6462386451778,-16.3005087738622,-43.9955711375013));
#4236=CARTESIAN_POINT('Ctrl Pts',(15.2329150396015,-16.379905574631,-42.9717530027706));
#4237=CARTESIAN_POINT('Ctrl Pts',(13.6063397871649,-16.4593023753997,-43.604161205771));
#4238=CARTESIAN_POINT('Ctrl Pts',(13.2557682098182,-16.5386991761685,-45.3137771732443));
#4239=CARTESIAN_POINT('Ctrl Pts',(14.2316153333433,-16.6008611431724,-46.270153472272));
#4240=CARTESIAN_POINT('Ctrl Pts',(14.9301921628119,-16.6365575099199,-46.3322579022793));
#4241=CARTESIAN_POINT('Ctrl Pts',(15.1090582013059,-16.6457882764113,-46.3182383800805));
#4242=CARTESIAN_POINT('Ctrl Pts',(15.11012609297,-16.1042117235887,-46.3172477889914));
#4243=CARTESIAN_POINT('Ctrl Pts',(15.3657740441105,-16.1173790226446,-46.2989598734855));
#4244=CARTESIAN_POINT('Ctrl Pts',(16.1222053329653,-16.1570119219568,-46.0622926661674));
#4245=CARTESIAN_POINT('Ctrl Pts',(16.8238515527557,-16.2231104215252,-44.7900631455888));
#4246=CARTESIAN_POINT('Ctrl Pts',(15.9967844324066,-16.302507222294,-43.2532977533102));
#4247=CARTESIAN_POINT('Ctrl Pts',(14.2570842152584,-16.3819040230628,-43.1149827259317));
#4248=CARTESIAN_POINT('Ctrl Pts',(13.1975808690962,-16.4613008238315,-44.5017561579885));
#4249=CARTESIAN_POINT('Ctrl Pts',(13.7489399026716,-16.5354033906735,-46.0344192066108));
#4250=CARTESIAN_POINT('Ctrl Pts',(14.7024171347343,-16.5830403572592,-46.3457316433904));
#4251=CARTESIAN_POINT('Ctrl Pts',(15.111684722848,-16.6042117235887,-46.3201879099038));
#4252=CARTESIAN_POINT('Origin',(15.0000000745057,-12.8957882764113,-44.7806951859301));
#4253=CARTESIAN_POINT('',(15.1089447536919,-15.6042117235887,-46.3203071427875));
#4254=CARTESIAN_POINT('',(15.1116794729464,-15.6457882764113,-46.3194686542609));
#4255=CARTESIAN_POINT('',(15.1102843214351,-12.8957882764113,-46.319748916272));
#4256=CARTESIAN_POINT('Ctrl Pts',(15.1116794729464,-15.6457882764113,-46.3194686542609));
#4257=CARTESIAN_POINT('Ctrl Pts',(15.2377782279062,-15.6523036401782,-46.3115834194423));
#4258=CARTESIAN_POINT('Ctrl Pts',(15.8692473715283,-15.6852846042015,-46.1941770684098));
#4259=CARTESIAN_POINT('Ctrl Pts',(16.764478646838,-15.7447311684809,-45.2423623493363));
#4260=CARTESIAN_POINT('Ctrl Pts',(16.3446326135828,-15.8241279692497,-43.5484271395153));
#4261=CARTESIAN_POINT('Ctrl Pts',(14.6936715964224,-15.9035247700184,-42.9827285381468));
#4262=CARTESIAN_POINT('Ctrl Pts',(13.3231779698623,-15.9829215707872,-44.0632073238433));
#4263=CARTESIAN_POINT('Ctrl Pts',(13.4879445406855,-16.062318371556,-45.8006016844286));
#4264=CARTESIAN_POINT('Ctrl Pts',(14.5472158267034,-16.1166072734306,-46.3500706941906));
#4265=CARTESIAN_POINT('Ctrl Pts',(15.0838374745778,-16.1444305750491,-46.3241351493455));
#4266=CARTESIAN_POINT('Ctrl Pts',(15.1099770287368,-16.1457882764113,-46.3221550976747));
#4267=CARTESIAN_POINT('Ctrl Pts',(15.1089447536919,-15.6042117235887,-46.3203071427875));
#4268=CARTESIAN_POINT('Ctrl Pts',(15.5151952780923,-15.6252520877738,-46.2874274531941));
#4269=CARTESIAN_POINT('Ctrl Pts',(16.4123644696191,-15.6727580522151,-45.847398268563));
#4270=CARTESIAN_POINT('Ctrl Pts',(16.7468435735342,-15.7467296169127,-44.256233780516));
#4271=CARTESIAN_POINT('Ctrl Pts',(15.5064839076661,-15.8261264176815,-43.0285547518548));
#4272=CARTESIAN_POINT('Ctrl Pts',(13.8023991603938,-15.9055232184502,-43.4050956719512));
#4273=CARTESIAN_POINT('Ctrl Pts',(13.1948105825505,-15.984920019219,-45.0411042330839));
#4274=CARTESIAN_POINT('Ctrl Pts',(14.0666744251009,-16.0511495209318,-46.2069105155704));
#4275=CARTESIAN_POINT('Ctrl Pts',(14.8519346870423,-16.0909134223884,-46.3357176519217));
#4276=CARTESIAN_POINT('Ctrl Pts',(15.11012609297,-16.1042117235887,-46.3172477889914));
#4277=CARTESIAN_POINT('Origin',(15.0000000745057,-12.8957882764113,-44.7806951859301));
#4278=CARTESIAN_POINT('',(15.1112459732296,-15.1042117235887,-46.3217007194365));
#4279=CARTESIAN_POINT('',(15.1097463794487,-15.1457882764113,-46.317354515544));
#4280=CARTESIAN_POINT('',(15.1102843214351,-12.8957882764113,-46.319748916272));
#4281=CARTESIAN_POINT('Ctrl Pts',(15.1097463794487,-15.1457882764113,-46.317354515544));
#4282=CARTESIAN_POINT('Ctrl Pts',(15.389022215338,-15.1601767053074,-46.2967477792737));
#4283=CARTESIAN_POINT('Ctrl Pts',(16.1681273297174,-15.2010307344598,-46.0333669850809));
#4284=CARTESIAN_POINT('Ctrl Pts',(16.8223501565935,-15.2683503638684,-44.7061209487133));
#4285=CARTESIAN_POINT('Ctrl Pts',(15.9254386067756,-15.3477471646371,-43.2090448615061));
#4286=CARTESIAN_POINT('Ctrl Pts',(14.1812165443275,-15.4271439654059,-43.1509360807125));
#4287=CARTESIAN_POINT('Ctrl Pts',(13.1866540835032,-15.5065407661746,-44.5849976851744));
#4288=CARTESIAN_POINT('Ctrl Pts',(13.7977224512882,-15.5794222031764,-46.0658519136566));
#4289=CARTESIAN_POINT('Ctrl Pts',(14.7255613569924,-15.625838039922,-46.3436134764122));
#4290=CARTESIAN_POINT('Ctrl Pts',(15.1116794729464,-15.6457882764113,-46.3194686542609));
#4291=CARTESIAN_POINT('Ctrl Pts',(15.1112459732296,-15.1042117235887,-46.3217007194365));
#4292=CARTESIAN_POINT('Ctrl Pts',(15.1584383957735,-15.1066595526467,-46.318624151213));
#4293=CARTESIAN_POINT('Ctrl Pts',(15.7136330841395,-15.1355729819609,-46.2553563685211));
#4294=CARTESIAN_POINT('Ctrl Pts',(16.6732583914064,-15.1909520115314,-45.5064555309956));
#4295=CARTESIAN_POINT('Ctrl Pts',(16.5170743573564,-15.2703488123001,-43.7682685525273));
#4296=CARTESIAN_POINT('Ctrl Pts',(14.9718913933035,-15.3497456130689,-42.9570362403738));
#4297=CARTESIAN_POINT('Ctrl Pts',(13.452444202199,-15.4291424138376,-43.8155046704008));
#4298=CARTESIAN_POINT('Ctrl Pts',(13.3499039331807,-15.5085392146064,-45.5576795576558));
#4299=CARTESIAN_POINT('Ctrl Pts',(14.3849641218137,-15.5668956511901,-46.315304279409));
#4300=CARTESIAN_POINT('Ctrl Pts',(15.004193477548,-15.5987864875175,-46.3287851366294));
#4301=CARTESIAN_POINT('Ctrl Pts',(15.1089447536919,-15.6042117235887,-46.3203071427875));
#4302=CARTESIAN_POINT('Origin',(15.0000000745057,-12.8957882764113,-44.7806951859301));
#4303=CARTESIAN_POINT('',(15.1110014904502,-14.6042117235887,-46.3176782487206));
#4304=CARTESIAN_POINT('',(15.1091436643893,-14.6457882764113,-46.32099434739));
#4305=CARTESIAN_POINT('',(15.1102843214351,-12.8957882764113,-46.319748916272));
#4306=CARTESIAN_POINT('Ctrl Pts',(15.1091436643893,-14.6457882764113,-46.32099434739));
#4307=CARTESIAN_POINT('Ctrl Pts',(15.5384853096111,-14.6680497704365,-46.2864790578117));
#4308=CARTESIAN_POINT('Ctrl Pts',(16.4556519229023,-14.716776864718,-45.8077654629282));
#4309=CARTESIAN_POINT('Ctrl Pts',(16.7208562526738,-14.7919695592558,-44.1764010529931));
#4310=CARTESIAN_POINT('Ctrl Pts',(15.4253156314051,-14.8713663600246,-43.0071032528245));
#4311=CARTESIAN_POINT('Ctrl Pts',(13.7403637606903,-14.9507631607933,-43.4616658961514));
#4312=CARTESIAN_POINT('Ctrl Pts',(13.2087072623493,-15.0301599615621,-45.123901774385));
#4313=CARTESIAN_POINT('Ctrl Pts',(14.1162492178076,-15.0951683334347,-46.2276178771583));
#4314=CARTESIAN_POINT('Ctrl Pts',(14.8753314790356,-15.1337111050511,-46.3346511284617));
#4315=CARTESIAN_POINT('Ctrl Pts',(15.1097463794487,-15.1457882764113,-46.317354515544));
#4316=CARTESIAN_POINT('Ctrl Pts',(15.1110014904502,-14.6042117235887,-46.3176782487206));
#4317=CARTESIAN_POINT('Ctrl Pts',(15.3112990064497,-14.6145326177758,-46.3043552612892));
#4318=CARTESIAN_POINT('Ctrl Pts',(16.0144089632285,-14.6513191122192,-46.1238825062768));
#4319=CARTESIAN_POINT('Ctrl Pts',(16.8123504504941,-14.7145712069188,-44.9853408059363));
#4320=CARTESIAN_POINT('Ctrl Pts',(16.1546406610503,-14.7939680076876,-43.3688423606098));
#4321=CARTESIAN_POINT('Ctrl Pts',(14.439755216715,-14.8733648084563,-43.044995308493));
#4322=CARTESIAN_POINT('Ctrl Pts',(13.2378237377583,-14.9527616092251,-44.3103200948727));
#4323=CARTESIAN_POINT('Ctrl Pts',(13.6366117144039,-15.0297105809359,-45.9540195327399));
#4324=CARTESIAN_POINT('Ctrl Pts',(14.6482002375517,-15.0801939523904,-46.3518875952021));
#4325=CARTESIAN_POINT('Ctrl Pts',(15.1112459732296,-15.1042117235887,-46.3217007194365));
#4326=CARTESIAN_POINT('Origin',(15.0000000745057,-12.8957882764113,-44.7806951859301));
#4327=CARTESIAN_POINT('',(15.1084321336668,-14.1042117235887,-46.318323039077));
#4328=CARTESIAN_POINT('',(15.1114782986988,-14.1457882764113,-46.3211117019207));
#4329=CARTESIAN_POINT('',(15.1102843214351,-12.8957882764113,-46.319748916272));
#4330=CARTESIAN_POINT('',(13.5416463712059,-14.,-45.2847323632016));
#4331=CARTESIAN_POINT('Ctrl Pts',(13.5416463712057,-14.,-45.2847323632011));
#4332=CARTESIAN_POINT('Ctrl Pts',(13.7092773123351,-14.0264656002562,-45.7697465939118));
#4333=CARTESIAN_POINT('Ctrl Pts',(14.2702035950124,-14.0612028414525,-46.2823899285838));
#4334=CARTESIAN_POINT('Ctrl Pts',(14.9482654472203,-14.0959400826487,-46.3310190436224));
#4335=CARTESIAN_POINT('Ctrl Pts',(15.1084321336668,-14.1042117235887,-46.318323039077));
#4336=CARTESIAN_POINT('',(13.4819760579523,-14.,-44.4890289721242));
#4337=CARTESIAN_POINT('Origin',(15.0000000745057,-14.,-44.7806951859301));
#4338=CARTESIAN_POINT('Ctrl Pts',(13.4819728858354,-14.,-44.4890281342481));
#4339=CARTESIAN_POINT('Ctrl Pts',(13.3888751279852,-14.025799450779,-44.978317701883));
#4340=CARTESIAN_POINT('Ctrl Pts',(13.6983482297042,-14.0743955429161,-45.9946132952974));
#4341=CARTESIAN_POINT('Ctrl Pts',(14.6715946023259,-14.1229916350532,-46.3490193063398));
#4342=CARTESIAN_POINT('Ctrl Pts',(15.1114782986988,-14.1457882764113,-46.3211117019208));
#4343=CARTESIAN_POINT('Origin',(15.0000000745057,-12.8957882764113,-44.7806951859301));
#4344=CARTESIAN_POINT('Ctrl Pts',(15.1114782986988,-14.1457882764113,-46.3211117019208));
#4345=CARTESIAN_POINT('Ctrl Pts',(15.1822744820754,-14.1494572353094,-46.3166201695081));
#4346=CARTESIAN_POINT('Ctrl Pts',(15.7602039314516,-14.1795917944638,-46.2384220850812));
#4347=CARTESIAN_POINT('Ctrl Pts',(16.7050237245695,-14.2361919538745,-45.4286851519809));
#4348=CARTESIAN_POINT('Ctrl Pts',(16.4688059432125,-14.3155887546432,-43.6995263162977));
#4349=CARTESIAN_POINT('Ctrl Pts',(14.8880328070221,-14.394985555412,-42.9602622373264));
#4350=CARTESIAN_POINT('Ctrl Pts',(13.4096490196359,-14.4743823561808,-43.8877446173284));
#4351=CARTESIAN_POINT('Ctrl Pts',(13.3874173631832,-14.5537791569495,-45.6327925193923));
#4352=CARTESIAN_POINT('Ctrl Pts',(14.4338710007087,-14.610914463693,-46.3271417066853));
#4353=CARTESIAN_POINT('Ctrl Pts',(15.0280620494781,-14.6415841701803,-46.3275125956179));
#4354=CARTESIAN_POINT('Ctrl Pts',(15.1091436643893,-14.6457882764113,-46.32099434739));
#4355=CARTESIAN_POINT('Ctrl Pts',(15.1084321336668,-14.1042117235887,-46.318323039077));
#4356=CARTESIAN_POINT('Ctrl Pts',(15.4607281530618,-14.122405682905,-46.2903974325556));
#4357=CARTESIAN_POINT('Ctrl Pts',(16.3101247570819,-14.1670652424775,-45.9335612893264));
#4358=CARTESIAN_POINT('Ctrl Pts',(16.7925104904965,-14.2381904023063,-44.4460252638711));
#4359=CARTESIAN_POINT('Ctrl Pts',(15.6914551246276,-14.317587203075,-43.0930352222027));
#4360=CARTESIAN_POINT('Ctrl Pts',(13.9565014268174,-14.3969840038438,-43.2846646172686));
#4361=CARTESIAN_POINT('Ctrl Pts',(13.1773610626749,-14.4763808046125,-44.8463081552429));
#4362=CARTESIAN_POINT('Ctrl Pts',(13.9511651285566,-14.5454567111942,-46.1525636622087));
#4363=CARTESIAN_POINT('Ctrl Pts',(14.7976813009812,-14.5880670175196,-46.3385190510914));
#4364=CARTESIAN_POINT('Ctrl Pts',(15.1110014904502,-14.6042117235887,-46.3176782487206));
#4365=CARTESIAN_POINT('Ctrl Pts',(15.7546205602962,-14.,-43.7660483644078));
#4366=CARTESIAN_POINT('Ctrl Pts',(15.4171728297009,-14.0264656002563,-43.5150792932106));
#4367=CARTESIAN_POINT('Ctrl Pts',(14.4778054398632,-14.0793968007688,-43.3808789335529));
#4368=CARTESIAN_POINT('Ctrl Pts',(13.5387613475581,-14.1587936015375,-44.4620840265798));
#4369=CARTESIAN_POINT('Ctrl Pts',(13.9409382796952,-14.2381904023063,-45.834970478106));
#4370=CARTESIAN_POINT('Ctrl Pts',(15.3111360838932,-14.317587203075,-46.2425831549529));
#4371=CARTESIAN_POINT('Ctrl Pts',(16.3972796632974,-14.3969840038438,-45.3117277925867));
#4372=CARTESIAN_POINT('Ctrl Pts',(16.203697430941,-14.4763808046126,-43.8946692393001));
#4373=CARTESIAN_POINT('Ctrl Pts',(14.9082420643093,-14.5557776053813,-43.2888368168378));
#4374=CARTESIAN_POINT('Ctrl Pts',(13.6966955321318,-14.6351744061501,-44.0489155397882));
#4375=CARTESIAN_POINT('Ctrl Pts',(13.678476523976,-14.7145712069188,-45.4789953013954));
#4376=CARTESIAN_POINT('Ctrl Pts',(14.8701885979424,-14.7939680076876,-46.2697272367371));
#4377=CARTESIAN_POINT('Ctrl Pts',(16.1807660668166,-14.8733648084564,-45.6971353367314));
#4378=CARTESIAN_POINT('Ctrl Pts',(16.410254538079,-14.9527616092251,-44.2854716401758));
#4379=CARTESIAN_POINT('Ctrl Pts',(15.3485493432674,-15.0321584099939,-43.3272233781452));
#4380=CARTESIAN_POINT('Ctrl Pts',(13.9677187272474,-15.1115552107627,-43.6997408522133));
#4381=CARTESIAN_POINT('Ctrl Pts',(13.5320222644138,-15.1909520115314,-45.0619555430922));
#4382=CARTESIAN_POINT('Ctrl Pts',(14.4403724997276,-15.2703488123002,-46.1666546433861));
#4383=CARTESIAN_POINT('Ctrl Pts',(15.8611052259667,-15.3497456130689,-46.0024007742798));
#4384=CARTESIAN_POINT('Ctrl Pts',(16.4934295487766,-15.4291424138377,-44.7195810427282));
#4385=CARTESIAN_POINT('Ctrl Pts',(15.7584038490068,-15.5085392146064,-43.4927160315333));
#4386=CARTESIAN_POINT('Ctrl Pts',(14.3290008691199,-15.5879360153752,-43.4450954525875));
#4387=CARTESIAN_POINT('Ctrl Pts',(13.5139495199868,-15.667332816144,-44.6203196255246));
#4388=CARTESIAN_POINT('Ctrl Pts',(14.059492267597,-15.7467296169127,-45.9423800155018));
#4389=CARTESIAN_POINT('Ctrl Pts',(15.4661425846391,-15.8261264176815,-46.2008281857153));
#4390=CARTESIAN_POINT('Ctrl Pts',(16.4460034152148,-15.9055232184502,-45.1590348671531));
#4391=CARTESIAN_POINT('Ctrl Pts',(16.101936461844,-15.984920019219,-43.7708423377827));
#4392=CARTESIAN_POINT('Ctrl Pts',(14.7489616036461,-16.0643168199877,-43.3072481178017));
#4393=CARTESIAN_POINT('Ctrl Pts',(13.6258318623725,-16.1437136207565,-44.1927085355032));
#4394=CARTESIAN_POINT('Ctrl Pts',(13.7608592951696,-16.2231104215252,-45.6165161628266));
#4395=CARTESIAN_POINT('Ctrl Pts',(15.030415854489,-16.302507222294,-46.2750651055705));
#4396=CARTESIAN_POINT('Ctrl Pts',(16.2721244171131,-16.3819040230628,-45.5654029234566));
#4397=CARTESIAN_POINT('Ctrl Pts',(16.34910485261,-16.4613008238315,-44.1372801767024));
#4398=CARTESIAN_POINT('Ctrl Pts',(15.1908756243201,-16.5406976246003,-43.2982535847602));
#4399=CARTESIAN_POINT('Ctrl Pts',(13.8578850820608,-16.6200944253691,-43.816516820466));
#4400=CARTESIAN_POINT('Ctrl Pts',(13.5705890616104,-16.6994912261378,-45.2175598476014));
#4401=CARTESIAN_POINT('Ctrl Pts',(14.5920292678078,-16.7788880269066,-46.2186195223507));
#4402=CARTESIAN_POINT('Ctrl Pts',(15.9869982696468,-16.8582848276754,-45.9031483649921));
#4403=CARTESIAN_POINT('Ctrl Pts',(16.4782941628202,-16.9376816284441,-44.5599845951371));
#4404=CARTESIAN_POINT('Ctrl Pts',(15.6160975967852,-17.0170784292129,-43.4188984245305));
#4405=CARTESIAN_POINT('Ctrl Pts',(14.1898161460192,-17.0964752299816,-43.5246424089936));
#4406=CARTESIAN_POINT('Ctrl Pts',(13.5053206809983,-17.1758720307504,-44.7803997605871));
#4407=CARTESIAN_POINT('Ctrl Pts',(14.1893196883764,-17.2552688315191,-46.0364275966272));
#4408=CARTESIAN_POINT('Ctrl Pts',(15.6155592263769,-17.3346656322879,-46.142735386284));
#4409=CARTESIAN_POINT('Ctrl Pts',(16.4782068004851,-17.4140624330567,-45.0019901325107));
#4410=CARTESIAN_POINT('Ctrl Pts',(15.9874418999809,-17.4934592338254,-43.6586322588786));
#4411=CARTESIAN_POINT('Ctrl Pts',(14.5925977177496,-17.5728560345942,-43.3426096874137));
#4412=CARTESIAN_POINT('Ctrl Pts',(13.5707618617437,-17.6522528353629,-44.3432655132749));
#4413=CARTESIAN_POINT('Ctrl Pts',(13.8575040396134,-17.7316496361317,-45.7444219850676));
#4414=CARTESIAN_POINT('Ctrl Pts',(15.1902895750017,-17.8110464369005,-46.2632121445106));
#4415=CARTESIAN_POINT('Ctrl Pts',(16.3488504458075,-17.8904432376692,-45.424643410559));
#4416=CARTESIAN_POINT('Ctrl Pts',(16.2724344304669,-17.969840038438,-43.9964904618928));
#4417=CARTESIAN_POINT('Ctrl Pts',(15.0310067487798,-18.0492368392067,-43.2863372510199));
#4418=CARTESIAN_POINT('Ctrl Pts',(13.7611894589532,-18.1286336399755,-43.9443847486078));
#4419=CARTESIAN_POINT('Ctrl Pts',(13.6256002056283,-18.2080304407442,-45.3681379599325));
#4420=CARTESIAN_POINT('Ctrl Pts',(14.7483778325265,-18.287427241513,-46.2540441350728));
#4421=CARTESIAN_POINT('Ctrl Pts',(16.1015398362095,-18.3668240422818,-45.7909810965334));
#4422=CARTESIAN_POINT('Ctrl Pts',(16.4461475611928,-18.4462208430505,-44.4029320423971));
#4423=CARTESIAN_POINT('Ctrl Pts',(15.4667144975966,-18.5256176438193,-43.3607367964135));
#4424=CARTESIAN_POINT('Ctrl Pts',(14.0599304892117,-18.6050144445881,-43.6186581380392));
#4425=CARTESIAN_POINT('Ctrl Pts',(13.5139282481536,-18.6844112453568,-44.9404444610887));
#4426=CARTESIAN_POINT('Ctrl Pts',(14.3283891921079,-18.7638080461256,-46.1161069955347));
#4427=CARTESIAN_POINT('Ctrl Pts',(15.7580617025356,-18.8432048468943,-46.0688196435892));
#4428=CARTESIAN_POINT('Ctrl Pts',(16.4930716484514,-18.9226016476631,-44.8427077007554));
#4429=CARTESIAN_POINT('Ctrl Pts',(15.8622604006973,-19.0019984484319,-43.5587136730299));
#4430=CARTESIAN_POINT('Ctrl Pts',(14.4394959136411,-19.0813952492006,-43.3957735771298));
#4431=CARTESIAN_POINT('Ctrl Pts',(13.837482407233,-19.1343264497131,-44.1292587969707));
#4432=CARTESIAN_POINT('Ctrl Pts',(13.7581837210367,-19.1607920499694,-44.5422577848012));
#4433=CARTESIAN_POINT('Ctrl Pts',(15.8100210625481,-13.9464026500102,-43.6915580151805));
#4434=CARTESIAN_POINT('Ctrl Pts',(15.4477995892427,-13.9728682502665,-43.4221640365551));
#4435=CARTESIAN_POINT('Ctrl Pts',(14.439468493574,-14.025799450779,-43.2781113505064));
#4436=CARTESIAN_POINT('Ctrl Pts',(13.4314844303431,-14.1051962515477,-44.4386931717283));
#4437=CARTESIAN_POINT('Ctrl Pts',(13.8631872028916,-14.1845930523165,-45.9123701535697));
#4438=CARTESIAN_POINT('Ctrl Pts',(15.333978150221,-14.2639898530853,-46.3499077363086));
#4439=CARTESIAN_POINT('Ctrl Pts',(16.4998610170548,-14.343386653854,-45.3507135790515));
#4440=CARTESIAN_POINT('Ctrl Pts',(16.2920669350315,-14.4227834546228,-43.8296215982993));
#4441=CARTESIAN_POINT('Ctrl Pts',(14.9015056452136,-14.5021802553916,-43.1793119570007));
#4442=CARTESIAN_POINT('Ctrl Pts',(13.6010133612998,-14.5815770561603,-43.9951918989683));
#4443=CARTESIAN_POINT('Ctrl Pts',(13.5814568037118,-14.6609738569291,-45.5302610407277));
#4444=CARTESIAN_POINT('Ctrl Pts',(14.8606584816322,-14.7403706576978,-46.3790446022702));
#4445=CARTESIAN_POINT('Ctrl Pts',(16.267452063616,-14.8197674584666,-45.7644158381148));
#4446=CARTESIAN_POINT('Ctrl Pts',(16.5137884429439,-14.8991642592353,-44.2491147777817));
#4447=CARTESIAN_POINT('Ctrl Pts',(15.37413810598,-14.9785610600041,-43.2205166697049));
#4448=CARTESIAN_POINT('Ctrl Pts',(13.891933738395,-15.0579578607729,-43.620382533526));
#4449=CARTESIAN_POINT('Ctrl Pts',(13.424250597059,-15.1373546615416,-45.0826042868565));
#4450=CARTESIAN_POINT('Ctrl Pts',(14.3992874121895,-15.2167514623104,-46.2684049291121));
#4451=CARTESIAN_POINT('Ctrl Pts',(15.9243233054927,-15.2961482630791,-46.0920923536539));
#4452=CARTESIAN_POINT('Ctrl Pts',(16.6030697513823,-15.3755450638479,-44.7150943447233));
#4453=CARTESIAN_POINT('Ctrl Pts',(15.8140821015964,-15.4549418646167,-43.3981589748576));
#4454=CARTESIAN_POINT('Ctrl Pts',(14.2797394275224,-15.5343386653854,-43.3470423286291));
#4455=CARTESIAN_POINT('Ctrl Pts',(13.4048510411589,-15.6137354661542,-44.6085456454079));
#4456=CARTESIAN_POINT('Ctrl Pts',(13.9904448379874,-15.6931322669229,-46.0276651677453));
#4457=CARTESIAN_POINT('Ctrl Pts',(15.5003644612891,-15.7725290676917,-46.3050873238306));
#4458=CARTESIAN_POINT('Ctrl Pts',(16.5521618257559,-15.8519258684604,-45.1868106945475));
#4459=CARTESIAN_POINT('Ctrl Pts',(16.1828351790902,-15.9313226692292,-43.6967039383602));
#4460=CARTESIAN_POINT('Ctrl Pts',(14.7305316012382,-16.010719469998,-43.1990749245835));
#4461=CARTESIAN_POINT('Ctrl Pts',(13.5249472315358,-16.0901162707667,-44.1495414649498));
#4462=CARTESIAN_POINT('Ctrl Pts',(13.6698877103416,-16.1695130715355,-45.6778780033607));
#4463=CARTESIAN_POINT('Ctrl Pts',(15.03264883056,-16.2489098723043,-46.3847743510219));
#4464=CARTESIAN_POINT('Ctrl Pts',(16.3655174919559,-16.328306673073,-45.6230122828612));
#4465=CARTESIAN_POINT('Ctrl Pts',(16.4481494501326,-16.4077034738418,-44.090043830302));
#4466=CARTESIAN_POINT('Ctrl Pts',(15.2048887627473,-16.4871002746105,-43.1894200574303));
#4467=CARTESIAN_POINT('Ctrl Pts',(13.7740366504289,-16.5664970753793,-43.7457316155677));
#4468=CARTESIAN_POINT('Ctrl Pts',(13.4656487776797,-16.6458938761481,-45.2496322894824));
#4469=CARTESIAN_POINT('Ctrl Pts',(14.562078069794,-16.7252906769168,-46.3241848123713));
#4470=CARTESIAN_POINT('Ctrl Pts',(16.0594587935289,-16.8046874776856,-45.985553323571));
#4471=CARTESIAN_POINT('Ctrl Pts',(16.5868232002779,-16.8840842784543,-44.5437811156232));
#4472=CARTESIAN_POINT('Ctrl Pts',(15.6613284284591,-16.9634810792231,-43.3189220443935));
#4473=CARTESIAN_POINT('Ctrl Pts',(14.130336450729,-17.0428778799919,-43.4324292289813));
#4474=CARTESIAN_POINT('Ctrl Pts',(13.3955887155069,-17.1222746807606,-44.7803780719201));
#4475=CARTESIAN_POINT('Ctrl Pts',(14.1298035456224,-17.2016714815294,-46.1286172569354));
#4476=CARTESIAN_POINT('Ctrl Pts',(15.6607505335592,-17.2810682822981,-46.2427296385045));
#4477=CARTESIAN_POINT('Ctrl Pts',(16.5867294242324,-17.3604650830669,-45.0182365125352));
#4478=CARTESIAN_POINT('Ctrl Pts',(16.0599349930071,-17.4398618838357,-43.5762559506714));
#4479=CARTESIAN_POINT('Ctrl Pts',(14.5626882525179,-17.5192586846044,-43.2370325656695));
#4480=CARTESIAN_POINT('Ctrl Pts',(13.4658342639438,-17.5986554853732,-44.3111515910831));
#4481=CARTESIAN_POINT('Ctrl Pts',(13.7736276337303,-17.6780522861419,-45.8151740382006));
#4482=CARTESIAN_POINT('Ctrl Pts',(15.2042596885876,-17.7574490869107,-46.3720512042086));
#4483=CARTESIAN_POINT('Ctrl Pts',(16.4478763660414,-17.8368458876795,-45.4719189029959));
#4484=CARTESIAN_POINT('Ctrl Pts',(16.3658502649562,-17.9162426884482,-43.9389180312497));
#4485=CARTESIAN_POINT('Ctrl Pts',(15.0332831053859,-17.995639489217,-43.1766288854282));
#4486=CARTESIAN_POINT('Ctrl Pts',(13.6702421131165,-18.0750362899857,-43.8829869743111));
#4487=CARTESIAN_POINT('Ctrl Pts',(13.5246985676996,-18.1544330907545,-45.4112651017698));
#4488=CARTESIAN_POINT('Ctrl Pts',(14.7299049725315,-18.2338298915232,-46.3622101248808));
#4489=CARTESIAN_POINT('Ctrl Pts',(16.1824094351642,-18.313226692292,-45.8651512892586));
#4490=CARTESIAN_POINT('Ctrl Pts',(16.5523165542183,-18.3926234930608,-44.3751985415473));
#4491=CARTESIAN_POINT('Ctrl Pts',(15.5009783612662,-18.4720202938295,-43.2564904773202));
#4492=CARTESIAN_POINT('Ctrl Pts',(13.9909152316648,-18.5514170945983,-43.5333471276694));
#4493=CARTESIAN_POINT('Ctrl Pts',(13.404828207653,-18.630813895367,-44.9521724624414));
#4494=CARTESIAN_POINT('Ctrl Pts',(14.2790828442107,-18.7102106961358,-46.214146323062));
#4495=CARTESIAN_POINT('Ctrl Pts',(15.8137148364242,-18.7896074969045,-46.1633873677116));
#4496=CARTESIAN_POINT('Ctrl Pts',(16.602685575786,-18.8690042976733,-44.8472603527598));
#4497=CARTESIAN_POINT('Ctrl Pts',(15.9255632874363,-18.9484010984421,-43.4690018366407));
#4498=CARTESIAN_POINT('Ctrl Pts',(14.3983464714898,-19.0277978992108,-43.2940994851168));
#4499=CARTESIAN_POINT('Ctrl Pts',(13.7521361121664,-19.0807290997233,-44.0814335605597));
#4500=CARTESIAN_POINT('Ctrl Pts',(13.6670157087944,-19.1071946999796,-44.5247528905836));
#4501=CARTESIAN_POINT('Ctrl Pts',(15.8654215648,-13.8928053000205,-43.6170676659531));
#4502=CARTESIAN_POINT('Ctrl Pts',(15.4784263487845,-13.9192709002767,-43.3292487798997));
#4503=CARTESIAN_POINT('Ctrl Pts',(14.4011315472848,-13.9722021007892,-43.1753437674599));
#4504=CARTESIAN_POINT('Ctrl Pts',(13.3242075131282,-14.051598901558,-44.4153023168768));
#4505=CARTESIAN_POINT('Ctrl Pts',(13.7854361260879,-14.1309957023268,-45.9897698290332));
#4506=CARTESIAN_POINT('Ctrl Pts',(15.3568202165487,-14.2103925030955,-46.4572323176643));
#4507=CARTESIAN_POINT('Ctrl Pts',(16.6024423708121,-14.2897893038643,-45.3896993655162));
#4508=CARTESIAN_POINT('Ctrl Pts',(16.380436439122,-14.369186104633,-43.7645739572985));
#4509=CARTESIAN_POINT('Ctrl Pts',(14.8947692261179,-14.4485829054018,-43.0697870971635));
#4510=CARTESIAN_POINT('Ctrl Pts',(13.5053311904679,-14.5279797061705,-43.9414682581484));
#4511=CARTESIAN_POINT('Ctrl Pts',(13.4844370834475,-14.6073765069393,-45.58152678006));
#4512=CARTESIAN_POINT('Ctrl Pts',(14.851128365322,-14.686773307708,-46.4883619678033));
#4513=CARTESIAN_POINT('Ctrl Pts',(16.3541380604155,-14.7661701084768,-45.8316963394983));
#4514=CARTESIAN_POINT('Ctrl Pts',(16.6173223478089,-14.8455669092456,-44.2127579153874));
#4515=CARTESIAN_POINT('Ctrl Pts',(15.3997268686926,-14.9249637100143,-43.1138099612647));
#4516=CARTESIAN_POINT('Ctrl Pts',(13.8161487495427,-15.0043605107831,-43.5410242148387));
#4517=CARTESIAN_POINT('Ctrl Pts',(13.3164789297042,-15.0837573115519,-45.1032530306207));
#4518=CARTESIAN_POINT('Ctrl Pts',(14.3582023246514,-15.1631541123206,-46.370155214838));
#4519=CARTESIAN_POINT('Ctrl Pts',(15.9875413850187,-15.2425509130894,-46.1817839330279));
#4520=CARTESIAN_POINT('Ctrl Pts',(16.7127099539879,-15.3219477138581,-44.7106076467183));
#4521=CARTESIAN_POINT('Ctrl Pts',(15.869760354186,-15.4013445146269,-43.3036019181819));
#4522=CARTESIAN_POINT('Ctrl Pts',(14.2304779859249,-15.4807413153956,-43.2489892046707));
#4523=CARTESIAN_POINT('Ctrl Pts',(13.295752562331,-15.5601381161644,-44.5967716652912));
#4524=CARTESIAN_POINT('Ctrl Pts',(13.9213974083778,-15.6395349169332,-46.1129503199887));
#4525=CARTESIAN_POINT('Ctrl Pts',(15.5345863379392,-15.7189317177019,-46.4093464619459));
#4526=CARTESIAN_POINT('Ctrl Pts',(16.6583202362969,-15.7983285184707,-45.2145865219418));
#4527=CARTESIAN_POINT('Ctrl Pts',(16.2637338963365,-15.8777253192395,-43.6225655389378));
#4528=CARTESIAN_POINT('Ctrl Pts',(14.7121015988303,-15.9571221200082,-43.0909017313651));
#4529=CARTESIAN_POINT('Ctrl Pts',(13.4240626006991,-16.0365189207769,-44.1063743943966));
#4530=CARTESIAN_POINT('Ctrl Pts',(13.5789161255135,-16.1159157215457,-45.7392398438946));
#4531=CARTESIAN_POINT('Ctrl Pts',(15.0348818066311,-16.1953125223145,-46.4944835964733));
#4532=CARTESIAN_POINT('Ctrl Pts',(16.4589105667987,-16.2747093230832,-45.6806216422657));
#4533=CARTESIAN_POINT('Ctrl Pts',(16.5471940476552,-16.354106123852,-44.0428074839016));
#4534=CARTESIAN_POINT('Ctrl Pts',(15.2189019011744,-16.4335029246208,-43.0805865301005));
#4535=CARTESIAN_POINT('Ctrl Pts',(13.6901882187969,-16.5128997253895,-43.6749464106693));
#4536=CARTESIAN_POINT('Ctrl Pts',(13.3607084937489,-16.5922965261583,-45.2817047313634));
#4537=CARTESIAN_POINT('Ctrl Pts',(14.5321268717802,-16.671693326927,-46.4297501023918));
#4538=CARTESIAN_POINT('Ctrl Pts',(16.131919317411,-16.7510901276958,-46.0679582821498));
#4539=CARTESIAN_POINT('Ctrl Pts',(16.6953522377355,-16.8304869284646,-44.5275776361093));
#4540=CARTESIAN_POINT('Ctrl Pts',(15.706559260133,-16.9098837292333,-43.2189456642565));
#4541=CARTESIAN_POINT('Ctrl Pts',(14.0708567554388,-16.9892805300021,-43.340216048969));
#4542=CARTESIAN_POINT('Ctrl Pts',(13.2858567500154,-17.0686773307708,-44.7803563832532));
#4543=CARTESIAN_POINT('Ctrl Pts',(14.0702874028685,-17.1480741315396,-46.2208069172436));
#4544=CARTESIAN_POINT('Ctrl Pts',(15.7059418407415,-17.2274709323084,-46.342723890725));
#4545=CARTESIAN_POINT('Ctrl Pts',(16.6952520479797,-17.3068677330771,-45.0344828925596));
#4546=CARTESIAN_POINT('Ctrl Pts',(16.1324280860332,-17.3862645338459,-43.4938796424643));
#4547=CARTESIAN_POINT('Ctrl Pts',(14.5327787872861,-17.4656613346146,-43.1314554439253));
#4548=CARTESIAN_POINT('Ctrl Pts',(13.3609066661438,-17.5450581353834,-44.2790376688913));
#4549=CARTESIAN_POINT('Ctrl Pts',(13.6897512278472,-17.6244549361521,-45.8859260913335));
#4550=CARTESIAN_POINT('Ctrl Pts',(15.2182298021735,-17.7038517369209,-46.4808902639067));
#4551=CARTESIAN_POINT('Ctrl Pts',(16.5469022862754,-17.7832485376897,-45.5191943954327));
#4552=CARTESIAN_POINT('Ctrl Pts',(16.4592660994455,-17.8626453384584,-43.8813456006066));
#4553=CARTESIAN_POINT('Ctrl Pts',(15.035559461992,-17.9420421392272,-43.0669205198364));
#4554=CARTESIAN_POINT('Ctrl Pts',(13.5792947672799,-18.0214389399959,-43.8215892000145));
#4555=CARTESIAN_POINT('Ctrl Pts',(13.4237969297709,-18.1008357407647,-45.454392243607));
#4556=CARTESIAN_POINT('Ctrl Pts',(14.7114321125364,-18.1802325415335,-46.4703761146886));
#4557=CARTESIAN_POINT('Ctrl Pts',(16.2632790341188,-18.2596293423022,-45.9393214819838));
#4558=CARTESIAN_POINT('Ctrl Pts',(16.6584855472438,-18.339026143071,-44.3474650406974));
#4559=CARTESIAN_POINT('Ctrl Pts',(15.5352422249359,-18.4184229438398,-43.1522441582269));
#4560=CARTESIAN_POINT('Ctrl Pts',(13.9218999741178,-18.4978197446085,-43.4480361172997));
#4561=CARTESIAN_POINT('Ctrl Pts',(13.2957281671524,-18.5772165453773,-44.9639004637942));
#4562=CARTESIAN_POINT('Ctrl Pts',(14.2297764963136,-18.656613346146,-46.3121856505894));
#4563=CARTESIAN_POINT('Ctrl Pts',(15.8693679703128,-18.7360101469148,-46.2579550918339));
#4564=CARTESIAN_POINT('Ctrl Pts',(16.7122995031207,-18.8154069476836,-44.8518130047642));
#4565=CARTESIAN_POINT('Ctrl Pts',(15.9888661741753,-18.8948037484523,-43.3792900002514));
#4566=CARTESIAN_POINT('Ctrl Pts',(14.3571970293386,-18.9742005492211,-43.1924253931039));
#4567=CARTESIAN_POINT('Ctrl Pts',(13.6667898170997,-19.0271317497336,-44.0336083241487));
#4568=CARTESIAN_POINT('Ctrl Pts',(13.5758476965522,-19.0535973499898,-44.507247996366));
#4569=CARTESIAN_POINT('Ctrl Pts',(15.9208220670519,-13.8392079500307,-43.5425773167257));
#4570=CARTESIAN_POINT('Ctrl Pts',(15.5090531083264,-13.8656735502869,-43.2363335232443));
#4571=CARTESIAN_POINT('Ctrl Pts',(14.3627946009957,-13.9186047507995,-43.0725761844133));
#4572=CARTESIAN_POINT('Ctrl Pts',(13.2169305959132,-13.9980015515682,-44.3919114620254));
#4573=CARTESIAN_POINT('Ctrl Pts',(13.7076850492843,-14.077398352337,-46.0671695044967));
#4574=CARTESIAN_POINT('Ctrl Pts',(15.3796622828765,-14.1567951531057,-46.56455689902));
#4575=CARTESIAN_POINT('Ctrl Pts',(16.7050237245695,-14.2361919538745,-45.4286851519809));
#4576=CARTESIAN_POINT('Ctrl Pts',(16.4688059432125,-14.3155887546432,-43.6995263162977));
#4577=CARTESIAN_POINT('Ctrl Pts',(14.8880328070221,-14.394985555412,-42.9602622373264));
#4578=CARTESIAN_POINT('Ctrl Pts',(13.4096490196359,-14.4743823561808,-43.8877446173284));
#4579=CARTESIAN_POINT('Ctrl Pts',(13.3874173631832,-14.5537791569495,-45.6327925193923));
#4580=CARTESIAN_POINT('Ctrl Pts',(14.8415982490117,-14.6331759577183,-46.5976793333363));
#4581=CARTESIAN_POINT('Ctrl Pts',(16.4408240572149,-14.712572758487,-45.8989768408818));
#4582=CARTESIAN_POINT('Ctrl Pts',(16.7208562526738,-14.7919695592558,-44.1764010529931));
#4583=CARTESIAN_POINT('Ctrl Pts',(15.4253156314051,-14.8713663600246,-43.0071032528245));
#4584=CARTESIAN_POINT('Ctrl Pts',(13.7403637606903,-14.9507631607933,-43.4616658961514));
#4585=CARTESIAN_POINT('Ctrl Pts',(13.2087072623493,-15.0301599615621,-45.123901774385));
#4586=CARTESIAN_POINT('Ctrl Pts',(14.3171172371133,-15.1095567623308,-46.471905500564));
#4587=CARTESIAN_POINT('Ctrl Pts',(16.0507594645447,-15.1889535630996,-46.2714755124019));
#4588=CARTESIAN_POINT('Ctrl Pts',(16.8223501565935,-15.2683503638684,-44.7061209487133));
#4589=CARTESIAN_POINT('Ctrl Pts',(15.9254386067756,-15.3477471646371,-43.2090448615061));
#4590=CARTESIAN_POINT('Ctrl Pts',(14.1812165443275,-15.4271439654059,-43.1509360807125));
#4591=CARTESIAN_POINT('Ctrl Pts',(13.1866540835032,-15.5065407661746,-44.5849976851744));
#4592=CARTESIAN_POINT('Ctrl Pts',(13.8523499787682,-15.5859375669434,-46.1982354722323));
#4593=CARTESIAN_POINT('Ctrl Pts',(15.5688082145893,-15.6653343677122,-46.5136056000611));
#4594=CARTESIAN_POINT('Ctrl Pts',(16.764478646838,-15.7447311684809,-45.2423623493363));
#4595=CARTESIAN_POINT('Ctrl Pts',(16.3446326135828,-15.8241279692497,-43.5484271395153));
#4596=CARTESIAN_POINT('Ctrl Pts',(14.6936715964224,-15.9035247700184,-42.9827285381468));
#4597=CARTESIAN_POINT('Ctrl Pts',(13.3231779698623,-15.9829215707872,-44.0632073238433));
#4598=CARTESIAN_POINT('Ctrl Pts',(13.4879445406855,-16.062318371556,-45.8006016844286));
#4599=CARTESIAN_POINT('Ctrl Pts',(15.0371147827021,-16.1417151723247,-46.6041928419247));
#4600=CARTESIAN_POINT('Ctrl Pts',(16.5523036416415,-16.2211119730935,-45.7382310016702));
#4601=CARTESIAN_POINT('Ctrl Pts',(16.6462386451778,-16.3005087738622,-43.9955711375013));
#4602=CARTESIAN_POINT('Ctrl Pts',(15.2329150396015,-16.379905574631,-42.9717530027706));
#4603=CARTESIAN_POINT('Ctrl Pts',(13.6063397871649,-16.4593023753997,-43.604161205771));
#4604=CARTESIAN_POINT('Ctrl Pts',(13.2557682098182,-16.5386991761685,-45.3137771732443));
#4605=CARTESIAN_POINT('Ctrl Pts',(14.5021756737664,-16.6180959769373,-46.5353153924125));
#4606=CARTESIAN_POINT('Ctrl Pts',(16.2043798412931,-16.697492777706,-46.1503632407286));
#4607=CARTESIAN_POINT('Ctrl Pts',(16.8038812751932,-16.7768895784748,-44.5113741565955));
#4608=CARTESIAN_POINT('Ctrl Pts',(15.7517900918069,-16.8562863792435,-43.1189692841194));
#4609=CARTESIAN_POINT('Ctrl Pts',(14.0113770601485,-16.9356831800123,-43.2480028689566));
#4610=CARTESIAN_POINT('Ctrl Pts',(13.176124784524,-17.0150799807811,-44.7803346945863));
#4611=CARTESIAN_POINT('Ctrl Pts',(14.0107712601146,-17.0944767815498,-46.3129965775518));
#4612=CARTESIAN_POINT('Ctrl Pts',(15.7511331479238,-17.1738735823186,-46.4427181429456));
#4613=CARTESIAN_POINT('Ctrl Pts',(16.8037746717269,-17.2532703830874,-45.0507292725841));
#4614=CARTESIAN_POINT('Ctrl Pts',(16.2049211790594,-17.3326671838561,-43.4115033342571));
#4615=CARTESIAN_POINT('Ctrl Pts',(14.5028693220544,-17.4120639846249,-43.025878322181));
#4616=CARTESIAN_POINT('Ctrl Pts',(13.2559790683438,-17.4914607853936,-44.2469237466996));
#4617=CARTESIAN_POINT('Ctrl Pts',(13.6058748219641,-17.5708575861624,-45.9566781444665));
#4618=CARTESIAN_POINT('Ctrl Pts',(15.2321999157594,-17.6502543869312,-46.5897293236047));
#4619=CARTESIAN_POINT('Ctrl Pts',(16.6459282065094,-17.7296511876999,-45.5664698878696));
#4620=CARTESIAN_POINT('Ctrl Pts',(16.5526819339348,-17.8090479884687,-43.8237731699636));
#4621=CARTESIAN_POINT('Ctrl Pts',(15.0378358185982,-17.8884447892374,-42.9572121542446));
#4622=CARTESIAN_POINT('Ctrl Pts',(13.4883474214432,-17.9678415900062,-43.7601914257178));
#4623=CARTESIAN_POINT('Ctrl Pts',(13.3228952918423,-18.0472383907749,-45.4975193854443));
#4624=CARTESIAN_POINT('Ctrl Pts',(14.6929592525414,-18.1266351915437,-46.5785421044965));
#4625=CARTESIAN_POINT('Ctrl Pts',(16.3441486330735,-18.2060319923124,-46.013491674709));
#4626=CARTESIAN_POINT('Ctrl Pts',(16.7646545402693,-18.2854287930812,-44.3197315398475));
#4627=CARTESIAN_POINT('Ctrl Pts',(15.5695060886055,-18.36482559385,-43.0479978391337));
#4628=CARTESIAN_POINT('Ctrl Pts',(13.8528847165709,-18.4442223946187,-43.3627251069299));
#4629=CARTESIAN_POINT('Ctrl Pts',(13.1866281266518,-18.5236191953875,-44.975628465147));
#4630=CARTESIAN_POINT('Ctrl Pts',(14.1804701484165,-18.6030159961563,-46.4102249781167));
#4631=CARTESIAN_POINT('Ctrl Pts',(15.9250211042014,-18.682412796925,-46.3525228159562));
#4632=CARTESIAN_POINT('Ctrl Pts',(16.8219134304553,-18.7618095976938,-44.8563656567687));
#4633=CARTESIAN_POINT('Ctrl Pts',(16.0521690609143,-18.8412063984625,-43.2895781638621));
#4634=CARTESIAN_POINT('Ctrl Pts',(14.3160475871873,-18.9206031992313,-43.090751301091));
#4635=CARTESIAN_POINT('Ctrl Pts',(13.581443522033,-18.9735343997438,-43.9857830877376));
#4636=CARTESIAN_POINT('Ctrl Pts',(13.4846796843099,-19.0000000000001,-44.4897431021485));
#4637=CARTESIAN_POINT('Ctrl Pts',(13.4846796843099,-19.0000000000001,-44.4897431021485));
#4638=CARTESIAN_POINT('Ctrl Pts',(13.5016646313973,-19.0000000000001,-44.430405780823));
#4639=CARTESIAN_POINT('Ctrl Pts',(13.5224616560778,-19.0000000000001,-44.3723197281534));
#4640=CARTESIAN_POINT('Ctrl Pts',(13.5468005732972,-19.0000000000001,-44.315725087193));
#4641=CARTESIAN_POINT('Ctrl Pts',(13.570157341805,-19.0000000000001,-44.2614142106748));
#4642=CARTESIAN_POINT('Ctrl Pts',(13.5967770063685,-19.0000000000001,-44.2084763061535));
#4643=CARTESIAN_POINT('Ctrl Pts',(13.6264579915998,-19.0000000000001,-44.1571534568522));
#4644=CARTESIAN_POINT('Ctrl Pts',(13.6336516679039,-19.0000000000001,-44.1447145178482));
#4645=CARTESIAN_POINT('Ctrl Pts',(13.6410216526216,-19.0000000000001,-44.1323770631756));
#4646=CARTESIAN_POINT('Ctrl Pts',(13.6485608944933,-19.0000000000001,-44.1201504672225));
#4647=CARTESIAN_POINT('Ctrl Pts',(13.680148533175,-19.0000000000001,-44.0689239245751));
#4648=CARTESIAN_POINT('Ctrl Pts',(13.7147245019509,-19.0000000000001,-44.0196057491726));
#4649=CARTESIAN_POINT('Ctrl Pts',(13.7520612330274,-19.0000000000001,-43.9724434697515));
#4650=CARTESIAN_POINT('Ctrl Pts',(13.7761013964359,-19.0000000000001,-43.9420768878009));
#4651=CARTESIAN_POINT('Ctrl Pts',(13.8012868962043,-19.0000000000001,-43.9126047919419));
#4652=CARTESIAN_POINT('Ctrl Pts',(13.8275634034545,-19.0000000000001,-43.8841027753764));
#4653=CARTESIAN_POINT('Ctrl Pts',(13.8384793178932,-19.0000000000001,-43.872262329034));
#4654=CARTESIAN_POINT('Ctrl Pts',(13.8495876281411,-19.0000000000001,-43.8605854831284));
#4655=CARTESIAN_POINT('Ctrl Pts',(13.8608617620417,-19.0000000000001,-43.8491007000178));
#4656=CARTESIAN_POINT('Ctrl Pts',(13.9035220231347,-19.0000000000001,-43.8056433621491));
#4657=CARTESIAN_POINT('Ctrl Pts',(13.9486017028119,-19.0000000000001,-43.7648764323492));
#4658=CARTESIAN_POINT('Ctrl Pts',(13.9958612183134,-19.0000000000001,-43.7270529885061));
#4659=CARTESIAN_POINT('Ctrl Pts',(14.0403701063058,-19.0000000000001,-43.6914309681015));
#4660=CARTESIAN_POINT('Ctrl Pts',(14.0868135370445,-19.0000000000001,-43.6584195704399));
#4661=CARTESIAN_POINT('Ctrl Pts',(14.1350133054489,-19.0000000000001,-43.6282749736765));
#4662=CARTESIAN_POINT('Ctrl Pts',(14.1620335763699,-19.0000000000001,-43.6113762374727));
#4663=CARTESIAN_POINT('Ctrl Pts',(14.189606107175,-19.0000000000001,-43.5953792567801));
#4664=CARTESIAN_POINT('Ctrl Pts',(14.2177010447003,-19.0000000000001,-43.5803362235054));
#4665=CARTESIAN_POINT('Ctrl Pts',(14.2425027793489,-19.0000000000001,-43.5670564887043));
#4666=CARTESIAN_POINT('Ctrl Pts',(14.2677116604726,-19.0000000000001,-43.5545202306511));
#4667=CARTESIAN_POINT('Ctrl Pts',(14.2933073889768,-19.0000000000001,-43.5427670225353));
#4668=CARTESIAN_POINT('Ctrl Pts',(14.3021717722519,-19.0000000000001,-43.5386966190916));
#4669=CARTESIAN_POINT('Ctrl Pts',(14.3110786593051,-19.0000000000001,-43.5347220179688));
#4670=CARTESIAN_POINT('Ctrl Pts',(14.3200197262974,-19.0000000000001,-43.5308477125087));
#4671=CARTESIAN_POINT('Ctrl Pts',(14.3700256133714,-19.0000000000001,-43.5091793723096));
#4672=CARTESIAN_POINT('Ctrl Pts',(14.4211688037827,-19.0000000000001,-43.490612508279));
#4673=CARTESIAN_POINT('Ctrl Pts',(14.4732864562382,-19.0000000000001,-43.4753669319675));
#4674=CARTESIAN_POINT('Ctrl Pts',(14.5275298322577,-19.0000000000001,-43.4594995340796));
#4675=CARTESIAN_POINT('Ctrl Pts',(14.5828298730221,-19.0000000000001,-43.4472297504208));
#4676=CARTESIAN_POINT('Ctrl Pts',(14.6388440184888,-19.0000000000001,-43.4384894832409));
#4677=CARTESIAN_POINT('Ctrl Pts',(14.6868734939489,-19.0000000000001,-43.4309951182991));
#4678=CARTESIAN_POINT('Ctrl Pts',(14.7354285288684,-19.0000000000001,-43.4260967772351));
#4679=CARTESIAN_POINT('Ctrl Pts',(14.7842863733443,-19.0000000000001,-43.4237812972128));
#4680=CARTESIAN_POINT('Ctrl Pts',(14.7946169032842,-19.0000000000001,-43.4232917108229));
#4681=CARTESIAN_POINT('Ctrl Pts',(14.804960929736,-19.0000000000001,-43.4229176889994));
#4682=CARTESIAN_POINT('Ctrl Pts',(14.8153162717745,-19.0000000000001,-43.4226592532493));
#4683=CARTESIAN_POINT('Ctrl Pts',(14.8251298265221,-19.0000000000001,-43.4224143387528));
#4684=CARTESIAN_POINT('Ctrl Pts',(14.8349487583552,-19.0000000000001,-43.4222734074506));
#4685=CARTESIAN_POINT('Ctrl Pts',(14.8447632395787,-19.0000000000001,-43.4222360773504));
#4686=CARTESIAN_POINT('Ctrl Pts',(14.90027761139,-19.0000000000001,-43.4220249243599));
#4687=CARTESIAN_POINT('Ctrl Pts',(14.9557284432436,-19.0000000000001,-43.4251220994416));
#4688=CARTESIAN_POINT('Ctrl Pts',(15.0107942101771,-19.0000000000001,-43.4314506944799));
#4689=CARTESIAN_POINT('Ctrl Pts',(15.0655294570532,-19.0000000000001,-43.4377413035296));
#4690=CARTESIAN_POINT('Ctrl Pts',(15.1198853704178,-19.0000000000001,-43.4472250861954));
#4691=CARTESIAN_POINT('Ctrl Pts',(15.1735289999281,-19.0000000000001,-43.4598744329414));
#4692=CARTESIAN_POINT('Ctrl Pts',(15.2011684486289,-19.0000000000001,-43.4663919071257));
#4693=CARTESIAN_POINT('Ctrl Pts',(15.2286184202846,-19.0000000000001,-43.4737504981758));
#4694=CARTESIAN_POINT('Ctrl Pts',(15.2558301125026,-19.0000000000001,-43.4819508888622));
#4695=CARTESIAN_POINT('Ctrl Pts',(15.2732261275125,-19.0000000000001,-43.4871932721114));
#4696=CARTESIAN_POINT('Ctrl Pts',(15.2905247114858,-19.0000000000001,-43.4927797454069));
#4697=CARTESIAN_POINT('Ctrl Pts',(15.307712489047,-19.0000000000001,-43.4987110873649));
#4698=CARTESIAN_POINT('Ctrl Pts',(15.3172244667304,-19.0000000000001,-43.5019935822736));
#4699=CARTESIAN_POINT('Ctrl Pts',(15.3267048642764,-19.0000000000001,-43.5053825884102));
#4700=CARTESIAN_POINT('Ctrl Pts',(15.3361436077656,-19.0000000000001,-43.5088754184384));
#4701=CARTESIAN_POINT('Ctrl Pts',(15.3861251996074,-19.0000000000001,-43.5273712282933));
#4702=CARTESIAN_POINT('Ctrl Pts',(15.4347943730303,-19.0000000000001,-43.5487187664311));
#4703=CARTESIAN_POINT('Ctrl Pts',(15.4818535396427,-19.0000000000001,-43.5728766159421));
#4704=CARTESIAN_POINT('Ctrl Pts',(15.5272382441064,-19.0000000000001,-43.5961748793721));
#4705=CARTESIAN_POINT('Ctrl Pts',(15.5711261744583,-19.0000000000001,-43.6220875753246));
#4706=CARTESIAN_POINT('Ctrl Pts',(15.6132199678066,-19.0000000000001,-43.6506134150114));
#4707=CARTESIAN_POINT('Ctrl Pts',(15.654757427499,-19.0000000000001,-43.678762242236));
#4708=CARTESIAN_POINT('Ctrl Pts',(15.6945485452888,-19.0000000000001,-43.7094559543116));
#4709=CARTESIAN_POINT('Ctrl Pts',(15.7322672138811,-19.0000000000001,-43.7427224279662));
#4710=CARTESIAN_POINT('Ctrl Pts',(15.7402244864743,-19.0000000000001,-43.7497404487226));
#4711=CARTESIAN_POINT('Ctrl Pts',(15.7480893558284,-19.0000000000001,-43.7568730684012));
#4712=CARTESIAN_POINT('Ctrl Pts',(15.7558604494913,-19.0000000000001,-43.7641179307072));
#4713=CARTESIAN_POINT('Ctrl Pts',(15.7546205602962,-14.,-43.7660483644078));
#4714=CARTESIAN_POINT('Ctrl Pts',(15.717640545634,-14.,-43.7317325588031));
#4715=CARTESIAN_POINT('Ctrl Pts',(15.6785971526475,-14.,-43.6999525757));
#4716=CARTESIAN_POINT('Ctrl Pts',(15.6378097476541,-14.,-43.6706857213864));
#4717=CARTESIAN_POINT('Ctrl Pts',(15.5951825371349,-14.,-43.6400987212998));
#4718=CARTESIAN_POINT('Ctrl Pts',(15.5506499327455,-14.,-43.6122560999956));
#4719=CARTESIAN_POINT('Ctrl Pts',(15.5045288825028,-14.,-43.5871635781305));
#4720=CARTESIAN_POINT('Ctrl Pts',(15.4669653276442,-14.,-43.5667268292565));
#4721=CARTESIAN_POINT('Ctrl Pts',(15.4283469703989,-14.,-43.5481148344365));
#4722=CARTESIAN_POINT('Ctrl Pts',(15.3888274132853,-14.,-43.5313491615025));
#4723=CARTESIAN_POINT('Ctrl Pts',(15.3700754637069,-14.,-43.5233938837497));
#4724=CARTESIAN_POINT('Ctrl Pts',(15.351120416102,-14.,-43.5158545585675));
#4725=CARTESIAN_POINT('Ctrl Pts',(15.3319777932837,-14.,-43.5087349498082));
#4726=CARTESIAN_POINT('Ctrl Pts',(15.3225862373802,-14.,-43.5052420008895));
#4727=CARTESIAN_POINT('Ctrl Pts',(15.3131578475498,-14.,-43.5018532149936));
#4728=CARTESIAN_POINT('Ctrl Pts',(15.3036980951876,-14.,-43.4985696966087));
#4729=CARTESIAN_POINT('Ctrl Pts',(15.2522031766363,-14.,-43.4806956016729));
#4730=CARTESIAN_POINT('Ctrl Pts',(15.1997506550932,-14.,-43.4659261530494));
#4731=CARTESIAN_POINT('Ctrl Pts',(15.1466729308038,-14.,-43.4542651570954));
#4732=CARTESIAN_POINT('Ctrl Pts',(15.0927817008741,-14.,-43.4424254367122));
#4733=CARTESIAN_POINT('Ctrl Pts',(15.0382449751968,-14.,-43.433789682028));
#4734=CARTESIAN_POINT('Ctrl Pts',(14.9833800874227,-14.,-43.428405099795));
#4735=CARTESIAN_POINT('Ctrl Pts',(14.9435226680736,-14.,-43.4244933893953));
#4736=CARTESIAN_POINT('Ctrl Pts',(14.9034913549984,-14.,-43.422298368286));
#4737=CARTESIAN_POINT('Ctrl Pts',(14.8634025813639,-14.,-43.4218544081855));
#4738=CARTESIAN_POINT('Ctrl Pts',(14.8512148722154,-14.,-43.4217194363197));
#4739=CARTESIAN_POINT('Ctrl Pts',(14.8390218370542,-14.,-43.4217464113514));
#4740=CARTESIAN_POINT('Ctrl Pts',(14.8268267235427,-14.,-43.4219365715529));
#4741=CARTESIAN_POINT('Ctrl Pts',(14.8170624656929,-14.,-43.422088827064));
#4742=CARTESIAN_POINT('Ctrl Pts',(14.8072989741549,-14.,-43.4223457482521));
#4743=CARTESIAN_POINT('Ctrl Pts',(14.7975493853962,-14.,-43.4227072238856));
#4744=CARTESIAN_POINT('Ctrl Pts',(14.7407393161184,-14.,-43.4248135133191));
#4745=CARTESIAN_POINT('Ctrl Pts',(14.6842950766958,-14.,-43.4304671183849));
#4746=CARTESIAN_POINT('Ctrl Pts',(14.6285533220856,-14.,-43.4397007536176));
#4747=CARTESIAN_POINT('Ctrl Pts',(14.5879101199818,-14.,-43.4464333099488));
#4748=CARTESIAN_POINT('Ctrl Pts',(14.5476397215763,-14.,-43.4550700573803));
#4749=CARTESIAN_POINT('Ctrl Pts',(14.5078684225663,-14.,-43.4656406566065));
#4750=CARTESIAN_POINT('Ctrl Pts',(14.4547020019131,-14.,-43.4797714730245));
#4751=CARTESIAN_POINT('Ctrl Pts',(14.4024266792609,-14.,-43.4973560620768));
#4752=CARTESIAN_POINT('Ctrl Pts',(14.3512273872079,-14.,-43.5181535615921));
#4753=CARTESIAN_POINT('Ctrl Pts',(14.3365173645987,-14.,-43.5241288724962));
#4754=CARTESIAN_POINT('Ctrl Pts',(14.3218962266495,-14.,-43.5303697210404));
#4755=CARTESIAN_POINT('Ctrl Pts',(14.3073685510994,-14.,-43.5368711478577));
#4756=CARTESIAN_POINT('Ctrl Pts',(14.2980911440245,-14.,-43.5410229740011));
#4757=CARTESIAN_POINT('Ctrl Pts',(14.2888519439685,-14.,-43.5452811491546));
#4758=CARTESIAN_POINT('Ctrl Pts',(14.2796650606915,-14.,-43.5496379806196));
#4759=CARTESIAN_POINT('Ctrl Pts',(14.228468167993,-14.,-43.5739178398814));
#4760=CARTESIAN_POINT('Ctrl Pts',(14.1787940470769,-14.,-43.6013017951214));
#4761=CARTESIAN_POINT('Ctrl Pts',(14.130827191344,-14.,-43.6314877725793));
#4762=CARTESIAN_POINT('Ctrl Pts',(14.0817046424146,-14.,-43.6624010382501));
#4763=CARTESIAN_POINT('Ctrl Pts',(14.0343717516146,-14.,-43.6962533868813));
#4764=CARTESIAN_POINT('Ctrl Pts',(13.9890362941294,-14.,-43.7327754345132));
#4765=CARTESIAN_POINT('Ctrl Pts',(13.9603241515352,-14.,-43.7559058118735));
#4766=CARTESIAN_POINT('Ctrl Pts',(13.9324134167592,-14.,-43.780108097385));
#4767=CARTESIAN_POINT('Ctrl Pts',(13.9053612773371,-14.,-43.805323618917));
#4768=CARTESIAN_POINT('Ctrl Pts',(13.8843977785357,-14.,-43.8248638684759));
#4769=CARTESIAN_POINT('Ctrl Pts',(13.8639499392081,-14.,-43.8450127396342));
#4770=CARTESIAN_POINT('Ctrl Pts',(13.8440464081815,-14.,-43.8657455908609));
#4771=CARTESIAN_POINT('Ctrl Pts',(13.8362406004911,-14.,-43.8738766430513));
#4772=CARTESIAN_POINT('Ctrl Pts',(13.8285247313521,-14.,-43.8820911083368));
#4773=CARTESIAN_POINT('Ctrl Pts',(13.8209018601982,-14.,-43.8903852935577));
#4774=CARTESIAN_POINT('Ctrl Pts',(13.783772684456,-14.,-43.9307842789906));
#4775=CARTESIAN_POINT('Ctrl Pts',(13.748835679068,-14.,-43.9730853436113));
#4776=CARTESIAN_POINT('Ctrl Pts',(13.7162625320275,-14.,-44.0170804850724));
#4777=CARTESIAN_POINT('Ctrl Pts',(13.6915912311699,-14.,-44.0504029445175));
#4778=CARTESIAN_POINT('Ctrl Pts',(13.6682762165157,-14.,-44.0846980096423));
#4779=CARTESIAN_POINT('Ctrl Pts',(13.6464001772592,-14.,-44.1198861396045));
#4780=CARTESIAN_POINT('Ctrl Pts',(13.638931135366,-14.,-44.1319002713106));
#4781=CARTESIAN_POINT('Ctrl Pts',(13.6316290829431,-14.,-44.1440199989179));
#4782=CARTESIAN_POINT('Ctrl Pts',(13.6245001358384,-14.,-44.1562379211031));
#4783=CARTESIAN_POINT('Ctrl Pts',(13.5937858117116,-14.,-44.2088775629243));
#4784=CARTESIAN_POINT('Ctrl Pts',(13.5663612183349,-14.,-44.2631995536323));
#4785=CARTESIAN_POINT('Ctrl Pts',(13.5424664480221,-14.,-44.3189388292674));
#4786=CARTESIAN_POINT('Ctrl Pts',(13.5238113969107,-14.,-44.3624554239981));
#4787=CARTESIAN_POINT('Ctrl Pts',(13.5073082364312,-14.,-44.4068368682857));
#4788=CARTESIAN_POINT('Ctrl Pts',(13.4930883966565,-14.,-44.4519710082688));
#4789=CARTESIAN_POINT('Ctrl Pts',(13.4892139973802,-14.,-44.4642684519853));
#4790=CARTESIAN_POINT('Ctrl Pts',(13.4855092061448,-14.,-44.4766218311944));
#4791=CARTESIAN_POINT('Ctrl Pts',(13.4819728858354,-14.,-44.489028134248));
#4792=CARTESIAN_POINT('Ctrl Pts',(15.0894440598639,-14.8065803263808,-46.0429818286167));
#4793=CARTESIAN_POINT('Ctrl Pts',(15.0229970721418,-14.8023762201498,-46.0483235816201));
#4794=CARTESIAN_POINT('Ctrl Pts',(14.9562483317883,-14.7981721139188,-46.0482819176315));
#4795=CARTESIAN_POINT('Ctrl Pts',(14.8899994970938,-14.7939680076878,-46.0425065975122));
#4796=CARTESIAN_POINT('Ctrl Pts',(14.4729512399538,-14.7675024074315,-46.0061499249562));
#4797=CARTESIAN_POINT('Ctrl Pts',(14.0757138819651,-14.7410368071753,-45.7425726131757));
#4798=CARTESIAN_POINT('Ctrl Pts',(13.88013170433,-14.714571206919,-45.372437330351));
#4799=CARTESIAN_POINT('Ctrl Pts',(13.684549526695,-14.6881056066628,-45.0023020475263));
#4800=CARTESIAN_POINT('Ctrl Pts',(13.6906225294136,-14.6616400064065,-44.5256087936574));
#4801=CARTESIAN_POINT('Ctrl Pts',(13.8955834528024,-14.6351744061503,-44.1605823795645));
#4802=CARTESIAN_POINT('Ctrl Pts',(14.1005443761912,-14.608708805894,-43.7955559654717));
#4803=CARTESIAN_POINT('Ctrl Pts',(14.5043932202503,-14.5822432056378,-43.542196391155));
#4804=CARTESIAN_POINT('Ctrl Pts',(14.9222268700517,-14.5557776053815,-43.5164886744069));
#4805=CARTESIAN_POINT('Ctrl Pts',(15.3400605198532,-14.5293120051253,-43.4907809576589));
#4806=CARTESIAN_POINT('Ctrl Pts',(15.7718789753969,-14.502846404869,-43.6927250984796));
#4807=CARTESIAN_POINT('Ctrl Pts',(16.0200519085616,-14.4763808046128,-44.0298735944377));
#4808=CARTESIAN_POINT('Ctrl Pts',(16.2682248417262,-14.4499152043565,-44.3670220903958));
#4809=CARTESIAN_POINT('Ctrl Pts',(16.3327522525116,-14.4234496041002,-44.8393749414912));
#4810=CARTESIAN_POINT('Ctrl Pts',(16.1839920280037,-14.396984003844,-45.2306939274332));
#4811=CARTESIAN_POINT('Ctrl Pts',(16.0352318034957,-14.3705184035877,-45.6220129133752));
#4812=CARTESIAN_POINT('Ctrl Pts',(15.6731839436944,-14.3440528033315,-45.9322980341639));
#4813=CARTESIAN_POINT('Ctrl Pts',(15.2637937130942,-14.3175872030752,-46.0195051484171));
#4814=CARTESIAN_POINT('Ctrl Pts',(15.2070394390617,-14.3139182441771,-46.0315947785303));
#4815=CARTESIAN_POINT('Ctrl Pts',(15.1493753100027,-14.3102492852789,-46.0393971572417));
#4816=CARTESIAN_POINT('Ctrl Pts',(15.0913573100807,-14.3065803263808,-46.0430780015294));
#4817=CARTESIAN_POINT('Ctrl Pts',(13.5416463712057,-14.,-45.2847323632011));
#4818=CARTESIAN_POINT('Ctrl Pts',(13.7092773123351,-14.0264656002562,-45.7697465939118));
#4819=CARTESIAN_POINT('Ctrl Pts',(14.5639940520263,-14.0793968007687,-46.5508917339539));
#4820=CARTESIAN_POINT('Ctrl Pts',(16.2540247554652,-14.1587936015375,-46.1065572294059));
#4821=CARTESIAN_POINT('Ctrl Pts',(16.7925104904965,-14.2381904023063,-44.4460252638711));
#4822=CARTESIAN_POINT('Ctrl Pts',(15.6914551246276,-14.317587203075,-43.0930352222027));
#4823=CARTESIAN_POINT('Ctrl Pts',(13.9565014268174,-14.3969840038438,-43.2846646172686));
#4824=CARTESIAN_POINT('Ctrl Pts',(13.1773610626749,-14.4763808046125,-44.8463081552429));
#4825=CARTESIAN_POINT('Ctrl Pts',(14.0667821400551,-14.5557776053813,-46.3477362706606));
#4826=CARTESIAN_POINT('Ctrl Pts',(15.8107393324683,-14.6351744061501,-46.4144882354113));
#4827=CARTESIAN_POINT('Ctrl Pts',(16.8123504504941,-14.7145712069188,-44.9853408059363));
#4828=CARTESIAN_POINT('Ctrl Pts',(16.1546406610503,-14.7939680076876,-43.3688423606098));
#4829=CARTESIAN_POINT('Ctrl Pts',(14.439755216715,-14.8733648084563,-43.044995308493));
#4830=CARTESIAN_POINT('Ctrl Pts',(13.2378237377583,-14.9527616092251,-44.3103200948727));
#4831=CARTESIAN_POINT('Ctrl Pts',(13.649297586294,-15.0321584099938,-46.0063073691736));
#4832=CARTESIAN_POINT('Ctrl Pts',(15.2974455625308,-15.1115552107626,-46.5801531211081));
#4833=CARTESIAN_POINT('Ctrl Pts',(16.6732583914064,-15.1909520115314,-45.5064555309956));
#4834=CARTESIAN_POINT('Ctrl Pts',(16.5170743573564,-15.2703488123001,-43.7682685525273));
#4835=CARTESIAN_POINT('Ctrl Pts',(14.9718913933035,-15.3497456130689,-42.9570362403738));
#4836=CARTESIAN_POINT('Ctrl Pts',(13.452444202199,-15.4291424138376,-43.8155046704008));
#4837=CARTESIAN_POINT('Ctrl Pts',(13.3499039331807,-15.5085392146064,-45.5576795576558));
#4838=CARTESIAN_POINT('Ctrl Pts',(14.7581542032721,-15.5879360153752,-46.5884652363573));
#4839=CARTESIAN_POINT('Ctrl Pts',(16.3878330418057,-15.6673328161439,-45.9640977464102));
#4840=CARTESIAN_POINT('Ctrl Pts',(16.7468435735342,-15.7467296169127,-44.256233780516));
#4841=CARTESIAN_POINT('Ctrl Pts',(15.5064839076661,-15.8261264176815,-43.0285547518548));
#4842=CARTESIAN_POINT('Ctrl Pts',(13.8023991603938,-15.9055232184502,-43.4050956719512));
#4843=CARTESIAN_POINT('Ctrl Pts',(13.1948105825505,-15.984920019219,-45.0411042330839));
#4844=CARTESIAN_POINT('Ctrl Pts',(14.2400124641016,-16.0643168199877,-46.4386881911645));
#4845=CARTESIAN_POINT('Ctrl Pts',(15.9810417236886,-16.1437136207565,-46.3182514469428));
#4846=CARTESIAN_POINT('Ctrl Pts',(16.8238515527557,-16.2231104215252,-44.7900631455888));
#4847=CARTESIAN_POINT('Ctrl Pts',(15.9967844324066,-16.302507222294,-43.2532977533102));
#4848=CARTESIAN_POINT('Ctrl Pts',(14.2570842152584,-16.3819040230628,-43.1149827259317));
#4849=CARTESIAN_POINT('Ctrl Pts',(13.1975808690962,-16.4613008238315,-44.5017561579885));
#4850=CARTESIAN_POINT('Ctrl Pts',(13.788331570542,-16.5406976246003,-46.143919822529));
#4851=CARTESIAN_POINT('Ctrl Pts',(15.4884584076866,-16.620094425369,-46.5379460018564));
#4852=CARTESIAN_POINT('Ctrl Pts',(16.7413638997708,-16.6994912261378,-45.3230732841198));
#4853=CARTESIAN_POINT('Ctrl Pts',(16.3999162622503,-16.7788880269065,-43.611611510308));
#4854=CARTESIAN_POINT('Ctrl Pts',(14.7767371894653,-16.8582848276753,-42.970536171508));
#4855=CARTESIAN_POINT('Ctrl Pts',(13.3579725384498,-16.9376816284441,-43.9868012734853));
#4856=CARTESIAN_POINT('Ctrl Pts',(13.4426109690414,-17.0170784292128,-45.7299375930065));
#4857=CARTESIAN_POINT('Ctrl Pts',(14.9531594582046,-17.0964752299816,-46.6039691450592));
#4858=CARTESIAN_POINT('Ctrl Pts',(16.5065941510101,-17.1758720307503,-45.8086525110886));
#4859=CARTESIAN_POINT('Ctrl Pts',(16.6806255583447,-17.2552688315191,-44.0721615202434));
#4860=CARTESIAN_POINT('Ctrl Pts',(15.3159144816356,-17.3346656322879,-42.9843878454836));
#4861=CARTESIAN_POINT('Ctrl Pts',(13.6619593538988,-17.4140624330566,-43.5412723340087));
#4862=CARTESIAN_POINT('Ctrl Pts',(13.2330838943718,-17.4934592338254,-45.2329442076615));
#4863=CARTESIAN_POINT('Ctrl Pts',(14.4219567117832,-17.5728560345941,-46.5105471597899));
#4864=CARTESIAN_POINT('Ctrl Pts',(16.1400729063222,-17.6522528353629,-46.2043369694119));
#4865=CARTESIAN_POINT('Ctrl Pts',(16.8143643036351,-17.7316496361317,-44.5946727323544));
#4866=CARTESIAN_POINT('Ctrl Pts',(15.8274651235295,-17.8110464369004,-43.1553264153704));
#4867=CARTESIAN_POINT('Ctrl Pts',(14.0829576321168,-17.8904432376692,-43.2041308115489));
#4868=CARTESIAN_POINT('Ctrl Pts',(13.1780736005062,-17.9698400384379,-44.6964016696524));
#4869=CARTESIAN_POINT('Ctrl Pts',(13.9413035336639,-18.0492368392067,-46.2658498287976));
#4870=CARTESIAN_POINT('Ctrl Pts',(15.6738529369441,-18.1286336399754,-46.4755240136173));
#4871=CARTESIAN_POINT('Ctrl Pts',(16.7894360123292,-18.2080304407442,-45.1334517485982));
#4872=CARTESIAN_POINT('Ctrl Pts',(16.2666561469352,-18.287427241513,-43.4684030083289));
#4873=CARTESIAN_POINT('Ctrl Pts',(14.5841469561288,-18.3668240422817,-43.0048603207477));
#4874=CARTESIAN_POINT('Ctrl Pts',(13.2823990262459,-18.4462208430505,-44.1672293318275));
#4875=CARTESIAN_POINT('Ctrl Pts',(13.5532164562355,-18.5256176438192,-45.8912783817509));
#4876=CARTESIAN_POINT('Ctrl Pts',(15.1487381216425,-18.605014444588,-46.5984934331917));
#4877=CARTESIAN_POINT('Ctrl Pts',(16.6079548715917,-18.6844112453568,-45.6413922288655));
#4878=CARTESIAN_POINT('Ctrl Pts',(16.5952115497142,-18.7638080461255,-43.8962194997408));
#4879=CARTESIAN_POINT('Ctrl Pts',(15.1214366415377,-18.8432048468943,-42.9609261347331));
#4880=CARTESIAN_POINT('Ctrl Pts',(13.5374595557977,-18.922601647663,-43.6916255006923));
#4881=CARTESIAN_POINT('Ctrl Pts',(13.2905826905229,-19.0019984484318,-45.4197415583652));
#4882=CARTESIAN_POINT('Ctrl Pts',(14.612850363632,-19.0813952492006,-46.5622148101958));
#4883=CARTESIAN_POINT('Ctrl Pts',(15.7240506250508,-19.1343264497131,-46.2366961257208));
#4884=CARTESIAN_POINT('Ctrl Pts',(16.0879476002648,-19.1607920499693,-45.8748703004318));
#4885=CARTESIAN_POINT('Ctrl Pts',(13.6293870293109,-13.9464026500102,-45.2544073785673));
#4886=CARTESIAN_POINT('Ctrl Pts',(13.7869325919342,-13.9728682502665,-45.7102411246695));
#4887=CARTESIAN_POINT('Ctrl Pts',(14.5902259978592,-14.025799450779,-46.4443893060808));
#4888=CARTESIAN_POINT('Ctrl Pts',(16.1785773859151,-14.1051962515477,-46.0267878236793));
#4889=CARTESIAN_POINT('Ctrl Pts',(16.6846655670025,-14.1845930523165,-44.4661604060819));
#4890=CARTESIAN_POINT('Ctrl Pts',(15.6498542969199,-14.2639898530852,-43.1945719039694));
#4891=CARTESIAN_POINT('Ctrl Pts',(14.0192826697168,-14.343386653854,-43.3746720731711));
#4892=CARTESIAN_POINT('Ctrl Pts',(13.2870186485023,-14.4227834546228,-44.8423606045939));
#4893=CARTESIAN_POINT('Ctrl Pts',(14.1229284340159,-14.5021802553915,-46.2534565251222));
#4894=CARTESIAN_POINT('Ctrl Pts',(15.7619618679311,-14.5815770561603,-46.3161924124948));
#4895=CARTESIAN_POINT('Ctrl Pts',(16.7033118720294,-14.660973856929,-44.9730284695414));
#4896=CARTESIAN_POINT('Ctrl Pts',(16.0851726542772,-14.7403706576978,-43.4537853314138));
#4897=CARTESIAN_POINT('Ctrl Pts',(14.4734618904879,-14.8197674584666,-43.1494222723872));
#4898=CARTESIAN_POINT('Ctrl Pts',(13.3438436361779,-14.8991642592353,-44.3386198276141));
#4899=CARTESIAN_POINT('Ctrl Pts',(13.7305614970667,-14.9785610600041,-45.9325694143165));
#4900=CARTESIAN_POINT('Ctrl Pts',(15.2795499979564,-15.0579578607728,-46.4718902058031));
#4901=CARTESIAN_POINT('Ctrl Pts',(16.5725881729452,-15.1373546615416,-45.462790753268));
#4902=CARTESIAN_POINT('Ctrl Pts',(16.4258008235967,-15.2167514623103,-43.8291803730939));
#4903=CARTESIAN_POINT('Ctrl Pts',(14.9735825291243,-15.2961482630791,-43.0667551896797));
#4904=CARTESIAN_POINT('Ctrl Pts',(13.5455516358644,-15.3755450638479,-43.8735745685592));
#4905=CARTESIAN_POINT('Ctrl Pts',(13.4491806182874,-15.4549418646166,-45.5109329282487));
#4906=CARTESIAN_POINT('Ctrl Pts',(14.7727046623645,-15.5343386653854,-46.4797022294348));
#4907=CARTESIAN_POINT('Ctrl Pts',(16.3043352061192,-15.6137354661542,-45.8928992989932));
#4908=CARTESIAN_POINT('Ctrl Pts',(16.6417461627588,-15.6931322669229,-44.2877875721357));
#4909=CARTESIAN_POINT('Ctrl Pts',(15.4760117219812,-15.7725290676917,-43.1339708483962));
#4910=CARTESIAN_POINT('Ctrl Pts',(13.8744518401475,-15.8519258684604,-43.4878574919216));
#4911=CARTESIAN_POINT('Ctrl Pts',(13.3034183322825,-15.9313226692292,-45.0254369356909));
#4912=CARTESIAN_POINT('Ctrl Pts',(14.2857364972616,-16.0107194699979,-46.3389363976978));
#4913=CARTESIAN_POINT('Ctrl Pts',(15.9220181550351,-16.0901162707667,-46.2257456317144));
#4914=CARTESIAN_POINT('Ctrl Pts',(16.7141210198776,-16.1695130715355,-44.789499529956));
#4915=CARTESIAN_POINT('Ctrl Pts',(15.9368137165554,-16.2489098723042,-43.3451923709348));
#4916=CARTESIAN_POINT('Ctrl Pts',(14.3017811404691,-16.328306673073,-43.2151989540824));
#4917=CARTESIAN_POINT('Ctrl Pts',(13.3060219468034,-16.4077034738417,-44.5185382965241));
#4918=CARTESIAN_POINT('Ctrl Pts',(13.8612306153366,-16.4871002746105,-46.0619025269375));
#4919=CARTESIAN_POINT('Ctrl Pts',(15.459070711469,-16.5664970753793,-46.4322224433696));
#4920=CARTESIAN_POINT('Ctrl Pts',(16.6365961690868,-16.645893876148,-45.2904415493292));
#4921=CARTESIAN_POINT('Ctrl Pts',(16.3156914494858,-16.7252906769168,-43.6819484737258));
#4922=CARTESIAN_POINT('Ctrl Pts',(14.7901696183881,-16.8046874776855,-43.0794429084958));
#4923=CARTESIAN_POINT('Ctrl Pts',(13.4567637825179,-16.8840842784543,-44.0345652515833));
#4924=CARTESIAN_POINT('Ctrl Pts',(13.5363100111394,-16.963481079223,-45.6728271997529));
#4925=CARTESIAN_POINT('Ctrl Pts',(14.9559775855842,-17.0428778799918,-46.494273358147));
#4926=CARTESIAN_POINT('Ctrl Pts',(16.4159511502958,-17.1222746807606,-45.7468062991515));
#4927=CARTESIAN_POINT('Ctrl Pts',(16.5795121003086,-17.2016714815293,-44.1147898688919));
#4928=CARTESIAN_POINT('Ctrl Pts',(15.2969077496448,-17.2810682822981,-43.0924612078328));
#4929=CARTESIAN_POINT('Ctrl Pts',(13.7424614797767,-17.3604650830669,-43.6158411964542));
#4930=CARTESIAN_POINT('Ctrl Pts',(13.3393889615931,-17.4398618838356,-45.20573501506));
#4931=CARTESIAN_POINT('Ctrl Pts',(14.456734218052,-17.5192586846044,-46.4064720302328));
#4932=CARTESIAN_POINT('Ctrl Pts',(16.0714813566007,-17.5986554853731,-46.1186847255797));
#4933=CARTESIAN_POINT('Ctrl Pts',(16.7052045633429,-17.6780522861419,-44.6058646211686));
#4934=CARTESIAN_POINT('Ctrl Pts',(15.7776813654493,-17.7574490869106,-43.2531153984339));
#4935=CARTESIAN_POINT('Ctrl Pts',(14.1381307408239,-17.8368458876794,-43.2989835180223));
#4936=CARTESIAN_POINT('Ctrl Pts',(13.2876883170776,-17.9162426884482,-44.7014731201349));
#4937=CARTESIAN_POINT('Ctrl Pts',(14.0049991453779,-17.9956394892169,-46.1764967140777));
#4938=CARTESIAN_POINT('Ctrl Pts',(15.6333111304656,-18.0750362899857,-46.3735560230122));
#4939=CARTESIAN_POINT('Ctrl Pts',(16.6817760623003,-18.1544330907545,-45.1122284384441));
#4940=CARTESIAN_POINT('Ctrl Pts',(16.1904488200457,-18.2338298915232,-43.5473559941707));
#4941=CARTESIAN_POINT('Ctrl Pts',(14.6091664189649,-18.313226692292,-43.1117019733624));
#4942=CARTESIAN_POINT('Ctrl Pts',(13.3857370888815,-18.3926234930607,-44.2041380033263));
#4943=CARTESIAN_POINT('Ctrl Pts',(13.6402610096354,-18.4720202938295,-45.8244610518662));
#4944=CARTESIAN_POINT('Ctrl Pts',(15.1397894186553,-18.5514170945982,-46.4891270880066));
#4945=CARTESIAN_POINT('Ctrl Pts',(16.5112135860033,-18.630813895367,-45.5896090950444));
#4946=CARTESIAN_POINT('Ctrl Pts',(16.4992369556668,-18.7102106961358,-43.9494332561901));
#4947=CARTESIAN_POINT('Ctrl Pts',(15.1141305097773,-18.7896074969045,-43.0704110517256));
#4948=CARTESIAN_POINT('Ctrl Pts',(13.6254521102285,-18.8690042976733,-43.7571484878038));
#4949=CARTESIAN_POINT('Ctrl Pts',(13.3934283896888,-18.948401098442,-45.3812938558974));
#4950=CARTESIAN_POINT('Ctrl Pts',(14.6361429094256,-19.0277978992108,-46.4550311386992));
#4951=CARTESIAN_POINT('Ctrl Pts',(15.6804887157126,-19.0807290997233,-46.1490970197083));
#4952=CARTESIAN_POINT('Ctrl Pts',(16.0224921269608,-19.1071946999796,-45.8090401493433));
#4953=CARTESIAN_POINT('Ctrl Pts',(13.7171276874161,-13.8928053000204,-45.2240823939335));
#4954=CARTESIAN_POINT('Ctrl Pts',(13.8645878715334,-13.9192709002767,-45.6507356554271));
#4955=CARTESIAN_POINT('Ctrl Pts',(14.6164579436921,-13.9722021007892,-46.3378868782076));
#4956=CARTESIAN_POINT('Ctrl Pts',(16.1031300163651,-14.051598901558,-45.9470184179529));
#4957=CARTESIAN_POINT('Ctrl Pts',(16.5768206435086,-14.1309957023267,-44.4862955482926));
#4958=CARTESIAN_POINT('Ctrl Pts',(15.6082534692122,-14.2103925030955,-43.2961085857362));
#4959=CARTESIAN_POINT('Ctrl Pts',(14.0820639126162,-14.2897893038642,-43.4646795290734));
#4960=CARTESIAN_POINT('Ctrl Pts',(13.3966762343297,-14.369186104633,-44.8384130539451));
#4961=CARTESIAN_POINT('Ctrl Pts',(14.1790747279766,-14.4485829054017,-46.1591767795838));
#4962=CARTESIAN_POINT('Ctrl Pts',(15.713184403394,-14.5279797061705,-46.2178965895783));
#4963=CARTESIAN_POINT('Ctrl Pts',(16.5942732935648,-14.6073765069393,-44.9607161331466));
#4964=CARTESIAN_POINT('Ctrl Pts',(16.0157046475041,-14.686773307708,-43.5387283022177));
#4965=CARTESIAN_POINT('Ctrl Pts',(14.5071685642608,-14.7661701084768,-43.2538492362815));
#4966=CARTESIAN_POINT('Ctrl Pts',(13.4498635345974,-14.8455669092456,-44.3669195603553));
#4967=CARTESIAN_POINT('Ctrl Pts',(13.8118254078395,-14.9249637100143,-45.8588314594595));
#4968=CARTESIAN_POINT('Ctrl Pts',(15.2616544333819,-15.0043605107831,-46.363627290498));
#4969=CARTESIAN_POINT('Ctrl Pts',(16.471917954484,-15.0837573115518,-45.4191259755405));
#4970=CARTESIAN_POINT('Ctrl Pts',(16.3345272898369,-15.1631541123206,-43.8900921936605));
#4971=CARTESIAN_POINT('Ctrl Pts',(14.9752736649452,-15.2425509130893,-43.1764741389857));
#4972=CARTESIAN_POINT('Ctrl Pts',(13.6386590695299,-15.3219477138581,-43.9316444667175));
#4973=CARTESIAN_POINT('Ctrl Pts',(13.5484573033941,-15.4013445146269,-45.4641862988416));
#4974=CARTESIAN_POINT('Ctrl Pts',(14.7872551214569,-15.4807413153956,-46.3709392225124));
#4975=CARTESIAN_POINT('Ctrl Pts',(16.2208373704326,-15.5601381161644,-45.8217008515761));
#4976=CARTESIAN_POINT('Ctrl Pts',(16.5366487519834,-15.6395349169331,-44.3193413637555));
#4977=CARTESIAN_POINT('Ctrl Pts',(15.4455395362964,-15.7189317177019,-43.2393869449376));
#4978=CARTESIAN_POINT('Ctrl Pts',(13.9465045199013,-15.7983285184706,-43.5706193118921));
#4979=CARTESIAN_POINT('Ctrl Pts',(13.4120260820145,-15.8777253192394,-45.0097696382979));
#4980=CARTESIAN_POINT('Ctrl Pts',(14.3314605304215,-15.9571221200082,-46.2391846042309));
#4981=CARTESIAN_POINT('Ctrl Pts',(15.8629945863815,-16.036518920777,-46.1332398164861));
#4982=CARTESIAN_POINT('Ctrl Pts',(16.6043904869996,-16.1159157215457,-44.7889359143229));
#4983=CARTESIAN_POINT('Ctrl Pts',(15.8768430007041,-16.1953125223145,-43.4370869885596));
#4984=CARTESIAN_POINT('Ctrl Pts',(14.3464780656798,-16.2747093230832,-43.315415182233));
#4985=CARTESIAN_POINT('Ctrl Pts',(13.4144630245106,-16.354106123852,-44.5353204350599));
#4986=CARTESIAN_POINT('Ctrl Pts',(13.9341296601311,-16.4335029246207,-45.9798852313461));
#4987=CARTESIAN_POINT('Ctrl Pts',(15.4296830152515,-16.5128997253895,-46.3264988848828));
#4988=CARTESIAN_POINT('Ctrl Pts',(16.5318284384028,-16.5922965261583,-45.2578098145386));
#4989=CARTESIAN_POINT('Ctrl Pts',(16.2314666367212,-16.671693326927,-43.7522854371435));
#4990=CARTESIAN_POINT('Ctrl Pts',(14.803602047311,-16.7510901276958,-43.1883496454836));
#4991=CARTESIAN_POINT('Ctrl Pts',(13.5555550265861,-16.8304869284645,-44.0823292296814));
#4992=CARTESIAN_POINT('Ctrl Pts',(13.6300090532375,-16.9098837292333,-45.6157168064993));
#4993=CARTESIAN_POINT('Ctrl Pts',(14.9587957129637,-16.989280530002,-46.3845775712345));
#4994=CARTESIAN_POINT('Ctrl Pts',(16.3253081495815,-17.0686773307708,-45.6849600872144));
#4995=CARTESIAN_POINT('Ctrl Pts',(16.4783986422725,-17.1480741315396,-44.1574182175404));
#4996=CARTESIAN_POINT('Ctrl Pts',(15.2779010176539,-17.2274709323083,-43.2005345701819));
#4997=CARTESIAN_POINT('Ctrl Pts',(13.8229636056547,-17.3068677330771,-43.6904100588997));
#4998=CARTESIAN_POINT('Ctrl Pts',(13.4456940288144,-17.3862645338458,-45.1785258224585));
#4999=CARTESIAN_POINT('Ctrl Pts',(14.4915117243207,-17.4656613346146,-46.3023969006756));
#5000=CARTESIAN_POINT('Ctrl Pts',(16.0028898068792,-17.5450581353833,-46.0330324817474));
#5001=CARTESIAN_POINT('Ctrl Pts',(16.5960448230507,-17.6244549361521,-44.6170565099828));
#5002=CARTESIAN_POINT('Ctrl Pts',(15.7278976073691,-17.7038517369209,-43.3509043814974));
#5003=CARTESIAN_POINT('Ctrl Pts',(14.193303849531,-17.7832485376896,-43.3938362244956));
#5004=CARTESIAN_POINT('Ctrl Pts',(13.3973030336489,-17.8626453384584,-44.7065445706174));
#5005=CARTESIAN_POINT('Ctrl Pts',(14.068694757092,-17.9420421392272,-46.0871435993577));
#5006=CARTESIAN_POINT('Ctrl Pts',(15.592769323987,-18.0214389399959,-46.2715880324072));
#5007=CARTESIAN_POINT('Ctrl Pts',(16.5741161122714,-18.1008357407647,-45.0910051282901));
#5008=CARTESIAN_POINT('Ctrl Pts',(16.1142414931562,-18.1802325415334,-43.6263089800126));
#5009=CARTESIAN_POINT('Ctrl Pts',(14.6341858818009,-18.2596293423022,-43.2185436259771));
#5010=CARTESIAN_POINT('Ctrl Pts',(13.4890751515172,-18.3390261430709,-44.241046674825));
#5011=CARTESIAN_POINT('Ctrl Pts',(13.7273055630353,-18.4184229438397,-45.7576437219815));
#5012=CARTESIAN_POINT('Ctrl Pts',(15.1308407156681,-18.4978197446085,-46.3797607428214));
#5013=CARTESIAN_POINT('Ctrl Pts',(16.414472300415,-18.5772165453772,-45.5378259612234));
#5014=CARTESIAN_POINT('Ctrl Pts',(16.4032623616193,-18.656613346146,-44.0026470126394));
#5015=CARTESIAN_POINT('Ctrl Pts',(15.1068243780171,-18.7360101469147,-43.1798959687181));
#5016=CARTESIAN_POINT('Ctrl Pts',(13.7134446646593,-18.8154069476835,-43.8226714749152));
#5017=CARTESIAN_POINT('Ctrl Pts',(13.4962740888548,-18.8948037484523,-45.3428461534297));
#5018=CARTESIAN_POINT('Ctrl Pts',(14.6594354552191,-18.974200549221,-46.3478474672026));
#5019=CARTESIAN_POINT('Ctrl Pts',(15.6369268063743,-19.0271317497335,-46.0614979136958));
#5020=CARTESIAN_POINT('Ctrl Pts',(15.9570366536569,-19.0535973499898,-45.7432099982548));
#5021=CARTESIAN_POINT('Ctrl Pts',(13.8048683455213,-13.8392079500307,-45.1937574092996));
#5022=CARTESIAN_POINT('Ctrl Pts',(13.9422431511326,-13.8656735502869,-45.5912301861848));
#5023=CARTESIAN_POINT('Ctrl Pts',(14.642689889525,-13.9186047507994,-46.2313844503346));
#5024=CARTESIAN_POINT('Ctrl Pts',(16.027682646815,-13.9980015515682,-45.8672490122263));
#5025=CARTESIAN_POINT('Ctrl Pts',(16.4689757200147,-14.077398352337,-44.5064306905033));
#5026=CARTESIAN_POINT('Ctrl Pts',(15.5666526415045,-14.1567951531057,-43.3976452675029));
#5027=CARTESIAN_POINT('Ctrl Pts',(14.1448451555155,-14.2361919538745,-43.5546869849758));
#5028=CARTESIAN_POINT('Ctrl Pts',(13.506333820157,-14.3155887546432,-44.8344655032963));
#5029=CARTESIAN_POINT('Ctrl Pts',(14.2352210219374,-14.394985555412,-46.0648970340453));
#5030=CARTESIAN_POINT('Ctrl Pts',(15.6644069388568,-14.4743823561808,-46.1196007666617));
#5031=CARTESIAN_POINT('Ctrl Pts',(16.4852347151002,-14.5537791569495,-44.9484037967517));
#5032=CARTESIAN_POINT('Ctrl Pts',(15.946236640731,-14.6331759577183,-43.6236712730218));
#5033=CARTESIAN_POINT('Ctrl Pts',(14.5408752380336,-14.712572758487,-43.3582762001756));
#5034=CARTESIAN_POINT('Ctrl Pts',(13.555883433017,-14.7919695592558,-44.3952192930967));
#5035=CARTESIAN_POINT('Ctrl Pts',(13.8930893186122,-14.8713663600245,-45.7850935046023));
#5036=CARTESIAN_POINT('Ctrl Pts',(15.2437588688075,-14.9507631607933,-46.255364375193));
#5037=CARTESIAN_POINT('Ctrl Pts',(16.3712477360228,-15.0301599615621,-45.3754611978129));
#5038=CARTESIAN_POINT('Ctrl Pts',(16.2432537560772,-15.1095567623308,-43.951004014227));
#5039=CARTESIAN_POINT('Ctrl Pts',(14.9769648007661,-15.1889535630996,-43.2861930882918));
#5040=CARTESIAN_POINT('Ctrl Pts',(13.7317665031954,-15.2683503638683,-43.9897143648758));
#5041=CARTESIAN_POINT('Ctrl Pts',(13.6477339885009,-15.3477471646371,-45.4174396694344));
#5042=CARTESIAN_POINT('Ctrl Pts',(14.8018055805492,-15.4271439654058,-46.2621762155899));
#5043=CARTESIAN_POINT('Ctrl Pts',(16.137339534746,-15.5065407661746,-45.750502404159));
#5044=CARTESIAN_POINT('Ctrl Pts',(16.4315513412079,-15.5859375669433,-44.3508951553752));
#5045=CARTESIAN_POINT('Ctrl Pts',(15.4150673506115,-15.6653343677121,-43.344803041479));
#5046=CARTESIAN_POINT('Ctrl Pts',(14.0185571996551,-15.7447311684809,-43.6533811318625));
#5047=CARTESIAN_POINT('Ctrl Pts',(13.5206338317465,-15.8241279692497,-44.9941023409049));
#5048=CARTESIAN_POINT('Ctrl Pts',(14.3771845635815,-15.9035247700184,-46.1394328107641));
#5049=CARTESIAN_POINT('Ctrl Pts',(15.8039710177279,-15.9829215707872,-46.0407340012578));
#5050=CARTESIAN_POINT('Ctrl Pts',(16.4946599541215,-16.0623183715559,-44.78837229869));
#5051=CARTESIAN_POINT('Ctrl Pts',(15.8168722848529,-16.1417151723247,-43.5289816061842));
#5052=CARTESIAN_POINT('Ctrl Pts',(14.3911749908905,-16.2211119730934,-43.4156314103837));
#5053=CARTESIAN_POINT('Ctrl Pts',(13.5229041022178,-16.3005087738622,-44.5521025735956));
#5054=CARTESIAN_POINT('Ctrl Pts',(14.0070287049256,-16.379905574631,-45.8978679357546));
#5055=CARTESIAN_POINT('Ctrl Pts',(15.400295319034,-16.4593023753997,-46.220775326396));
#5056=CARTESIAN_POINT('Ctrl Pts',(16.4270607077187,-16.5386991761685,-45.2251780797479));
#5057=CARTESIAN_POINT('Ctrl Pts',(16.1472418239568,-16.6180959769372,-43.8226224005613));
#5058=CARTESIAN_POINT('Ctrl Pts',(14.8170344762338,-16.697492777706,-43.2972563824714));
#5059=CARTESIAN_POINT('Ctrl Pts',(13.6543462706543,-16.7768895784748,-44.1300932077795));
#5060=CARTESIAN_POINT('Ctrl Pts',(13.7237080953355,-16.8562863792435,-45.5586064132458));
#5061=CARTESIAN_POINT('Ctrl Pts',(14.9616138403432,-16.9356831800123,-46.2748817843221));
#5062=CARTESIAN_POINT('Ctrl Pts',(16.2346651488672,-17.015079980781,-45.6231138752774));
#5063=CARTESIAN_POINT('Ctrl Pts',(16.3772851842364,-17.0944767815498,-44.2000465661888));
#5064=CARTESIAN_POINT('Ctrl Pts',(15.258894285663,-17.1738735823185,-43.3086079325311));
#5065=CARTESIAN_POINT('Ctrl Pts',(13.9034657315326,-17.2532703830873,-43.7649789213452));
#5066=CARTESIAN_POINT('Ctrl Pts',(13.5519990960357,-17.3326671838561,-45.1513166298571));
#5067=CARTESIAN_POINT('Ctrl Pts',(14.5262892305895,-17.4120639846248,-46.1983217711185));
#5068=CARTESIAN_POINT('Ctrl Pts',(15.9342982571577,-17.4914607853936,-45.9473802379151));
#5069=CARTESIAN_POINT('Ctrl Pts',(16.4868850827585,-17.5708575861624,-44.628248398797));
#5070=CARTESIAN_POINT('Ctrl Pts',(15.678113849289,-17.6502543869311,-43.4486933645609));
#5071=CARTESIAN_POINT('Ctrl Pts',(14.2484769582381,-17.7296511876998,-43.488688930969));
#5072=CARTESIAN_POINT('Ctrl Pts',(13.5069177502203,-17.8090479884686,-44.7116160210999));
#5073=CARTESIAN_POINT('Ctrl Pts',(14.1323903688061,-17.8884447892374,-45.9977904846378));
#5074=CARTESIAN_POINT('Ctrl Pts',(15.5522275175085,-17.9678415900061,-46.1696200418021));
#5075=CARTESIAN_POINT('Ctrl Pts',(16.4664561622425,-18.0472383907749,-45.0697818181361));
#5076=CARTESIAN_POINT('Ctrl Pts',(16.0380341662666,-18.1266351915437,-43.7052619658544));
#5077=CARTESIAN_POINT('Ctrl Pts',(14.6592053446369,-18.2060319923124,-43.3253852785917));
#5078=CARTESIAN_POINT('Ctrl Pts',(13.5924132141528,-18.2854287930812,-44.2779553463237));
#5079=CARTESIAN_POINT('Ctrl Pts',(13.8143501164352,-18.3648255938499,-45.6908263920968));
#5080=CARTESIAN_POINT('Ctrl Pts',(15.121892012681,-18.4442223946187,-46.2703943976362));
#5081=CARTESIAN_POINT('Ctrl Pts',(16.3177310148266,-18.5236191953875,-45.4860428274023));
#5082=CARTESIAN_POINT('Ctrl Pts',(16.3072877675719,-18.6030159961562,-44.0558607690888));
#5083=CARTESIAN_POINT('Ctrl Pts',(15.0995182462567,-18.682412796925,-43.2893808857105));
#5084=CARTESIAN_POINT('Ctrl Pts',(13.8014372190901,-18.7618095976937,-43.8881944620266));
#5085=CARTESIAN_POINT('Ctrl Pts',(13.5991197880207,-18.8412063984625,-45.3043984509619));
#5086=CARTESIAN_POINT('Ctrl Pts',(14.6827280010126,-18.9206031992313,-46.240663795706));
#5087=CARTESIAN_POINT('Ctrl Pts',(15.5933648970361,-18.9735343997438,-45.9738988076834));
#5088=CARTESIAN_POINT('Ctrl Pts',(15.891581180353,-19.,-45.6773798471663));
#5089=CARTESIAN_POINT('Ctrl Pts',(15.8915811803519,-18.9999999999999,-45.6773798471673));
#5090=CARTESIAN_POINT('Ctrl Pts',(15.8596022576036,-18.9999999999999,-45.7169512976996));
#5091=CARTESIAN_POINT('Ctrl Pts',(15.8251469941223,-18.9999999999999,-45.7543080975016));
#5092=CARTESIAN_POINT('Ctrl Pts',(15.7885270389527,-18.9999999999999,-45.7894155150828));
#5093=CARTESIAN_POINT('Ctrl Pts',(15.7617800502568,-18.9999999999999,-45.8150577556818));
#5094=CARTESIAN_POINT('Ctrl Pts',(15.7338771031315,-18.9999999999999,-45.8394996642548));
#5095=CARTESIAN_POINT('Ctrl Pts',(15.7049249265205,-18.9999999999999,-45.8627196807527));
#5096=CARTESIAN_POINT('Ctrl Pts',(15.6944762481136,-18.9999999999999,-45.8710996546748));
#5097=CARTESIAN_POINT('Ctrl Pts',(15.6838908090356,-18.9999999999999,-45.8793204114435));
#5098=CARTESIAN_POINT('Ctrl Pts',(15.6731732945143,-18.9999999999999,-45.8873806804002));
#5099=CARTESIAN_POINT('Ctrl Pts',(15.6628410181289,-18.9999999999999,-45.895151225188));
#5100=CARTESIAN_POINT('Ctrl Pts',(15.6523925745096,-18.9999999999999,-45.9027675971197));
#5101=CARTESIAN_POINT('Ctrl Pts',(15.6418367568034,-18.9999999999999,-45.9102262674969));
#5102=CARTESIAN_POINT('Ctrl Pts',(15.5979324282041,-18.9999999999999,-45.9412487732158));
#5103=CARTESIAN_POINT('Ctrl Pts',(15.5521523474525,-18.9999999999999,-45.9695619816422));
#5104=CARTESIAN_POINT('Ctrl Pts',(15.5048180525511,-18.9999999999999,-45.9951061277177));
#5105=CARTESIAN_POINT('Ctrl Pts',(15.4858584117283,-18.9999999999999,-46.0053377755265));
#5106=CARTESIAN_POINT('Ctrl Pts',(15.4666489327159,-18.9999999999999,-46.0151247978311));
#5107=CARTESIAN_POINT('Ctrl Pts',(15.4472085465391,-18.9999999999999,-46.0244617876874));
#5108=CARTESIAN_POINT('Ctrl Pts',(15.4324024640471,-18.9999999999999,-46.0315729757463));
#5109=CARTESIAN_POINT('Ctrl Pts',(15.4174624223419,-18.9999999999999,-46.0384231011238));
#5110=CARTESIAN_POINT('Ctrl Pts',(15.4023964758357,-18.9999999999999,-46.0450093822024));
#5111=CARTESIAN_POINT('Ctrl Pts',(15.3909605845232,-18.9999999999999,-46.0500087358465));
#5112=CARTESIAN_POINT('Ctrl Pts',(15.3794595123625,-18.9999999999999,-46.0548527663943));
#5113=CARTESIAN_POINT('Ctrl Pts',(15.3679044396178,-18.9999999999999,-46.0595379120236));
#5114=CARTESIAN_POINT('Ctrl Pts',(15.3150316477735,-18.9999999999999,-46.0809758324151));
#5115=CARTESIAN_POINT('Ctrl Pts',(15.260985168323,-18.9999999999999,-46.0991108143906));
#5116=CARTESIAN_POINT('Ctrl Pts',(15.2061260544305,-18.9999999999999,-46.1138770956633));
#5117=CARTESIAN_POINT('Ctrl Pts',(15.1524606783722,-18.9999999999999,-46.128322061709));
#5118=CARTESIAN_POINT('Ctrl Pts',(15.0980164517623,-18.9999999999999,-46.1395437568833));
#5119=CARTESIAN_POINT('Ctrl Pts',(15.0430993569588,-18.9999999999999,-46.1474383447871));
#5120=CARTESIAN_POINT('Ctrl Pts',(15.0147246236664,-18.9999999999999,-46.1515173447238));
#5121=CARTESIAN_POINT('Ctrl Pts',(14.98622323436,-18.9999999999999,-46.1547074016655));
#5122=CARTESIAN_POINT('Ctrl Pts',(14.9576355086549,-18.9999999999999,-46.1569890542854));
#5123=CARTESIAN_POINT('Ctrl Pts',(14.9428855697885,-18.9999999999999,-46.1581662810787));
#5124=CARTESIAN_POINT('Ctrl Pts',(14.9281126329077,-18.9999999999999,-46.1591016228741));
#5125=CARTESIAN_POINT('Ctrl Pts',(14.9133221727169,-18.9999999999999,-46.1597920037329));
#5126=CARTESIAN_POINT('Ctrl Pts',(14.9035498047977,-18.9999999999999,-46.160248152877));
#5127=CARTESIAN_POINT('Ctrl Pts',(14.8937672652945,-18.9999999999999,-46.1605974142926));
#5128=CARTESIAN_POINT('Ctrl Pts',(14.8839844980986,-18.9999999999999,-46.1608386430313));
#5129=CARTESIAN_POINT('Ctrl Pts',(14.8268525714663,-18.9999999999999,-46.1622474328266));
#5130=CARTESIAN_POINT('Ctrl Pts',(14.7698671544863,-18.9999999999999,-46.1599736270971));
#5131=CARTESIAN_POINT('Ctrl Pts',(14.7133563029193,-18.9999999999999,-46.1539341259087));
#5132=CARTESIAN_POINT('Ctrl Pts',(14.7090343924864,-18.9999999999999,-46.1534722290787));
#5133=CARTESIAN_POINT('Ctrl Pts',(14.7047152471977,-18.9999999999999,-46.1529882834614));
#5134=CARTESIAN_POINT('Ctrl Pts',(14.700399009028,-18.9999999999999,-46.1524822402476));
#5135=CARTESIAN_POINT('Ctrl Pts',(14.646137396672,-18.9999999999999,-46.1461205151473));
#5136=CARTESIAN_POINT('Ctrl Pts',(14.5923356569334,-18.9999999999999,-46.1362708154893));
#5137=CARTESIAN_POINT('Ctrl Pts',(14.5392061415325,-18.9999999999999,-46.1231700575686));
#5138=CARTESIAN_POINT('Ctrl Pts',(14.4866146986372,-18.9999999999999,-46.1102019783971));
#5139=CARTESIAN_POINT('Ctrl Pts',(14.4346811758692,-18.9999999999999,-46.0940478905877));
#5140=CARTESIAN_POINT('Ctrl Pts',(14.3836133143771,-18.9999999999999,-46.0748899237357));
#5141=CARTESIAN_POINT('Ctrl Pts',(14.374426468028,-18.9999999999999,-46.0714435037626));
#5142=CARTESIAN_POINT('Ctrl Pts',(14.3652671008544,-18.9999999999999,-46.0678995343058));
#5143=CARTESIAN_POINT('Ctrl Pts',(14.3561381580946,-18.9999999999999,-46.0642596063045));
#5144=CARTESIAN_POINT('Ctrl Pts',(14.3028562004768,-18.9999999999999,-46.0430148143716));
#5145=CARTESIAN_POINT('Ctrl Pts',(14.250887108599,-18.9999999999999,-46.0186161159183));
#5146=CARTESIAN_POINT('Ctrl Pts',(14.2004589461431,-18.9999999999999,-45.9913360110618));
#5147=CARTESIAN_POINT('Ctrl Pts',(14.1488432578158,-18.9999999999999,-45.963413490763));
#5148=CARTESIAN_POINT('Ctrl Pts',(14.098840981549,-18.9999999999999,-45.9324719436094));
#5149=CARTESIAN_POINT('Ctrl Pts',(14.050701005137,-18.9999999999999,-45.8987485827708));
#5150=CARTESIAN_POINT('Ctrl Pts',(14.0022517065845,-18.9999999999999,-45.8648085333723));
#5151=CARTESIAN_POINT('Ctrl Pts',(13.9556876834781,-18.9999999999999,-45.8280502967264));
#5152=CARTESIAN_POINT('Ctrl Pts',(13.9112820152992,-18.9999999999999,-45.7886671288299));
#5153=CARTESIAN_POINT('Ctrl Pts',(13.9023986787778,-18.9999999999999,-45.7807885415223));
#5154=CARTESIAN_POINT('Ctrl Pts',(13.8936018101167,-18.9999999999999,-45.772804764701));
#5155=CARTESIAN_POINT('Ctrl Pts',(13.8848937456017,-18.9999999999999,-45.764717142712));
#5156=CARTESIAN_POINT('Ctrl Pts',(13.877400570344,-18.9999999999999,-45.7577578501073));
#5157=CARTESIAN_POINT('Ctrl Pts',(13.8699752281371,-18.9999999999999,-45.750723499297));
#5158=CARTESIAN_POINT('Ctrl Pts',(13.8626266785398,-18.9999999999999,-45.7436226182665));
#5159=CARTESIAN_POINT('Ctrl Pts',(13.8188404585864,-18.9999999999999,-45.7013121276667));
#5160=CARTESIAN_POINT('Ctrl Pts',(13.7777001067964,-18.9999999999999,-45.65657058116));
#5161=CARTESIAN_POINT('Ctrl Pts',(13.7394638285747,-18.9999999999999,-45.6096520144803));
#5162=CARTESIAN_POINT('Ctrl Pts',(13.7016180922572,-18.9999999999999,-45.5632126698175));
#5163=CARTESIAN_POINT('Ctrl Pts',(13.6666164503451,-19.,-45.5146398719247));
#5164=CARTESIAN_POINT('Ctrl Pts',(13.6347339601048,-19.,-45.4641365420771));
#5165=CARTESIAN_POINT('Ctrl Pts',(13.6055883173196,-19.,-45.4179685043829));
#5166=CARTESIAN_POINT('Ctrl Pts',(13.5790490052552,-19.,-45.3701863155631));
#5167=CARTESIAN_POINT('Ctrl Pts',(13.5553548414577,-19.,-45.3209198126011));
#5168=CARTESIAN_POINT('Ctrl Pts',(13.549768135003,-19.,-45.309303555853));
#5169=CARTESIAN_POINT('Ctrl Pts',(13.5443397488975,-19.,-45.2976046894318));
#5170=CARTESIAN_POINT('Ctrl Pts',(13.5390692251756,-19.,-45.2858261888337));
#5171=CARTESIAN_POINT('Ctrl Pts',(15.0909665621672,-14.4434196736195,-46.0402642610428));
#5172=CARTESIAN_POINT('Ctrl Pts',(15.255111869349,-14.4537405678066,-46.0293459735463));
#5173=CARTESIAN_POINT('Ctrl Pts',(15.4167728010219,-14.4640614619937,-45.9878511924874));
#5174=CARTESIAN_POINT('Ctrl Pts',(15.5630139154108,-14.4743823561808,-45.9152839829074));
#5175=CARTESIAN_POINT('Ctrl Pts',(15.9380161976046,-14.500847956437,-45.7292017766918));
#5176=CARTESIAN_POINT('Ctrl Pts',(16.2116254563524,-14.5273135566933,-45.3388027867218));
#5177=CARTESIAN_POINT('Ctrl Pts',(16.2585970733315,-14.5537791569495,-44.9228145377818));
#5178=CARTESIAN_POINT('Ctrl Pts',(16.3055686903105,-14.5802447572058,-44.5068262888418));
#5179=CARTESIAN_POINT('Ctrl Pts',(16.1259026655208,-14.6067103574621,-44.0652487809317));
#5180=CARTESIAN_POINT('Ctrl Pts',(15.8018427526764,-14.6331759577183,-43.8002275148357));
#5181=CARTESIAN_POINT('Ctrl Pts',(15.4777828398319,-14.6596415579746,-43.5352062487396));
#5182=CARTESIAN_POINT('Ctrl Pts',(15.0093290389328,-14.6861071582308,-43.4467412244576));
#5183=CARTESIAN_POINT('Ctrl Pts',(14.6109368376471,-14.7125727584871,-43.5753325611367));
#5184=CARTESIAN_POINT('Ctrl Pts',(14.2125446363614,-14.7390383587433,-43.7039238978159));
#5185=CARTESIAN_POINT('Ctrl Pts',(13.8842140346892,-14.7655039589996,-44.0495715954563));
#5186=CARTESIAN_POINT('Ctrl Pts',(13.7762497147856,-14.7919695592558,-44.4540411461941));
#5187=CARTESIAN_POINT('Ctrl Pts',(13.668285394882,-14.8184351595121,-44.8585106969319));
#5188=CARTESIAN_POINT('Ctrl Pts',(13.780687356747,-14.8449007597683,-45.3218021007672));
#5189=CARTESIAN_POINT('Ctrl Pts',(14.0619999293788,-14.8713663600246,-45.6318262811166));
#5190=CARTESIAN_POINT('Ctrl Pts',(14.3172936290967,-14.8953841312229,-45.9131760240838));
#5191=CARTESIAN_POINT('Ctrl Pts',(14.7116974861529,-14.9194019024212,-46.068299075447));
#5192=CARTESIAN_POINT('Ctrl Pts',(15.091166917627,-14.9434196736195,-46.0435607057739));
#5193=CARTESIAN_POINT('Ctrl Pts',(13.5416463712057,-14.,-45.2847323632011));
#5194=CARTESIAN_POINT('Ctrl Pts',(13.5669571971462,-14.,-45.3411285052431));
#5195=CARTESIAN_POINT('Ctrl Pts',(13.595840529689,-14.,-45.3956640761166));
#5196=CARTESIAN_POINT('Ctrl Pts',(13.6279712897545,-14.,-45.4481588606018));
#5197=CARTESIAN_POINT('Ctrl Pts',(13.6595792113469,-14.,-45.4997994389337));
#5198=CARTESIAN_POINT('Ctrl Pts',(13.6943309071712,-14.,-45.5494656633478));
#5199=CARTESIAN_POINT('Ctrl Pts',(13.731959420214,-14.,-45.5969506133644));
#5200=CARTESIAN_POINT('Ctrl Pts',(13.7607254289114,-14.,-45.6332516089318));
#5201=CARTESIAN_POINT('Ctrl Pts',(13.7911736720965,-14.,-45.6682771873601));
#5202=CARTESIAN_POINT('Ctrl Pts',(13.8231959211057,-14.,-45.7019175786218));
#5203=CARTESIAN_POINT('Ctrl Pts',(13.8405704015369,-14.,-45.7201700230241));
#5204=CARTESIAN_POINT('Ctrl Pts',(13.8584083866049,-14.,-45.7380144066399));
#5205=CARTESIAN_POINT('Ctrl Pts',(13.8766933144755,-14.,-45.7554310566929));
#5206=CARTESIAN_POINT('Ctrl Pts',(13.8833555705089,-14.,-45.7617769489337));
#5207=CARTESIAN_POINT('Ctrl Pts',(13.8900763182691,-14.,-45.7680651547709));
#5208=CARTESIAN_POINT('Ctrl Pts',(13.8968473942584,-14.,-45.774288218872));
#5209=CARTESIAN_POINT('Ctrl Pts',(13.9404546526075,-14.,-45.8143661569147));
#5210=CARTESIAN_POINT('Ctrl Pts',(13.9862274780032,-14.,-45.8518230866703));
#5211=CARTESIAN_POINT('Ctrl Pts',(14.0339098679325,-14.,-45.8864708656607));
#5212=CARTESIAN_POINT('Ctrl Pts',(14.0806169815118,-14.,-45.92040997297));
#5213=CARTESIAN_POINT('Ctrl Pts',(14.1291573171053,-14.,-45.9516540417854));
#5214=CARTESIAN_POINT('Ctrl Pts',(14.1793102395651,-14.,-45.97998176724));
#5215=CARTESIAN_POINT('Ctrl Pts',(14.2169048945836,-14.,-46.0012162439902));
#5216=CARTESIAN_POINT('Ctrl Pts',(14.2554061418969,-14.,-46.0208111667114));
#5217=CARTESIAN_POINT('Ctrl Pts',(14.294723895513,-14.,-46.0386544859351));
#5218=CARTESIAN_POINT('Ctrl Pts',(14.314649479711,-14.,-46.0476971836191));
#5219=CARTESIAN_POINT('Ctrl Pts',(14.3347847819135,-14.,-46.0562897472529));
#5220=CARTESIAN_POINT('Ctrl Pts',(14.3551180356607,-14.,-46.0644158423857));
#5221=CARTESIAN_POINT('Ctrl Pts',(14.3646716148019,-14.,-46.0682338881312));
#5222=CARTESIAN_POINT('Ctrl Pts',(14.3742610042495,-14.,-46.0719457587698));
#5223=CARTESIAN_POINT('Ctrl Pts',(14.3838815056276,-14.,-46.0755490452187));
#5224=CARTESIAN_POINT('Ctrl Pts',(14.4360557599546,-14.,-46.0950905198476));
#5225=CARTESIAN_POINT('Ctrl Pts',(14.4891762367647,-14.,-46.1114551132711));
#5226=CARTESIAN_POINT('Ctrl Pts',(14.5430371921866,-14.,-46.124445102479));
#5227=CARTESIAN_POINT('Ctrl Pts',(14.5832352845971,-14.,-46.1341399321102));
#5228=CARTESIAN_POINT('Ctrl Pts',(14.6238462026899,-14.,-46.1419541590092));
#5229=CARTESIAN_POINT('Ctrl Pts',(14.6647857085428,-14.,-46.1477866059909));
#5230=CARTESIAN_POINT('Ctrl Pts',(14.719676781672,-14.,-46.1556066631003));
#5231=CARTESIAN_POINT('Ctrl Pts',(14.7751597129912,-14.,-46.1598652053523));
#5232=CARTESIAN_POINT('Ctrl Pts',(14.8309191299623,-14.,-46.1606433399494));
#5233=CARTESIAN_POINT('Ctrl Pts',(14.8467478964668,-14.,-46.1608642337735));
#5234=CARTESIAN_POINT('Ctrl Pts',(14.8625988340042,-14.,-46.1608043871662));
#5235=CARTESIAN_POINT('Ctrl Pts',(14.8784644148666,-14.,-46.1604650375947));
#5236=CARTESIAN_POINT('Ctrl Pts',(14.8885331743528,-14.,-46.1602496764777));
#5237=CARTESIAN_POINT('Ctrl Pts',(14.8986076923235,-14.,-46.1599216363052));
#5238=CARTESIAN_POINT('Ctrl Pts',(14.9086717392775,-14.,-46.1594821300462));
#5239=CARTESIAN_POINT('Ctrl Pts',(14.9642747936685,-14.,-46.1570538931214));
#5240=CARTESIAN_POINT('Ctrl Pts',(15.0196698716431,-14.,-46.1512258889976));
#5241=CARTESIAN_POINT('Ctrl Pts',(15.0745485955426,-14.,-46.1421317116778));
#5242=CARTESIAN_POINT('Ctrl Pts',(15.1294056124218,-14.,-46.133041131517));
#5243=CARTESIAN_POINT('Ctrl Pts',(15.1837477918305,-14.,-46.1206864117846));
#5244=CARTESIAN_POINT('Ctrl Pts',(15.2372484514598,-14.,-46.1051528260535));
#5245=CARTESIAN_POINT('Ctrl Pts',(15.2696566048555,-14.,-46.0957433190932));
#5246=CARTESIAN_POINT('Ctrl Pts',(15.3017555380748,-14.,-46.0851664770789));
#5247=CARTESIAN_POINT('Ctrl Pts',(15.333466723627,-14.,-46.0734339240342));
#5248=CARTESIAN_POINT('Ctrl Pts',(15.349927062188,-14.,-46.0673439027393));
#5249=CARTESIAN_POINT('Ctrl Pts',(15.3662828427131,-14.,-46.0609424087683));
#5250=CARTESIAN_POINT('Ctrl Pts',(15.3825224617145,-14.,-46.0542305514619));
#5251=CARTESIAN_POINT('Ctrl Pts',(15.3956605910054,-14.,-46.0488005442021));
#5252=CARTESIAN_POINT('Ctrl Pts',(15.408725580539,-14.,-46.0431659144398));
#5253=CARTESIAN_POINT('Ctrl Pts',(15.4216879138275,-14.,-46.0373380320896));
#5254=CARTESIAN_POINT('Ctrl Pts',(15.4706163716934,-14.,-46.0153397321174));
#5255=CARTESIAN_POINT('Ctrl Pts',(15.5181532716634,-14.,-45.9905641366549));
#5256=CARTESIAN_POINT('Ctrl Pts',(15.563989213309,-14.,-45.9630809391435));
#5257=CARTESIAN_POINT('Ctrl Pts',(15.5961153646365,-14.,-45.9438181220066));
#5258=CARTESIAN_POINT('Ctrl Pts',(15.6274053528493,-14.,-45.9232243497364));
#5259=CARTESIAN_POINT('Ctrl Pts',(15.6577408035523,-14.,-45.9013139119961));
#5260=CARTESIAN_POINT('Ctrl Pts',(15.6700024867194,-14.,-45.8924576451731));
#5261=CARTESIAN_POINT('Ctrl Pts',(15.6821097048724,-14.,-45.8833846763744));
#5262=CARTESIAN_POINT('Ctrl Pts',(15.6940363379425,-14.,-45.8741101732824));
#5263=CARTESIAN_POINT('Ctrl Pts',(15.7344614280808,-14.,-45.8426744259699));
#5264=CARTESIAN_POINT('Ctrl Pts',(15.7728626362032,-14.,-45.8088924265198));
#5265=CARTESIAN_POINT('Ctrl Pts',(15.8089422373722,-14.,-45.7728119120949));
#5266=CARTESIAN_POINT('Ctrl Pts',(15.8311265867246,-14.,-45.7506270012065));
#5267=CARTESIAN_POINT('Ctrl Pts',(15.8524324598366,-14.,-45.7275725121201));
#5268=CARTESIAN_POINT('Ctrl Pts',(15.8727819778259,-14.,-45.7036547903409));
#5269=CARTESIAN_POINT('Ctrl Pts',(15.8796587255862,-14.,-45.695572233311));
#5270=CARTESIAN_POINT('Ctrl Pts',(15.8864261960395,-14.,-45.6873910680578));
#5271=CARTESIAN_POINT('Ctrl Pts',(15.893083526679,-14.,-45.6791139142688));
#5272=CARTESIAN_POINT('Origin',(65.0000000745059,-12.8957882764113,-45.2682434629799));
#5273=CARTESIAN_POINT('Ctrl Pts',(65.1114845171033,-14.1457882764113,-46.8086755335101));
#5274=CARTESIAN_POINT('Ctrl Pts',(65.1822827073217,-14.1494572353094,-46.8041829320941));
#5275=CARTESIAN_POINT('Ctrl Pts',(65.760226733849,-14.1795917944638,-46.7259767972213));
#5276=CARTESIAN_POINT('Ctrl Pts',(66.7050271499309,-14.2361919538745,-45.9162491680379));
#5277=CARTESIAN_POINT('Ctrl Pts',(66.4688314580063,-14.3155887546433,-44.187058322044));
#5278=CARTESIAN_POINT('Ctrl Pts',(64.8880264101196,-14.394985555412,-43.4477921743548));
#5279=CARTESIAN_POINT('Ctrl Pts',(63.4096340835667,-14.4743823561808,-44.3752818913796));
#5280=CARTESIAN_POINT('Ctrl Pts',(63.3873977212632,-14.5537791569495,-46.1203508309348));
#5281=CARTESIAN_POINT('Ctrl Pts',(64.4338648398954,-14.610914463693,-46.8147072645524));
#5282=CARTESIAN_POINT('Ctrl Pts',(65.0280626416463,-14.6415841701803,-46.8150781189999));
#5283=CARTESIAN_POINT('Ctrl Pts',(65.1091451660966,-14.6457882764113,-46.8085597960025));
#5284=CARTESIAN_POINT('Ctrl Pts',(65.108528839818,-14.1042117235887,-46.8058556638286));
#5285=CARTESIAN_POINT('Ctrl Pts',(65.4607944841541,-14.122405682905,-46.7779397672286));
#5286=CARTESIAN_POINT('Ctrl Pts',(66.3100587423508,-14.1670652424775,-46.4211413286884));
#5287=CARTESIAN_POINT('Ctrl Pts',(66.7925857513896,-14.2381904023063,-44.9335647712777));
#5288=CARTESIAN_POINT('Ctrl Pts',(65.691431487821,-14.317587203075,-43.5805640406905));
#5289=CARTESIAN_POINT('Ctrl Pts',(63.9565073898461,-14.3969840038438,-43.7721979705352));
#5290=CARTESIAN_POINT('Ctrl Pts',(63.1773308790021,-14.4763808046126,-45.3338555027537));
#5291=CARTESIAN_POINT('Ctrl Pts',(63.9511567943242,-14.5454567111942,-46.6401281218453));
#5292=CARTESIAN_POINT('Ctrl Pts',(64.7976804417794,-14.5880670175196,-46.8260850317238));
#5293=CARTESIAN_POINT('Ctrl Pts',(65.1110032972471,-14.6042117235887,-46.8052437898706));
#5294=CARTESIAN_POINT('Ctrl Pts',(65.7546205602965,-14.,-44.2535966414576));
#5295=CARTESIAN_POINT('Ctrl Pts',(65.4171728297013,-14.0264656002562,-44.0026275702604));
#5296=CARTESIAN_POINT('Ctrl Pts',(64.4776761099887,-14.0793968007688,-43.8685664855707));
#5297=CARTESIAN_POINT('Ctrl Pts',(63.5388005444022,-14.1587936015375,-44.9495692746484));
#5298=CARTESIAN_POINT('Ctrl Pts',(63.940891225557,-14.2381904023063,-46.32255958115));
#5299=CARTESIAN_POINT('Ctrl Pts',(65.3111611664071,-14.3175872030751,-46.7301336346627));
#5300=CARTESIAN_POINT('Ctrl Pts',(66.3972824704068,-14.3969840038438,-45.7992889678702));
#5301=CARTESIAN_POINT('Ctrl Pts',(66.2037183405047,-14.4763808046126,-44.3822041818954));
#5302=CARTESIAN_POINT('Ctrl Pts',(64.9082368220001,-14.5557776053813,-43.7763700641033));
#5303=CARTESIAN_POINT('Ctrl Pts',(63.6966832919118,-14.6351744061501,-44.5364547997987));
#5304=CARTESIAN_POINT('Ctrl Pts',(63.6784604272763,-14.7145712069189,-45.9665518017867));
#5305=CARTESIAN_POINT('Ctrl Pts',(64.8701878536646,-14.7939680076876,-46.7572919893168));
#5306=CARTESIAN_POINT('Ctrl Pts',(66.1807789044772,-14.8733648084564,-46.1846939732264));
#5307=CARTESIAN_POINT('Ctrl Pts',(66.4102705365554,-14.9527616092251,-44.7730143240303));
#5308=CARTESIAN_POINT('Ctrl Pts',(65.3485531356399,-15.0321584099939,-43.8147554030107));
#5309=CARTESIAN_POINT('Ctrl Pts',(63.9677072268604,-15.1115552107627,-44.187277013466));
#5310=CARTESIAN_POINT('Ctrl Pts',(63.5320057951417,-15.1909520115314,-45.5495069752854));
#5311=CARTESIAN_POINT('Ctrl Pts',(64.4403662496106,-15.2703488123002,-46.6542184373196));
#5312=CARTESIAN_POINT('Ctrl Pts',(65.8611148597661,-15.349745613069,-46.489962733072));
#5313=CARTESIAN_POINT('Ctrl Pts',(66.4934462764021,-15.4291424138377,-45.2071286347664));
#5314=CARTESIAN_POINT('Ctrl Pts',(65.7584123390633,-15.5085392146065,-43.9802498864135));
#5315=CARTESIAN_POINT('Ctrl Pts',(64.3289933566624,-15.5879360153752,-43.932628773735));
#5316=CARTESIAN_POINT('Ctrl Pts',(63.5139328788861,-15.667332816144,-45.1078661068055));
#5317=CARTESIAN_POINT('Ctrl Pts',(64.0594817363412,-15.7467296169128,-46.4299413007956));
#5318=CARTESIAN_POINT('Ctrl Pts',(65.4661478042242,-15.8261264176815,-46.6883923651096));
#5319=CARTESIAN_POINT('Ctrl Pts',(66.4460196073214,-15.9055232184503,-45.6465873807539));
#5320=CARTESIAN_POINT('Ctrl Pts',(66.1019488010294,-15.984920019219,-44.2583793067339));
#5321=CARTESIAN_POINT('Ctrl Pts',(64.7489587925975,-16.0643168199878,-43.7947798955248));
#5322=CARTESIAN_POINT('Ctrl Pts',(63.6258164747371,-16.1437136207566,-44.6802502284148));
#5323=CARTESIAN_POINT('Ctrl Pts',(63.7608454195609,-16.2231104215253,-46.1040737992099));
#5324=CARTESIAN_POINT('Ctrl Pts',(65.0304161950764,-16.3025072222941,-46.7626301162346));
#5325=CARTESIAN_POINT('Ctrl Pts',(66.2721386620746,-16.3819040230629,-46.0529599874833));
#5326=CARTESIAN_POINT('Ctrl Pts',(66.3491199595766,-16.4613008238316,-44.6248212489362));
#5327=CARTESIAN_POINT('Ctrl Pts',(65.1908777617002,-16.5406976246004,-43.7857852617662));
#5328=CARTESIAN_POINT('Ctrl Pts',(63.8578722929159,-16.6200944253691,-44.3040543008677));
#5329=CARTESIAN_POINT('Ctrl Pts',(63.570573055393,-16.6994912261379,-45.7051130165633));
#5330=CARTESIAN_POINT('Ctrl Pts',(64.5920246994444,-16.7788880269067,-46.7061839009512));
#5331=CARTESIAN_POINT('Ctrl Pts',(65.9870093218321,-16.8582848276754,-46.3907092110136));
#5332=CARTESIAN_POINT('Ctrl Pts',(66.4783107164156,-16.9376816284442,-45.0475304007219));
#5333=CARTESIAN_POINT('Ctrl Pts',(65.6161044957132,-17.017078429213,-43.9064314524819));
#5334=CARTESIAN_POINT('Ctrl Pts',(64.1898070737434,-17.0964752299817,-44.0121766210662));
#5335=CARTESIAN_POINT('Ctrl Pts',(63.5053039439565,-17.1758720307505,-45.2679480343029));
#5336=CARTESIAN_POINT('Ctrl Pts',(64.1893106104915,-17.2552688315193,-46.5239899351376));
#5337=CARTESIAN_POINT('Ctrl Pts',(65.6155661194114,-17.334665632288,-46.6302989150453));
#5338=CARTESIAN_POINT('Ctrl Pts',(66.4782233528345,-17.4140624330568,-45.4895408877664));
#5339=CARTESIAN_POINT('Ctrl Pts',(65.9874529576571,-17.4934592338255,-44.1461679709441));
#5340=CARTESIAN_POINT('Ctrl Pts',(64.5925931547259,-17.5728560345943,-43.8301418618288));
#5341=CARTESIAN_POINT('Ctrl Pts',(63.5707458594327,-17.6522528353631,-44.8308088907264));
#5342=CARTESIAN_POINT('Ctrl Pts',(63.8574912424041,-17.7316496361318,-46.2319810562878));
#5343=CARTESIAN_POINT('Ctrl Pts',(65.1902917131293,-17.8110464369006,-46.7507770176012));
#5344=CARTESIAN_POINT('Ctrl Pts',(66.3488655359134,-17.8904432376693,-45.9121989074671));
#5345=CARTESIAN_POINT('Ctrl Pts',(66.2724487057142,-17.9698400384381,-44.4840299406936));
#5346=CARTESIAN_POINT('Ctrl Pts',(65.0310070447981,-18.0492368392069,-43.7738688258597));
#5347=CARTESIAN_POINT('Ctrl Pts',(63.7611756844364,-18.1286336399756,-44.431923603436));
#5348=CARTESIAN_POINT('Ctrl Pts',(63.6255846306634,-18.2080304407444,-45.855692919462));
#5349=CARTESIAN_POINT('Ctrl Pts',(64.7483753640488,-18.2874272415132,-46.7416087225563));
#5350=CARTESIAN_POINT('Ctrl Pts',(66.1015515140123,-18.3668240422819,-46.278541019439));
#5351=CARTESIAN_POINT('Ctrl Pts',(66.4461649852133,-18.4462208430507,-44.8904755100165));
#5352=CARTESIAN_POINT('Ctrl Pts',(65.4667174323152,-18.5256176438195,-43.8482701564451));
#5353=CARTESIAN_POINT('Ctrl Pts',(64.0599242023369,-18.6050144445882,-44.1061917914302));
#5354=CARTESIAN_POINT('Ctrl Pts',(63.5139038227733,-18.684411245357,-45.4279970297952));
#5355=CARTESIAN_POINT('Ctrl Pts',(64.3283958348017,-18.7638080461257,-46.6036666795558));
#5356=CARTESIAN_POINT('Ctrl Pts',(65.7580446952414,-18.8432048468945,-46.5563864877058));
#5357=CARTESIAN_POINT('Ctrl Pts',(66.4931339222817,-18.9226016476633,-45.3302542973677));
#5358=CARTESIAN_POINT('Ctrl Pts',(65.8621889228132,-19.001998448432,-44.0462419511401));
#5359=CARTESIAN_POINT('Ctrl Pts',(64.4396853562627,-19.0813952492008,-43.8833371912351));
#5360=CARTESIAN_POINT('Ctrl Pts',(63.8374824072317,-19.1343264497133,-44.6168070740232));
#5361=CARTESIAN_POINT('Ctrl Pts',(63.7581837210364,-19.1607920499696,-45.0298060618539));
#5362=CARTESIAN_POINT('Ctrl Pts',(65.8100210625484,-13.9464026500102,-44.1791062922303));
#5363=CARTESIAN_POINT('Ctrl Pts',(65.4477995892431,-13.9728682502665,-43.9097123136049));
#5364=CARTESIAN_POINT('Ctrl Pts',(64.43932966894,-14.025799450779,-43.7658091274032));
#5365=CARTESIAN_POINT('Ctrl Pts',(63.4315265048256,-14.1051962515478,-44.926173792521));
#5366=CARTESIAN_POINT('Ctrl Pts',(63.8631366942713,-14.1845930523165,-46.399962253856));
#5367=CARTESIAN_POINT('Ctrl Pts',(65.3340050741689,-14.2639898530853,-46.8374583777268));
#5368=CARTESIAN_POINT('Ctrl Pts',(66.4998640302481,-14.343386653854,-45.8382757012594));
#5369=CARTESIAN_POINT('Ctrl Pts',(66.292089379672,-14.4227834546228,-44.3171555619449));
#5370=CARTESIAN_POINT('Ctrl Pts',(64.90150001804,-14.5021802553916,-43.6668441008538));
#5371=CARTESIAN_POINT('Ctrl Pts',(63.6010002224634,-14.5815770561603,-44.4827304969923));
#5372=CARTESIAN_POINT('Ctrl Pts',(63.5814395252719,-14.6609738569291,-46.0178181448361));
#5373=CARTESIAN_POINT('Ctrl Pts',(64.8606576827133,-14.7403706576978,-46.8666105644018));
#5374=CARTESIAN_POINT('Ctrl Pts',(66.267465843754,-14.8197674584666,-46.2519752351491));
#5375=CARTESIAN_POINT('Ctrl Pts',(66.5138056159494,-14.8991642592354,-44.7366570510114));
#5376=CARTESIAN_POINT('Ctrl Pts',(65.3741421767696,-14.9785610600041,-43.7080475014155));
#5377=CARTESIAN_POINT('Ctrl Pts',(63.8919213937066,-15.0579578607729,-44.1079178052969));
#5378=CARTESIAN_POINT('Ctrl Pts',(63.4242329186944,-15.1373546615417,-45.5701559506846));
#5379=CARTESIAN_POINT('Ctrl Pts',(64.3992807032198,-15.2167514623104,-46.7559698622184));
#5380=CARTESIAN_POINT('Ctrl Pts',(65.924333646558,-15.2961482630792,-46.5796553168918));
#5381=CARTESIAN_POINT('Ctrl Pts',(66.6030877070671,-15.3755450638479,-45.2026418864713));
#5382=CARTESIAN_POINT('Ctrl Pts',(65.8140912149509,-15.4549418646167,-43.8856917709334));
#5383=CARTESIAN_POINT('Ctrl Pts',(64.2797313635374,-15.5343386653855,-43.8345745517884));
#5384=CARTESIAN_POINT('Ctrl Pts',(63.404833178351,-15.6137354661542,-45.0960919948523));
#5385=CARTESIAN_POINT('Ctrl Pts',(63.9904335335788,-15.693132266923,-46.51522740804));
#5386=CARTESIAN_POINT('Ctrl Pts',(65.5003700640705,-15.7725290676918,-46.7926526706963));
#5387=CARTESIAN_POINT('Ctrl Pts',(66.5521792066068,-15.8519258684605,-45.6743635191749));
#5388=CARTESIAN_POINT('Ctrl Pts',(66.1828484241577,-15.9313226692293,-44.1842400771268));
#5389=CARTESIAN_POINT('Ctrl Pts',(64.7305285838162,-16.010719469998,-43.6866054910076));
#5390=CARTESIAN_POINT('Ctrl Pts',(63.5249307142165,-16.0901162707668,-44.6370826744867));
#5391=CARTESIAN_POINT('Ctrl Pts',(63.6698728160542,-16.1695130715356,-46.1654363268599));
#5392=CARTESIAN_POINT('Ctrl Pts',(65.0326491961517,-16.2489098723043,-46.8723405901851));
#5393=CARTESIAN_POINT('Ctrl Pts',(66.3655327827119,-16.3283066730731,-46.1105699919842));
#5394=CARTESIAN_POINT('Ctrl Pts',(66.4481656661779,-16.4077034738419,-44.5775843735938));
#5395=CARTESIAN_POINT('Ctrl Pts',(65.2048910570433,-16.4871002746106,-43.6769505157432));
#5396=CARTESIAN_POINT('Ctrl Pts',(63.7740229223681,-16.5664970753794,-44.2332683033329));
#5397=CARTESIAN_POINT('Ctrl Pts',(63.465631596365,-16.6458938761481,-45.7371858175842));
#5398=CARTESIAN_POINT('Ctrl Pts',(64.5620731660439,-16.7252906769169,-46.811750373068));
#5399=CARTESIAN_POINT('Ctrl Pts',(66.0594706571109,-16.8046874776857,-46.4731150923441));
#5400=CARTESIAN_POINT('Ctrl Pts',(66.5868409691562,-16.8840842784544,-45.0313267397652));
#5401=CARTESIAN_POINT('Ctrl Pts',(65.6613358338723,-16.9634810792232,-43.8064539528315));
#5402=CARTESIAN_POINT('Ctrl Pts',(64.1303267124115,-17.042877879992,-43.9199624084728));
#5403=CARTESIAN_POINT('Ctrl Pts',(63.3955707497143,-17.1222746807607,-45.2679263453911));
#5404=CARTESIAN_POINT('Ctrl Pts',(64.1297938012842,-17.2016714815295,-46.6161806277687));
#5405=CARTESIAN_POINT('Ctrl Pts',(65.6607579326462,-17.2810682822982,-46.730294286971));
#5406=CARTESIAN_POINT('Ctrl Pts',(66.5867471917734,-17.360465083067,-45.5057874497285));
#5407=CARTESIAN_POINT('Ctrl Pts',(66.0599468624831,-17.4398618838357,-44.063790740278));
#5408=CARTESIAN_POINT('Ctrl Pts',(64.5626833544997,-17.5192586846046,-43.7245635579089));
#5409=CARTESIAN_POINT('Ctrl Pts',(63.4658170868221,-17.5986554853733,-44.7986946088303));
#5410=CARTESIAN_POINT('Ctrl Pts',(63.7736138970132,-17.6780522861421,-46.3027339018753));
#5411=CARTESIAN_POINT('Ctrl Pts',(65.204261983686,-17.7574490869108,-46.8596172956984));
#5412=CARTESIAN_POINT('Ctrl Pts',(66.4478925639883,-17.8368458876796,-45.9594749299503));
#5413=CARTESIAN_POINT('Ctrl Pts',(66.3658655882216,-17.9162426884483,-44.4264568641265));
#5414=CARTESIAN_POINT('Ctrl Pts',(65.0332834231364,-17.9956394892171,-43.6641592340743));
#5415=CARTESIAN_POINT('Ctrl Pts',(63.6702273273428,-18.0750362899859,-44.3705251374064));
#5416=CARTESIAN_POINT('Ctrl Pts',(63.5246818492978,-18.1544330907546,-45.8988205518939));
#5417=CARTESIAN_POINT('Ctrl Pts',(64.7299023228303,-18.2338298915234,-46.8497759097956));
#5418=CARTESIAN_POINT('Ctrl Pts',(66.1824219702934,-18.3132266922921,-46.3527120671453));
#5419=CARTESIAN_POINT('Ctrl Pts',(66.5523352574242,-18.3926234930609,-44.8627416560821));
#5420=CARTESIAN_POINT('Ctrl Pts',(65.5009815114374,-18.4720202938297,-43.7440227422181));
#5421=CARTESIAN_POINT('Ctrl Pts',(63.9909084832387,-18.5514170945984,-44.0208797074638));
#5422=CARTESIAN_POINT('Ctrl Pts',(63.4048019890821,-18.6308138953672,-45.4397253462201));
#5423=CARTESIAN_POINT('Ctrl Pts',(64.2790899745782,-18.710210696136,-46.7017068445265));
#5424=CARTESIAN_POINT('Ctrl Pts',(65.8136965805385,-18.7896074969047,-46.6509555749302));
#5425=CARTESIAN_POINT('Ctrl Pts',(66.6027524214529,-18.8690042976735,-45.3348068260028));
#5426=CARTESIAN_POINT('Ctrl Pts',(65.9254865619996,-18.9484010984423,-43.9565286465277));
#5427=CARTESIAN_POINT('Ctrl Pts',(64.3985498220514,-19.027797899211,-43.7816642251929));
#5428=CARTESIAN_POINT('Ctrl Pts',(63.752136112165,-19.0807290997235,-44.5689818376124));
#5429=CARTESIAN_POINT('Ctrl Pts',(63.6670157087941,-19.1071946999798,-45.0123011676366));
#5430=CARTESIAN_POINT('Ctrl Pts',(65.8654215648004,-13.8928053000205,-44.1046159430029));
#5431=CARTESIAN_POINT('Ctrl Pts',(65.4784263487849,-13.9192709002767,-43.8167970569495));
#5432=CARTESIAN_POINT('Ctrl Pts',(64.4009832278914,-13.9722021007892,-43.6630517692357));
#5433=CARTESIAN_POINT('Ctrl Pts',(63.324252465249,-14.051598901558,-44.9027783103935));
#5434=CARTESIAN_POINT('Ctrl Pts',(63.7853821629856,-14.1309957023267,-46.4773649265621));
#5435=CARTESIAN_POINT('Ctrl Pts',(65.3568489819308,-14.2103925030955,-46.9447831207909));
#5436=CARTESIAN_POINT('Ctrl Pts',(66.6024455900895,-14.2897893038643,-45.8772624346487));
#5437=CARTESIAN_POINT('Ctrl Pts',(66.3804604188392,-14.369186104633,-44.2521069419945));
#5438=CARTESIAN_POINT('Ctrl Pts',(64.8947632140798,-14.4485829054018,-43.5573181376043));
#5439=CARTESIAN_POINT('Ctrl Pts',(63.505317153015,-14.5279797061705,-44.429006194186));
#5440=CARTESIAN_POINT('Ctrl Pts',(63.4844186232676,-14.6073765069393,-46.0690844878855));
#5441=CARTESIAN_POINT('Ctrl Pts',(64.8511275117618,-14.6867733077081,-46.9759291394867));
#5442=CARTESIAN_POINT('Ctrl Pts',(66.354152783031,-14.7661701084768,-46.3192564970718));
#5443=CARTESIAN_POINT('Ctrl Pts',(66.6173406953433,-14.8455669092456,-44.7002997779924));
#5444=CARTESIAN_POINT('Ctrl Pts',(65.3997312178994,-14.9249637100144,-43.6013395998203));
#5445=CARTESIAN_POINT('Ctrl Pts',(63.8161355605526,-15.0043605107831,-44.0285585971278));
#5446=CARTESIAN_POINT('Ctrl Pts',(63.316460042247,-15.0837573115519,-45.5908049260838));
#5447=CARTESIAN_POINT('Ctrl Pts',(64.3581951568291,-15.1631541123207,-46.8577212871172));
#5448=CARTESIAN_POINT('Ctrl Pts',(65.9875524333499,-15.2425509130894,-46.6693479007117));
#5449=CARTESIAN_POINT('Ctrl Pts',(66.7127291377322,-15.3219477138582,-45.1981551381762));
#5450=CARTESIAN_POINT('Ctrl Pts',(65.8697700908384,-15.4013445146269,-43.7911336554533));
#5451=CARTESIAN_POINT('Ctrl Pts',(64.2304693704125,-15.4807413153957,-43.7365203298417));
#5452=CARTESIAN_POINT('Ctrl Pts',(63.2957334778158,-15.5601381161645,-45.084317882899));
#5453=CARTESIAN_POINT('Ctrl Pts',(63.9213853308164,-15.6395349169332,-46.6005135152844));
#5454=CARTESIAN_POINT('Ctrl Pts',(65.5345923239167,-15.718931717702,-46.8969129762829));
#5455=CARTESIAN_POINT('Ctrl Pts',(66.6583388058921,-15.7983285184708,-45.7021396575959));
#5456=CARTESIAN_POINT('Ctrl Pts',(66.263748047286,-15.8777253192395,-44.1101008475197));
#5457=CARTESIAN_POINT('Ctrl Pts',(64.712098375035,-15.9571221200083,-43.5784310864903));
#5458=CARTESIAN_POINT('Ctrl Pts',(63.4240449536956,-16.036518920777,-44.5939151205585));
#5459=CARTESIAN_POINT('Ctrl Pts',(63.5789002125477,-16.1159157215458,-46.2267988545099));
#5460=CARTESIAN_POINT('Ctrl Pts',(65.0348821972269,-16.1953125223146,-46.9820510641356));
#5461=CARTESIAN_POINT('Ctrl Pts',(66.4589269033493,-16.2747093230833,-46.1681799964852));
#5462=CARTESIAN_POINT('Ctrl Pts',(66.5472113727792,-16.3541061238521,-44.5303474982515));
#5463=CARTESIAN_POINT('Ctrl Pts',(65.2189043523862,-16.4335029246209,-43.5681157697203));
#5464=CARTESIAN_POINT('Ctrl Pts',(63.6901735518203,-16.5128997253896,-44.1624823057981));
#5465=CARTESIAN_POINT('Ctrl Pts',(63.360690137337,-16.5922965261584,-45.7692586186052));
#5466=CARTESIAN_POINT('Ctrl Pts',(64.5321216326435,-16.6716933269271,-46.9173168451848));
#5467=CARTESIAN_POINT('Ctrl Pts',(66.1319319923898,-16.7510901276959,-46.5555209736746));
#5468=CARTESIAN_POINT('Ctrl Pts',(66.6953712218969,-16.8304869284647,-45.0151230788087));
#5469=CARTESIAN_POINT('Ctrl Pts',(65.7065671720312,-16.9098837292334,-43.7064764531811));
#5470=CARTESIAN_POINT('Ctrl Pts',(64.0708463510798,-16.9892805300022,-43.8277481958795));
#5471=CARTESIAN_POINT('Ctrl Pts',(63.285837555472,-17.0686773307709,-45.2679046564794));
#5472=CARTESIAN_POINT('Ctrl Pts',(64.0702769920769,-17.1480741315397,-46.7083713203997));
#5473=CARTESIAN_POINT('Ctrl Pts',(65.7059497458809,-17.2274709323085,-46.8302896588967));
#5474=CARTESIAN_POINT('Ctrl Pts',(66.6952710307123,-17.3068677330773,-45.5220340116906));
#5475=CARTESIAN_POINT('Ctrl Pts',(66.1324407673092,-17.386264533846,-43.9814135096118));
#5476=CARTESIAN_POINT('Ctrl Pts',(64.5327735542732,-17.4656613346148,-43.6189852539889));
#5477=CARTESIAN_POINT('Ctrl Pts',(63.3608883142117,-17.5450581353835,-44.7665803269342));
#5478=CARTESIAN_POINT('Ctrl Pts',(63.6897365516223,-17.6244549361523,-46.3734867474629));
#5479=CARTESIAN_POINT('Ctrl Pts',(65.2182322542426,-17.703851736921,-46.9684575737956));
#5480=CARTESIAN_POINT('Ctrl Pts',(66.5469195920633,-17.7832485376898,-46.0067509524334));
#5481=CARTESIAN_POINT('Ctrl Pts',(66.4592824707288,-17.8626453384586,-44.3688837875596));
#5482=CARTESIAN_POINT('Ctrl Pts',(65.0355598014747,-17.9420421392273,-43.5544496422889));
#5483=CARTESIAN_POINT('Ctrl Pts',(63.5792789702493,-18.0214389399961,-44.3091266713769));
#5484=CARTESIAN_POINT('Ctrl Pts',(63.4237790679323,-18.1008357407648,-45.9419481843258));
#5485=CARTESIAN_POINT('Ctrl Pts',(64.7114292816119,-18.1802325415336,-46.9579430970348));
#5486=CARTESIAN_POINT('Ctrl Pts',(66.2632924265746,-18.2596293423024,-46.4268831148516));
#5487=CARTESIAN_POINT('Ctrl Pts',(66.6585055296351,-18.3390261430712,-44.8350078021476));
#5488=CARTESIAN_POINT('Ctrl Pts',(65.5352455905596,-18.4184229438399,-43.6397753279912));
#5489=CARTESIAN_POINT('Ctrl Pts',(63.9218927641404,-18.4978197446087,-43.9355676234974));
#5490=CARTESIAN_POINT('Ctrl Pts',(63.2957001553909,-18.5772165453774,-45.4514536626451));
#5491=CARTESIAN_POINT('Ctrl Pts',(64.2297841143548,-18.6566133461462,-46.7997470094972));
#5492=CARTESIAN_POINT('Ctrl Pts',(65.8693484658356,-18.736010146915,-46.7455246621548));
#5493=CARTESIAN_POINT('Ctrl Pts',(66.712370920624,-18.8154069476837,-45.3393593546378));
#5494=CARTESIAN_POINT('Ctrl Pts',(65.988784201186,-18.8948037484525,-43.8668153419152));
#5495=CARTESIAN_POINT('Ctrl Pts',(64.35741428784,-18.9742005492212,-43.6799912591507));
#5496=CARTESIAN_POINT('Ctrl Pts',(63.6667898170982,-19.0271317497338,-44.5211566012016));
#5497=CARTESIAN_POINT('Ctrl Pts',(63.5758476965518,-19.05359734999,-44.9947962734192));
#5498=CARTESIAN_POINT('Ctrl Pts',(65.9208220670523,-13.8392079500307,-44.0301255937756));
#5499=CARTESIAN_POINT('Ctrl Pts',(65.5090531083267,-13.8656735502869,-43.7238818002941));
#5500=CARTESIAN_POINT('Ctrl Pts',(64.3626367868427,-13.9186047507994,-43.5602944110682));
#5501=CARTESIAN_POINT('Ctrl Pts',(63.2169784256724,-13.9980015515682,-44.8793828282662));
#5502=CARTESIAN_POINT('Ctrl Pts',(63.7076276316999,-14.0773983523369,-46.5547675992681));
#5503=CARTESIAN_POINT('Ctrl Pts',(65.3796928896926,-14.1567951531057,-47.052107863855));
#5504=CARTESIAN_POINT('Ctrl Pts',(66.7050271499309,-14.2361919538745,-45.9162491680379));
#5505=CARTESIAN_POINT('Ctrl Pts',(66.4688314580063,-14.3155887546433,-44.187058322044));
#5506=CARTESIAN_POINT('Ctrl Pts',(64.8880264101196,-14.394985555412,-43.4477921743548));
#5507=CARTESIAN_POINT('Ctrl Pts',(63.4096340835667,-14.4743823561808,-44.3752818913796));
#5508=CARTESIAN_POINT('Ctrl Pts',(63.3873977212632,-14.5537791569495,-46.1203508309348));
#5509=CARTESIAN_POINT('Ctrl Pts',(64.8415973408103,-14.6331759577183,-47.0852477145717));
#5510=CARTESIAN_POINT('Ctrl Pts',(66.4408397223079,-14.7125727584871,-46.3865377589944));
#5511=CARTESIAN_POINT('Ctrl Pts',(66.7208757747372,-14.7919695592558,-44.6639425049735));
#5512=CARTESIAN_POINT('Ctrl Pts',(65.4253202590292,-14.8713663600246,-43.494631698225));
#5513=CARTESIAN_POINT('Ctrl Pts',(63.7403497273988,-14.9507631607934,-43.9491993889586));
#5514=CARTESIAN_POINT('Ctrl Pts',(63.2086871657996,-15.0301599615621,-45.6114539014831));
#5515=CARTESIAN_POINT('Ctrl Pts',(64.3171096104383,-15.1095567623309,-46.959472712016));
#5516=CARTESIAN_POINT('Ctrl Pts',(66.0507712201417,-15.1889535630996,-46.7590404845315));
#5517=CARTESIAN_POINT('Ctrl Pts',(66.8223705683974,-15.2683503638684,-45.1936683898811));
#5518=CARTESIAN_POINT('Ctrl Pts',(65.9254489667258,-15.3477471646372,-43.6965755399732));
#5519=CARTESIAN_POINT('Ctrl Pts',(64.1812073772876,-15.4271439654059,-43.6384661078951));
#5520=CARTESIAN_POINT('Ctrl Pts',(63.1866337772806,-15.5065407661747,-45.0725437709458));
#5521=CARTESIAN_POINT('Ctrl Pts',(63.8523371280542,-15.5859375669435,-46.6857996225288));
#5522=CARTESIAN_POINT('Ctrl Pts',(65.5688145837628,-15.6653343677122,-47.0011732818697));
#5523=CARTESIAN_POINT('Ctrl Pts',(66.7644984051776,-15.744731168481,-45.7299157960169));
#5524=CARTESIAN_POINT('Ctrl Pts',(66.344647670414,-15.8241279692497,-44.0359616179126));
#5525=CARTESIAN_POINT('Ctrl Pts',(64.6936681662538,-15.9035247700185,-43.4702566819731));
#5526=CARTESIAN_POINT('Ctrl Pts',(63.3231591931748,-15.9829215707873,-44.5507475666303));
#5527=CARTESIAN_POINT('Ctrl Pts',(63.4879276090411,-16.062318371556,-46.2881613821598));
#5528=CARTESIAN_POINT('Ctrl Pts',(65.0371151983022,-16.1417151723248,-47.0917615380862));
#5529=CARTESIAN_POINT('Ctrl Pts',(66.5523210239866,-16.2211119730935,-46.2257900009861));
#5530=CARTESIAN_POINT('Ctrl Pts',(66.6462570793806,-16.3005087738623,-44.4831106229091));
#5531=CARTESIAN_POINT('Ctrl Pts',(65.2329176477292,-16.3799055746311,-43.4592810236974));
#5532=CARTESIAN_POINT('Ctrl Pts',(63.6063241812726,-16.4593023753999,-44.0916963082633));
#5533=CARTESIAN_POINT('Ctrl Pts',(63.2557486783089,-16.5386991761686,-45.8013314196262));
#5534=CARTESIAN_POINT('Ctrl Pts',(64.502170099243,-16.6180959769374,-47.0228833173016));
#5535=CARTESIAN_POINT('Ctrl Pts',(66.2043933276686,-16.6974927777061,-46.6379268550051));
#5536=CARTESIAN_POINT('Ctrl Pts',(66.8039014746377,-16.7768895784749,-44.9989194178521));
#5537=CARTESIAN_POINT('Ctrl Pts',(65.7517985101902,-16.8562863792437,-43.6064989535307));
#5538=CARTESIAN_POINT('Ctrl Pts',(64.0113659897479,-16.9356831800124,-43.7355339832861));
#5539=CARTESIAN_POINT('Ctrl Pts',(63.1761043612298,-17.0150799807812,-45.2678829675677));
#5540=CARTESIAN_POINT('Ctrl Pts',(64.0107601828695,-17.09447678155,-46.8005620130308));
#5541=CARTESIAN_POINT('Ctrl Pts',(65.7511415591157,-17.1738735823187,-46.9302850308225));
#5542=CARTESIAN_POINT('Ctrl Pts',(66.8037948696511,-17.2532703830875,-45.5382805736526));
#5543=CARTESIAN_POINT('Ctrl Pts',(66.2049346721352,-17.3326671838562,-43.8990362789457));
#5544=CARTESIAN_POINT('Ctrl Pts',(64.5028637540469,-17.412063984625,-43.5134069500689));
#5545=CARTESIAN_POINT('Ctrl Pts',(63.2559595416011,-17.4914607853937,-44.7344660450383));
#5546=CARTESIAN_POINT('Ctrl Pts',(63.6058592062315,-17.5708575861625,-46.4442395930504));
#5547=CARTESIAN_POINT('Ctrl Pts',(65.2322025247992,-17.6502543869313,-47.0772978518929));
#5548=CARTESIAN_POINT('Ctrl Pts',(66.6459466201381,-17.7296511877001,-46.0540269749165));
#5549=CARTESIAN_POINT('Ctrl Pts',(66.5526993532361,-17.8090479884688,-44.3113107109927));
#5550=CARTESIAN_POINT('Ctrl Pts',(65.0378361798131,-17.8884447892376,-43.4447400505034));
#5551=CARTESIAN_POINT('Ctrl Pts',(63.4883306131558,-17.9678415900063,-44.2477282053475));
#5552=CARTESIAN_POINT('Ctrl Pts',(63.3228762865667,-18.0472383907751,-45.9850758167576));
#5553=CARTESIAN_POINT('Ctrl Pts',(64.6929562403934,-18.1266351915438,-47.0661102842741));
#5554=CARTESIAN_POINT('Ctrl Pts',(66.3441628828558,-18.2060319923126,-46.5010541625579));
#5555=CARTESIAN_POINT('Ctrl Pts',(66.7646758018459,-18.2854287930814,-44.8072739482132));
#5556=CARTESIAN_POINT('Ctrl Pts',(65.5695096696817,-18.3648255938501,-43.5355279137642));
#5557=CARTESIAN_POINT('Ctrl Pts',(63.8528770450422,-18.4442223946189,-43.850255539531));
#5558=CARTESIAN_POINT('Ctrl Pts',(63.1865983216997,-18.5236191953877,-45.46318197907));
#5559=CARTESIAN_POINT('Ctrl Pts',(64.1804782541313,-18.6030159961564,-46.8977871744679));
#5560=CARTESIAN_POINT('Ctrl Pts',(65.9250003511329,-18.6824127969252,-46.8400937493793));
#5561=CARTESIAN_POINT('Ctrl Pts',(66.8219894197951,-18.7618095976939,-45.3439118832728));
#5562=CARTESIAN_POINT('Ctrl Pts',(66.0520818403724,-18.8412063984627,-43.7771020373028));
#5563=CARTESIAN_POINT('Ctrl Pts',(64.3162787536287,-18.9206031992315,-43.5783182931086));
#5564=CARTESIAN_POINT('Ctrl Pts',(63.5814435220314,-18.973534399744,-44.4733313647908));
#5565=CARTESIAN_POINT('Ctrl Pts',(63.4846796843094,-19.0000000000002,-44.9772913792019));
#5566=CARTESIAN_POINT('Ctrl Pts',(63.4846796843094,-19.0000000000002,-44.9772913792019));
#5567=CARTESIAN_POINT('Ctrl Pts',(63.5016646313967,-19.0000000000002,-44.9179540578763));
#5568=CARTESIAN_POINT('Ctrl Pts',(63.5224633132342,-19.0000000000002,-44.8598681393737));
#5569=CARTESIAN_POINT('Ctrl Pts',(63.5468051465471,-19.0000000000003,-44.803273729515));
#5570=CARTESIAN_POINT('Ctrl Pts',(63.5701636941871,-19.0000000000003,-44.748965444603));
#5571=CARTESIAN_POINT('Ctrl Pts',(63.5967860136204,-19.0000000000003,-44.6960301014803));
#5572=CARTESIAN_POINT('Ctrl Pts',(63.6264702117968,-19.0000000000003,-44.6447097185451));
#5573=CARTESIAN_POINT('Ctrl Pts',(63.6336660174874,-19.0000000000003,-44.6322690421498));
#5574=CARTESIAN_POINT('Ctrl Pts',(63.6410382338149,-19.0000000000003,-44.6199298761703));
#5575=CARTESIAN_POINT('Ctrl Pts',(63.6485797965715,-19.0000000000003,-44.6077016059045));
#5576=CARTESIAN_POINT('Ctrl Pts',(63.6801728238382,-19.0000000000003,-44.5564750778756));
#5577=CARTESIAN_POINT('Ctrl Pts',(63.714754959509,-19.0000000000003,-44.5071569903276));
#5578=CARTESIAN_POINT('Ctrl Pts',(63.752098258722,-19.0000000000003,-44.4599948419065));
#5579=CARTESIAN_POINT('Ctrl Pts',(63.7761417993254,-19.0000000000003,-44.4296294201467));
#5580=CARTESIAN_POINT('Ctrl Pts',(63.8013307616592,-19.0000000000003,-44.4001584390595));
#5581=CARTESIAN_POINT('Ctrl Pts',(63.8276107212207,-19.0000000000003,-44.3716574757472));
#5582=CARTESIAN_POINT('Ctrl Pts',(63.8385290644439,-19.0000000000003,-44.3598163882863));
#5583=CARTESIAN_POINT('Ctrl Pts',(63.8496398377103,-19.0000000000003,-44.3481389200806));
#5584=CARTESIAN_POINT('Ctrl Pts',(63.8609164545888,-19.0000000000003,-44.3366535364128));
#5585=CARTESIAN_POINT('Ctrl Pts',(63.9035834781088,-19.0000000000002,-44.2931966077638));
#5586=CARTESIAN_POINT('Ctrl Pts',(63.9486699110002,-19.0000000000002,-44.2524300696522));
#5587=CARTESIAN_POINT('Ctrl Pts',(63.9959357757076,-19.0000000000002,-44.21460696341));
#5588=CARTESIAN_POINT('Ctrl Pts',(64.0404519658346,-19.0000000000002,-44.1789842026905));
#5589=CARTESIAN_POINT('Ctrl Pts',(64.0869024560225,-19.0000000000002,-44.1459721716813));
#5590=CARTESIAN_POINT('Ctrl Pts',(64.1351086863426,-19.0000000000002,-44.1158270405525));
#5591=CARTESIAN_POINT('Ctrl Pts',(64.1621315486118,-19.0000000000002,-44.098928649594));
#5592=CARTESIAN_POINT('Ctrl Pts',(64.1897064406565,-19.0000000000002,-44.0829319765477));
#5593=CARTESIAN_POINT('Ctrl Pts',(64.2178034476194,-19.0000000000002,-44.0678892064395));
#5594=CARTESIAN_POINT('Ctrl Pts',(64.242607841461,-19.0000000000002,-44.0546092583396));
#5595=CARTESIAN_POINT('Ctrl Pts',(64.2678191816722,-19.0000000000002,-44.042072802197));
#5596=CARTESIAN_POINT('Ctrl Pts',(64.2934171228543,-19.0000000000002,-44.0303194102324));
#5597=CARTESIAN_POINT('Ctrl Pts',(64.3022839513196,-19.0000000000002,-44.0262481722491));
#5598=CARTESIAN_POINT('Ctrl Pts',(64.311193262828,-19.0000000000002,-44.0222727777155));
#5599=CARTESIAN_POINT('Ctrl Pts',(64.3201367366874,-19.0000000000002,-44.0183977177381));
#5600=CARTESIAN_POINT('Ctrl Pts',(64.370141489483,-19.0000000000002,-43.9967314816327));
#5601=CARTESIAN_POINT('Ctrl Pts',(64.421282295173,-19.0000000000002,-43.9781661471992));
#5602=CARTESIAN_POINT('Ctrl Pts',(64.4733960439584,-19.0000000000002,-43.9629214483287));
#5603=CARTESIAN_POINT('Ctrl Pts',(64.5276392459332,-19.0000000000002,-43.9470538260764));
#5604=CARTESIAN_POINT('Ctrl Pts',(64.5829376176955,-19.0000000000002,-43.9347836267628));
#5605=CARTESIAN_POINT('Ctrl Pts',(64.6389489150672,-19.0000000000002,-43.9260427900545));
#5606=CARTESIAN_POINT('Ctrl Pts',(64.6869762148443,-19.0000000000002,-43.9185478951924));
#5607=CARTESIAN_POINT('Ctrl Pts',(64.7355282123738,-19.0000000000002,-43.9136489397638));
#5608=CARTESIAN_POINT('Ctrl Pts',(64.7843823496185,-19.0000000000002,-43.9113327835616));
#5609=CARTESIAN_POINT('Ctrl Pts',(64.7947127013077,-19.0000000000002,-43.9108430254882));
#5610=CARTESIAN_POINT('Ctrl Pts',(64.8050565211432,-19.0000000000002,-43.9104688427688));
#5611=CARTESIAN_POINT('Ctrl Pts',(64.8154116296383,-19.0000000000002,-43.9102102571323));
#5612=CARTESIAN_POINT('Ctrl Pts',(64.8252249346326,-19.0000000000002,-43.9099652013012));
#5613=CARTESIAN_POINT('Ctrl Pts',(64.8350435908206,-19.0000000000002,-43.9098241380574));
#5614=CARTESIAN_POINT('Ctrl Pts',(64.844857773674,-19.0000000000002,-43.9097866855789));
#5615=CARTESIAN_POINT('Ctrl Pts',(64.9003670546902,-19.0000000000001,-43.9095748533577));
#5616=CARTESIAN_POINT('Ctrl Pts',(64.9558120630597,-19.0000000000001,-43.912671248449));
#5617=CARTESIAN_POINT('Ctrl Pts',(65.0108715787541,-19.0000000000001,-43.9189989998264));
#5618=CARTESIAN_POINT('Ctrl Pts',(65.0656014132303,-19.0000000000001,-43.9252888623712));
#5619=CARTESIAN_POINT('Ctrl Pts',(65.1199514796344,-19.0000000000001,-43.9347719289107));
#5620=CARTESIAN_POINT('Ctrl Pts',(65.1735891104268,-19.0000000000001,-43.9474206245236));
#5621=CARTESIAN_POINT('Ctrl Pts',(65.2012257626111,-19.0000000000001,-43.9539378326119));
#5622=CARTESIAN_POINT('Ctrl Pts',(65.2286728934579,-19.0000000000001,-43.9612961927659));
#5623=CARTESIAN_POINT('Ctrl Pts',(65.25588173841,-19.0000000000001,-43.9694963928272));
#5624=CARTESIAN_POINT('Ctrl Pts',(65.2732789627499,-19.0000000000001,-43.9747395672564));
#5625=CARTESIAN_POINT('Ctrl Pts',(65.2905787194983,-19.0000000000001,-43.9803269680601));
#5626=CARTESIAN_POINT('Ctrl Pts',(65.3077676363135,-19.0000000000001,-43.9862593757061));
#5627=CARTESIAN_POINT('Ctrl Pts',(65.3172815392837,-19.0000000000001,-43.989542907259));
#5628=CARTESIAN_POINT('Ctrl Pts',(65.3267638537363,-19.0000000000001,-43.9929330254432));
#5629=CARTESIAN_POINT('Ctrl Pts',(65.336204464199,-19.0000000000001,-43.9964270275662));
#5630=CARTESIAN_POINT('Ctrl Pts',(65.3861801917289,-19.0000000000001,-44.0149232147333));
#5631=CARTESIAN_POINT('Ctrl Pts',(65.4348436201045,-19.0000000000001,-44.0362712513216));
#5632=CARTESIAN_POINT('Ctrl Pts',(65.4818974158313,-19.,-44.0604297581052));
#5633=CARTESIAN_POINT('Ctrl Pts',(65.5272790824892,-19.,-44.0837297551592));
#5634=CARTESIAN_POINT('Ctrl Pts',(65.5711641815088,-19.,-44.109644578994));
#5635=CARTESIAN_POINT('Ctrl Pts',(65.6132555411861,-19.,-44.1381729779618));
#5636=CARTESIAN_POINT('Ctrl Pts',(65.6547775930717,-19.,-44.1663155153194));
#5637=CARTESIAN_POINT('Ctrl Pts',(65.6945547807913,-19.,-44.1970017651895));
#5638=CARTESIAN_POINT('Ctrl Pts',(65.7322614990998,-19.,-44.2302596182263));
#5639=CARTESIAN_POINT('Ctrl Pts',(65.7402182429398,-19.,-44.237277577602));
#5640=CARTESIAN_POINT('Ctrl Pts',(65.7480826256558,-19.,-44.2444101416415));
#5641=CARTESIAN_POINT('Ctrl Pts',(65.7558532732771,-19.,-44.2516549539267));
#5642=CARTESIAN_POINT('Ctrl Pts',(65.7546205602965,-14.,-44.2535966414576));
#5643=CARTESIAN_POINT('Ctrl Pts',(65.7176454365243,-14.,-44.2192853743807));
#5644=CARTESIAN_POINT('Ctrl Pts',(65.678606561506,-14.,-44.1875102478708));
#5645=CARTESIAN_POINT('Ctrl Pts',(65.6378233934899,-14.,-44.1582483375874));
#5646=CARTESIAN_POINT('Ctrl Pts',(65.5951988124138,-14.,-44.12766521401));
#5647=CARTESIAN_POINT('Ctrl Pts',(65.5506683700285,-14.,-44.0998267968668));
#5648=CARTESIAN_POINT('Ctrl Pts',(65.5045491625072,-14.,-44.074738548758));
#5649=CARTESIAN_POINT('Ctrl Pts',(65.4669824763068,-14.,-44.0543027608363));
#5650=CARTESIAN_POINT('Ctrl Pts',(65.4283605158497,-14.,-44.0356922232245));
#5651=CARTESIAN_POINT('Ctrl Pts',(65.3888370186318,-14.,-44.0189283726104));
#5652=CARTESIAN_POINT('Ctrl Pts',(65.370113416288,-14.,-44.0109867759718));
#5653=CARTESIAN_POINT('Ctrl Pts',(65.3511872940373,-14.,-44.0034598748803));
#5654=CARTESIAN_POINT('Ctrl Pts',(65.3320741140727,-14.,-43.9963514006588));
#5655=CARTESIAN_POINT('Ctrl Pts',(65.3226500925546,-14.,-43.9928464677199));
#5656=CARTESIAN_POINT('Ctrl Pts',(65.3131888101177,-14.,-43.9894463625677));
#5657=CARTESIAN_POINT('Ctrl Pts',(65.3036960115522,-14.,-43.9861522797349));
#5658=CARTESIAN_POINT('Ctrl Pts',(65.2522015501587,-14.,-43.9682832582775));
#5659=CARTESIAN_POINT('Ctrl Pts',(65.1997493648053,-14.,-43.9535185840557));
#5660=CARTESIAN_POINT('Ctrl Pts',(65.1466720120652,-14.,-43.9418617961496));
#5661=CARTESIAN_POINT('Ctrl Pts',(65.0927812882031,-14.,-43.9300263766017));
#5662=CARTESIAN_POINT('Ctrl Pts',(65.0382451079526,-14.,-43.9213943244966));
#5663=CARTESIAN_POINT('Ctrl Pts',(64.9833809644171,-14.,-43.9160125594168));
#5664=CARTESIAN_POINT('Ctrl Pts',(64.943516255793,-14.,-43.9121021275215));
#5665=CARTESIAN_POINT('Ctrl Pts',(64.9034776900983,-14.,-43.9099085914294));
#5666=CARTESIAN_POINT('Ctrl Pts',(64.8633818303218,-14.,-43.9094662277743));
#5667=CARTESIAN_POINT('Ctrl Pts',(64.8507222829463,-14.,-43.9093265593975));
#5668=CARTESIAN_POINT('Ctrl Pts',(64.8380570078065,-14.,-43.90936156841));
#5669=CARTESIAN_POINT('Ctrl Pts',(64.8253896467208,-14.,-43.9095726417279));
#5670=CARTESIAN_POINT('Ctrl Pts',(64.8164596536468,-14.,-43.909721440144));
#5671=CARTESIAN_POINT('Ctrl Pts',(64.8075310281264,-14.,-43.9099577580866));
#5672=CARTESIAN_POINT('Ctrl Pts',(64.7986138326646,-14.,-43.9102814933876));
#5673=CARTESIAN_POINT('Ctrl Pts',(64.7417937351977,-14.,-43.91234432485));
#5674=CARTESIAN_POINT('Ctrl Pts',(64.6853377480048,-14.,-43.9179539786041));
#5675=CARTESIAN_POINT('Ctrl Pts',(64.6295829320268,-14.,-43.9271425832344));
#5676=CARTESIAN_POINT('Ctrl Pts',(64.5885638333187,-14.,-43.9339026859038));
#5677=CARTESIAN_POINT('Ctrl Pts',(64.5479235760151,-14.,-43.9426008485294));
#5678=CARTESIAN_POINT('Ctrl Pts',(64.5077920187578,-14.,-43.953267365688));
#5679=CARTESIAN_POINT('Ctrl Pts',(64.4546217153673,-14.,-43.9673994351168));
#5680=CARTESIAN_POINT('Ctrl Pts',(64.4023435435175,-14.,-43.9849846104006));
#5681=CARTESIAN_POINT('Ctrl Pts',(64.3511422888783,-14.,-44.005782196802));
#5682=CARTESIAN_POINT('Ctrl Pts',(64.3364302689233,-14.,-44.0117581149374));
#5683=CARTESIAN_POINT('Ctrl Pts',(64.3218072242482,-14.,-44.017999581214));
#5684=CARTESIAN_POINT('Ctrl Pts',(64.3072777306756,-14.,-44.0245016387717));
#5685=CARTESIAN_POINT('Ctrl Pts',(64.2980034438689,-14.,-44.0286519518107));
#5686=CARTESIAN_POINT('Ctrl Pts',(64.2887673739615,-14.,-44.0329085169318));
#5687=CARTESIAN_POINT('Ctrl Pts',(64.2795836110849,-14.,-44.0372636522807));
#5688=CARTESIAN_POINT('Ctrl Pts',(64.2283850367024,-14.,-44.061543103319));
#5689=CARTESIAN_POINT('Ctrl Pts',(64.1787101335294,-14.,-44.0889262636982));
#5690=CARTESIAN_POINT('Ctrl Pts',(64.1307432348623,-14.,-44.1191112320712));
#5691=CARTESIAN_POINT('Ctrl Pts',(64.0816223710849,-14.,-44.1500223762304));
#5692=CARTESIAN_POINT('Ctrl Pts',(64.0342918149868,-14.,-44.1838721717613));
#5693=CARTESIAN_POINT('Ctrl Pts',(63.988959165555,-14.,-44.2203914447436));
#5694=CARTESIAN_POINT('Ctrl Pts',(63.9602504492945,-14.,-44.243518737307));
#5695=CARTESIAN_POINT('Ctrl Pts',(63.932343239061,-14.,-44.2677177259941));
#5696=CARTESIAN_POINT('Ctrl Pts',(63.9052946702064,-14.,-44.2929298010003));
#5697=CARTESIAN_POINT('Ctrl Pts',(63.8843392298677,-14.,-44.3124624474944));
#5698=CARTESIAN_POINT('Ctrl Pts',(63.8638992164204,-14.,-44.3326033185154));
#5699=CARTESIAN_POINT('Ctrl Pts',(63.8440032325468,-14.,-44.3533278193476));
#5700=CARTESIAN_POINT('Ctrl Pts',(63.8361972262177,-14.,-44.3614588866872));
#5701=CARTESIAN_POINT('Ctrl Pts',(63.828481181971,-14.,-44.3696733875404));
#5702=CARTESIAN_POINT('Ctrl Pts',(63.8208581620224,-14.,-44.3779676258641));
#5703=CARTESIAN_POINT('Ctrl Pts',(63.7837329767099,-14.,-44.4183617395977));
#5704=CARTESIAN_POINT('Ctrl Pts',(63.7488000009199,-14.,-44.4606578934567));
#5705=CARTESIAN_POINT('Ctrl Pts',(63.7162307665128,-14.,-44.5046482664577));
#5706=CARTESIAN_POINT('Ctrl Pts',(63.6915619470399,-14.,-44.5379677653609));
#5707=CARTESIAN_POINT('Ctrl Pts',(63.6682493998254,-14.,-44.5722599893678));
#5708=CARTESIAN_POINT('Ctrl Pts',(63.6463757519164,-14.,-44.6074454709219));
#5709=CARTESIAN_POINT('Ctrl Pts',(63.638907984654,-14.,-44.6194579614015));
#5710=CARTESIAN_POINT('Ctrl Pts',(63.631607177278,-14.,-44.6315760577508));
#5711=CARTESIAN_POINT('Ctrl Pts',(63.6244794429797,-14.,-44.643792361163));
#5712=CARTESIAN_POINT('Ctrl Pts',(63.5937690341792,-14.,-44.6964272737621));
#5713=CARTESIAN_POINT('Ctrl Pts',(63.5663480079682,-14.,-44.7507449574179));
#5714=CARTESIAN_POINT('Ctrl Pts',(63.5424562502572,-14.,-44.8064805880028));
#5715=CARTESIAN_POINT('Ctrl Pts',(63.5238036727696,-14.,-44.8499940532272));
#5716=CARTESIAN_POINT('Ctrl Pts',(63.5073026200396,-14.,-44.8943727600251));
#5717=CARTESIAN_POINT('Ctrl Pts',(63.4930844201469,-14.,-44.939504672189));
#5718=CARTESIAN_POINT('Ctrl Pts',(63.4892104384374,-14.,-44.9518016017272));
#5719=CARTESIAN_POINT('Ctrl Pts',(63.4855060325784,-14.,-44.964154505455));
#5720=CARTESIAN_POINT('Ctrl Pts',(63.4819700667532,-14.,-44.9765603703183));
#5721=CARTESIAN_POINT('Ctrl Pts',(65.0894452905243,-14.8065803263806,-46.5305441778905));
#5722=CARTESIAN_POINT('Ctrl Pts',(65.0229975574281,-14.8023762201496,-46.5358859921681));
#5723=CARTESIAN_POINT('Ctrl Pts',(64.9562480584753,-14.7981721139186,-46.5358443320534));
#5724=CARTESIAN_POINT('Ctrl Pts',(64.8899984577353,-14.7939680076876,-46.5300689553801));
#5725=CARTESIAN_POINT('Ctrl Pts',(64.4729453782018,-14.7675024074313,-46.4937119268068));
#5726=CARTESIAN_POINT('Ctrl Pts',(64.075702902739,-14.7410368071751,-46.2301318642968));
#5727=CARTESIAN_POINT('Ctrl Pts',(63.8801188091135,-14.7145712069188,-45.8599923327104));
#5728=CARTESIAN_POINT('Ctrl Pts',(63.684534715488,-14.6881056066626,-45.4898528011241));
#5729=CARTESIAN_POINT('Ctrl Pts',(63.6906090036999,-14.6616400064063,-45.0131538004614));
#5730=CARTESIAN_POINT('Ctrl Pts',(63.8955717361539,-14.6351744061501,-44.6481235108475));
#5731=CARTESIAN_POINT('Ctrl Pts',(64.1005344686079,-14.6087088058938,-44.2830932212335));
#5732=CARTESIAN_POINT('Ctrl Pts',(64.504385645304,-14.5822432056376,-44.0297316426684));
#5733=CARTESIAN_POINT('Ctrl Pts',(64.9222248200695,-14.5557776053813,-44.0040232063512));
#5734=CARTESIAN_POINT('Ctrl Pts',(65.340063994835,-14.5293120051251,-43.978314770034));
#5735=CARTESIAN_POINT('Ctrl Pts',(65.7718911676699,-14.5028464048688,-44.1802594759647));
#5736=CARTESIAN_POINT('Ctrl Pts',(66.0200654424044,-14.4763808046125,-44.5174126265925));
#5737=CARTESIAN_POINT('Ctrl Pts',(66.2682397171388,-14.4499152043563,-44.8545657772203));
#5738=CARTESIAN_POINT('Ctrl Pts',(66.3327610937728,-14.4234496041,-45.3269273725453));
#5739=CARTESIAN_POINT('Ctrl Pts',(66.1840015647565,-14.3969840038438,-45.7182489480065));
#5740=CARTESIAN_POINT('Ctrl Pts',(66.0352420357402,-14.3705184035875,-46.1095705234678));
#5741=CARTESIAN_POINT('Ctrl Pts',(65.6732016010737,-14.3440528033313,-46.4198520790653));
#5742=CARTESIAN_POINT('Ctrl Pts',(65.2638030602653,-14.317587203075,-46.5070638479452));
#5743=CARTESIAN_POINT('Ctrl Pts',(65.2070476341785,-14.3139182441769,-46.5191541233351));
#5744=CARTESIAN_POINT('Ctrl Pts',(65.1493820506534,-14.3102492852787,-46.5269573052968));
#5745=CARTESIAN_POINT('Ctrl Pts',(65.0913624061095,-14.3065803263806,-46.5306390256406));
#5746=CARTESIAN_POINT('Ctrl Pts',(63.5416463712062,-14.,-45.7722806402514));
#5747=CARTESIAN_POINT('Ctrl Pts',(63.7092773123357,-14.0264656002563,-46.2572948709621));
#5748=CARTESIAN_POINT('Ctrl Pts',(64.5642196832272,-14.0793968007687,-47.0383886591731));
#5749=CARTESIAN_POINT('Ctrl Pts',(66.2539423108064,-14.1587936015375,-46.5941419825114));
#5750=CARTESIAN_POINT('Ctrl Pts',(66.7925857513896,-14.2381904023063,-44.9335647712777));
#5751=CARTESIAN_POINT('Ctrl Pts',(65.691431487821,-14.317587203075,-43.5805640406905));
#5752=CARTESIAN_POINT('Ctrl Pts',(63.9565073898461,-14.3969840038438,-43.7721979705352));
#5753=CARTESIAN_POINT('Ctrl Pts',(63.1773308790021,-14.4763808046126,-45.3338555027537));
#5754=CARTESIAN_POINT('Ctrl Pts',(64.0667770704308,-14.5557776053813,-46.8353032870852));
#5755=CARTESIAN_POINT('Ctrl Pts',(65.8107454819063,-14.6351744061501,-46.9020540082857));
#5756=CARTESIAN_POINT('Ctrl Pts',(66.8123723081293,-14.7145712069189,-45.4728918565536));
#5757=CARTESIAN_POINT('Ctrl Pts',(66.1546527348853,-14.7939680076876,-43.8563745527949));
#5758=CARTESIAN_POINT('Ctrl Pts',(64.4397493992269,-14.8733648084564,-43.5325243286927));
#5759=CARTESIAN_POINT('Ctrl Pts',(63.2378037795815,-14.9527616092251,-44.7978630149972));
#5760=CARTESIAN_POINT('Ctrl Pts',(63.6492825989831,-15.0321584099939,-46.4938694127093));
#5761=CARTESIAN_POINT('Ctrl Pts',(65.2974488240876,-15.1115552107626,-47.0677215050366));
#5762=CARTESIAN_POINT('Ctrl Pts',(66.6732771499257,-15.1909520115314,-45.9940119448208));
#5763=CARTESIAN_POINT('Ctrl Pts',(66.5170913147524,-15.2703488123001,-44.2558054922457));
#5764=CARTESIAN_POINT('Ctrl Pts',(64.9718910883678,-15.3497456130689,-43.4445641155874));
#5765=CARTESIAN_POINT('Ctrl Pts',(63.4524268803486,-15.4291424138376,-44.3030421447223));
#5766=CARTESIAN_POINT('Ctrl Pts',(63.3498854715248,-15.5085392146064,-46.0452365303048));
#5767=CARTESIAN_POINT('Ctrl Pts',(64.7581514957153,-15.5879360153752,-47.0760337413184));
#5768=CARTESIAN_POINT('Ctrl Pts',(66.3878485720873,-15.6673328161439,-46.4516592658665));
#5769=CARTESIAN_POINT('Ctrl Pts',(66.7468631200131,-15.7467296169127,-44.7437761887537));
#5770=CARTESIAN_POINT('Ctrl Pts',(65.5064895753086,-15.8261264176815,-43.516083422892));
#5771=CARTESIAN_POINT('Ctrl Pts',(63.8023857593752,-15.9055232184502,-43.8926285562571));
#5772=CARTESIAN_POINT('Ctrl Pts',(63.1947903828797,-15.984920019219,-45.5286554240881));
#5773=CARTESIAN_POINT('Ctrl Pts',(64.2400039599626,-16.0643168199877,-46.9262550208208));
#5774=CARTESIAN_POINT('Ctrl Pts',(65.9810527013683,-16.1437136207565,-46.8058169289564));
#5775=CARTESIAN_POINT('Ctrl Pts',(66.8238719612939,-16.2231104215252,-45.27761152746));
#5776=CARTESIAN_POINT('Ctrl Pts',(65.9967955862339,-16.302507222294,-43.7408289390803));
#5777=CARTESIAN_POINT('Ctrl Pts',(64.2570759021718,-16.3819040230628,-43.6025123639808));
#5778=CARTESIAN_POINT('Ctrl Pts',(63.1975607003758,-16.4613008238315,-44.9893013137655));
#5779=CARTESIAN_POINT('Ctrl Pts',(63.788318012206,-16.5406976246003,-46.6314833537982));
#5780=CARTESIAN_POINT('Ctrl Pts',(65.488463873442,-16.620094425369,-47.0255139422024));
#5781=CARTESIAN_POINT('Ctrl Pts',(66.7413833852938,-16.6994912261378,-45.8106276302751));
#5782=CARTESIAN_POINT('Ctrl Pts',(66.3999319270433,-16.7788880269065,-44.0991467055375));
#5783=CARTESIAN_POINT('Ctrl Pts',(64.7767346911928,-16.8582848276753,-43.4580641932294));
#5784=CARTESIAN_POINT('Ctrl Pts',(63.3579541644875,-16.9376816284441,-44.4743406670158));
#5785=CARTESIAN_POINT('Ctrl Pts',(63.4425935421445,-17.0170784292128,-46.217496491896));
#5786=CARTESIAN_POINT('Ctrl Pts',(64.9531589340968,-17.0964752299816,-47.0915378241899));
#5787=CARTESIAN_POINT('Ctrl Pts',(66.50661100945,-17.1758720307503,-46.2962122907839));
#5788=CARTESIAN_POINT('Ctrl Pts',(66.6806443643277,-17.2552688315191,-44.559701868934));
#5789=CARTESIAN_POINT('Ctrl Pts',(65.3159180164452,-17.3346656322879,-43.4719160222095));
#5790=CARTESIAN_POINT('Ctrl Pts',(63.6619443818905,-17.4140624330566,-44.0288067421454));
#5791=CARTESIAN_POINT('Ctrl Pts',(63.2330641221358,-17.4934592338254,-45.7204975453075));
#5792=CARTESIAN_POINT('Ctrl Pts',(64.4219502451034,-17.5728560345941,-46.9981147935263));
#5793=CARTESIAN_POINT('Ctrl Pts',(66.1400856606127,-17.6522528353629,-46.691901176756));
#5794=CARTESIAN_POINT('Ctrl Pts',(66.8143846115803,-17.7316496361316,-45.0822189278625));
#5795=CARTESIAN_POINT('Ctrl Pts',(65.8274743720828,-17.8110464369004,-43.6428565047273));
#5796=CARTESIAN_POINT('Ctrl Pts',(64.0829473908151,-17.8904432376692,-43.6916614476212));
#5797=CARTESIAN_POINT('Ctrl Pts',(63.1780531751083,-17.9698400384379,-45.1839490021035));
#5798=CARTESIAN_POINT('Ctrl Pts',(63.9412917596739,-18.0492368392067,-46.753414728046));
#5799=CARTESIAN_POINT('Ctrl Pts',(65.6738603404375,-18.1286336399754,-46.9630912465084));
#5800=CARTESIAN_POINT('Ctrl Pts',(66.7894562922305,-18.2080304407442,-45.6210039944121));
#5801=CARTESIAN_POINT('Ctrl Pts',(66.2666698423506,-18.287427241513,-43.9559365508935));
#5802=CARTESIAN_POINT('Ctrl Pts',(64.584143188926,-18.3668240422817,-43.4923888415697));
#5803=CARTESIAN_POINT('Ctrl Pts',(63.2823781769514,-18.4462208430505,-44.6547704845674));
#5804=CARTESIAN_POINT('Ctrl Pts',(63.5532032373837,-18.5256176438192,-46.3788396657765));
#5805=CARTESIAN_POINT('Ctrl Pts',(65.1487344310161,-18.605014444588,-47.0860607692166));
#5806=CARTESIAN_POINT('Ctrl Pts',(66.607982386888,-18.6844112453568,-46.1289529488509));
#5807=CARTESIAN_POINT('Ctrl Pts',(66.5952127595543,-18.7638080461255,-44.3837517513946));
#5808=CARTESIAN_POINT('Ctrl Pts',(65.1214664282928,-18.8432048468943,-43.4484673348158));
#5809=CARTESIAN_POINT('Ctrl Pts',(63.5373958256254,-18.922601647663,-44.1791327951392));
#5810=CARTESIAN_POINT('Ctrl Pts',(63.2906406840964,-19.0019984484318,-45.9073588598313));
#5811=CARTESIAN_POINT('Ctrl Pts',(64.6126703254478,-19.0813952492005,-47.0496177163369));
#5812=CARTESIAN_POINT('Ctrl Pts',(65.7240506250511,-19.1343264497131,-46.7242444027705));
#5813=CARTESIAN_POINT('Ctrl Pts',(66.087947600265,-19.1607920499693,-46.3624185774815));
#5814=CARTESIAN_POINT('Ctrl Pts',(63.6293870293114,-13.9464026500102,-45.7419556556176));
#5815=CARTESIAN_POINT('Ctrl Pts',(63.7869325919349,-13.9728682502665,-46.1977894017197));
#5816=CARTESIAN_POINT('Ctrl Pts',(64.5904380541434,-14.025799450779,-46.9318893208409));
#5817=CARTESIAN_POINT('Ctrl Pts',(66.1784999014719,-14.1051962515478,-46.5143703822328));
#5818=CARTESIAN_POINT('Ctrl Pts',(66.6847362998855,-14.1845930523165,-44.9537004411069));
#5819=CARTESIAN_POINT('Ctrl Pts',(65.6498320822025,-14.2639898530853,-43.6821018931656));
#5820=CARTESIAN_POINT('Ctrl Pts',(64.0192882739847,-14.343386653854,-43.8622063243149));
#5821=CARTESIAN_POINT('Ctrl Pts',(63.2869902808055,-14.4227834546228,-45.3299080080297));
#5822=CARTESIAN_POINT('Ctrl Pts',(64.1229236694014,-14.5021802553915,-46.7410224141076));
#5823=CARTESIAN_POINT('Ctrl Pts',(65.7619676473932,-14.5815770561603,-46.8037571327472));
#5824=CARTESIAN_POINT('Ctrl Pts',(66.7033324146179,-14.6609738569291,-45.4605793532893));
#5825=CARTESIAN_POINT('Ctrl Pts',(66.0851840016999,-14.7403706576978,-43.9413184913317));
#5826=CARTESIAN_POINT('Ctrl Pts',(64.4734564230042,-14.8197674584666,-43.6369524511595));
#5827=CARTESIAN_POINT('Ctrl Pts',(63.3438248787685,-14.8991642592353,-44.8261630700335));
#5828=CARTESIAN_POINT('Ctrl Pts',(63.7305474114552,-14.9785610600041,-46.4201306296029));
#5829=CARTESIAN_POINT('Ctrl Pts',(65.2795530632843,-15.0579578607729,-46.9594573800177));
#5830=CARTESIAN_POINT('Ctrl Pts',(66.5726058028735,-15.1373546615416,-45.9503466775508));
#5831=CARTESIAN_POINT('Ctrl Pts',(66.4258167607649,-15.2167514623104,-44.3167179949135));
#5832=CARTESIAN_POINT('Ctrl Pts',(64.9735822425349,-15.2961482630791,-43.5542842923531));
#5833=CARTESIAN_POINT('Ctrl Pts',(63.5455353561691,-15.3755450638479,-44.361112692818));
#5834=CARTESIAN_POINT('Ctrl Pts',(63.449163267362,-15.4549418646167,-45.9984893777341));
#5835=CARTESIAN_POINT('Ctrl Pts',(64.7727021177056,-15.5343386653854,-46.9672695174003));
#5836=CARTESIAN_POINT('Ctrl Pts',(66.304349802034,-15.6137354661542,-46.3804600217308));
#5837=CARTESIAN_POINT('Ctrl Pts',(66.6417645332398,-15.6931322669229,-44.7753303334658));
#5838=CARTESIAN_POINT('Ctrl Pts',(65.4760170486346,-15.7725290676917,-43.6215006990131));
#5839=CARTESIAN_POINT('Ctrl Pts',(63.8744392453904,-15.8519258684604,-43.9753913023194));
#5840=CARTESIAN_POINT('Ctrl Pts',(63.3033993479084,-15.9313226692292,-45.5129879513793));
#5841=CARTESIAN_POINT('Ctrl Pts',(64.2857285047672,-16.010719469998,-46.8265021111517));
#5842=CARTESIAN_POINT('Ctrl Pts',(65.9220284722516,-16.0901162707667,-46.7133100786053));
#5843=CARTESIAN_POINT('Ctrl Pts',(66.7141402005529,-16.1695130715355,-45.2770479055206));
#5844=CARTESIAN_POINT('Ctrl Pts',(65.9368241993217,-16.2489098723042,-43.8327245849878));
#5845=CARTESIAN_POINT('Ctrl Pts',(64.3017733275327,-16.328306673073,-43.7027297135318));
#5846=CARTESIAN_POINT('Ctrl Pts',(63.3060029915175,-16.4077034738418,-45.00608364009));
#5847=CARTESIAN_POINT('Ctrl Pts',(63.8612178727268,-16.4871002746105,-46.5494651404492));
#5848=CARTESIAN_POINT('Ctrl Pts',(65.4590758483818,-16.5664970753793,-46.9197892006894));
#5849=CARTESIAN_POINT('Ctrl Pts',(66.6366144822793,-16.645893876148,-45.7779955303417));
#5850=CARTESIAN_POINT('Ctrl Pts',(66.3157061718193,-16.7252906769168,-44.1694844560123));
#5851=CARTESIAN_POINT('Ctrl Pts',(64.7901672704222,-16.8046874776855,-43.5669721488625));
#5852=CARTESIAN_POINT('Ctrl Pts',(63.4567465140102,-16.8840842784543,-44.5221051795835));
#5853=CARTESIAN_POINT('Ctrl Pts',(63.5362936327175,-16.9634810792231,-46.1603854595881));
#5854=CARTESIAN_POINT('Ctrl Pts',(64.9559770930089,-17.0428778799918,-46.9818408098031));
#5855=CARTESIAN_POINT('Ctrl Pts',(66.4159669944614,-17.1222746807606,-46.2343653867996));
#5856=CARTESIAN_POINT('Ctrl Pts',(66.579529774845,-17.2016714815293,-44.6023306945857));
#5857=CARTESIAN_POINT('Ctrl Pts',(65.2969110717854,-17.2810682822981,-43.5799905938782));
#5858=CARTESIAN_POINT('Ctrl Pts',(63.7424474085471,-17.3604650830669,-44.1033764390027));
#5859=CARTESIAN_POINT('Ctrl Pts',(63.3393703789375,-17.4398618838356,-45.6932880482395));
#5860=CARTESIAN_POINT('Ctrl Pts',(64.4567281404347,-17.5192586846044,-46.8940384993899));
#5861=CARTESIAN_POINT('Ctrl Pts',(66.0714933435399,-17.5986554853731,-46.6062479744905));
#5862=CARTESIAN_POINT('Ctrl Pts',(66.7052236494771,-17.6780522861419,-45.0934109419109));
#5863=CARTESIAN_POINT('Ctrl Pts',(65.777690057571,-17.7574490869107,-43.7406465820384));
#5864=CARTESIAN_POINT('Ctrl Pts',(64.1381211156817,-17.8368458876794,-43.7865152154496));
#5865=CARTESIAN_POINT('Ctrl Pts',(63.2876691205571,-17.9162426884482,-45.189020509417));
#5866=CARTESIAN_POINT('Ctrl Pts',(64.0049880797605,-17.9956394892169,-46.664060613265));
#5867=CARTESIAN_POINT('Ctrl Pts',(65.6333180885338,-18.0750362899857,-46.8611221154406));
#5868=CARTESIAN_POINT('Ctrl Pts',(66.681795122078,-18.1544330907544,-45.5997804454806));
#5869=CARTESIAN_POINT('Ctrl Pts',(66.1904616914876,-18.2338298915232,-44.0348904232236));
#5870=CARTESIAN_POINT('Ctrl Pts',(64.6091628784126,-18.313226692292,-43.5992316828017));
#5871=CARTESIAN_POINT('Ctrl Pts',(63.3857174939679,-18.3926234930607,-44.6916795846944));
#5872=CARTESIAN_POINT('Ctrl Pts',(63.640248586085,-18.4720202938295,-46.3120215533377));
#5873=CARTESIAN_POINT('Ctrl Pts',(65.1397859500725,-18.5514170945982,-46.9766932773637));
#5874=CARTESIAN_POINT('Ctrl Pts',(66.5112394458643,-18.630813895367,-46.0771690664108));
#5875=CARTESIAN_POINT('Ctrl Pts',(66.4992380927179,-18.7102106961357,-44.4369664719988));
#5876=CARTESIAN_POINT('Ctrl Pts',(65.1141585044368,-18.7896074969045,-43.5579526775883));
#5877=CARTESIAN_POINT('Ctrl Pts',(63.6253922143299,-18.8690042976733,-44.2446582479354));
#5878=CARTESIAN_POINT('Ctrl Pts',(63.3934828941264,-18.948401098442,-45.868907004566));
#5879=CARTESIAN_POINT('Ctrl Pts',(64.6359737030915,-19.0277978992108,-46.9424427909621));
#5880=CARTESIAN_POINT('Ctrl Pts',(65.6804887157129,-19.0807290997233,-46.636645296758));
#5881=CARTESIAN_POINT('Ctrl Pts',(66.0224921269611,-19.1071946999795,-46.296588426393));
#5882=CARTESIAN_POINT('Ctrl Pts',(63.7171276874166,-13.8928053000205,-45.7116306709837));
#5883=CARTESIAN_POINT('Ctrl Pts',(63.864587871534,-13.9192709002767,-46.1382839324773));
#5884=CARTESIAN_POINT('Ctrl Pts',(64.6166564250597,-13.9722021007892,-46.8253899825087));
#5885=CARTESIAN_POINT('Ctrl Pts',(66.1030574921373,-14.051598901558,-46.4345987819542));
#5886=CARTESIAN_POINT('Ctrl Pts',(66.5768868483815,-14.1309957023267,-44.973836110936));
#5887=CARTESIAN_POINT('Ctrl Pts',(65.6082326765839,-14.2103925030955,-43.7836397456408));
#5888=CARTESIAN_POINT('Ctrl Pts',(64.0820691581234,-14.2897893038643,-43.9522146780945));
#5889=CARTESIAN_POINT('Ctrl Pts',(63.3966496826088,-14.369186104633,-45.3259605133058));
#5890=CARTESIAN_POINT('Ctrl Pts',(64.1790702683721,-14.4485829054018,-46.6467415411301));
#5891=CARTESIAN_POINT('Ctrl Pts',(65.7131898128801,-14.5279797061705,-46.7054602572087));
#5892=CARTESIAN_POINT('Ctrl Pts',(66.5942925211065,-14.6073765069393,-45.448266850025));
#5893=CARTESIAN_POINT('Ctrl Pts',(66.0157152685144,-14.686773307708,-44.0262624298684));
#5894=CARTESIAN_POINT('Ctrl Pts',(64.5071634467814,-14.7661701084768,-43.7413805736263));
#5895=CARTESIAN_POINT('Ctrl Pts',(63.4498459779555,-14.8455669092456,-44.8544631250699));
#5896=CARTESIAN_POINT('Ctrl Pts',(63.8118122239272,-14.9249637100143,-46.3463918464964));
#5897=CARTESIAN_POINT('Ctrl Pts',(65.2616573024809,-15.0043605107831,-46.8511932549988));
#5898=CARTESIAN_POINT('Ctrl Pts',(66.4719344558214,-15.0837573115519,-45.9066814102808));
#5899=CARTESIAN_POINT('Ctrl Pts',(66.3345422067772,-15.1631541123206,-44.3776304975814));
#5900=CARTESIAN_POINT('Ctrl Pts',(64.975273396702,-15.2425509130894,-43.6640044691189));
#5901=CARTESIAN_POINT('Ctrl Pts',(63.6386438319895,-15.3219477138581,-44.4191832409137));
#5902=CARTESIAN_POINT('Ctrl Pts',(63.5484410631991,-15.4013445146269,-45.9517422251633));
#5903=CARTESIAN_POINT('Ctrl Pts',(64.7872527396959,-15.4807413153956,-46.8585052934821));
#5904=CARTESIAN_POINT('Ctrl Pts',(66.2208510319808,-15.5601381161644,-46.3092607775951));
#5905=CARTESIAN_POINT('Ctrl Pts',(66.5366659464665,-15.6395349169332,-44.8068844781778));
#5906=CARTESIAN_POINT('Ctrl Pts',(65.4455445219607,-15.7189317177019,-43.7269179751342));
#5907=CARTESIAN_POINT('Ctrl Pts',(63.9464927314054,-15.7983285184707,-44.0581540483817));
#5908=CARTESIAN_POINT('Ctrl Pts',(63.4120083129371,-15.8777253192394,-45.4973204786707));
#5909=CARTESIAN_POINT('Ctrl Pts',(64.3314530495718,-15.9571221200082,-46.7267492014825));
#5910=CARTESIAN_POINT('Ctrl Pts',(65.8630042431349,-16.0365189207769,-46.6208032282545));
#5911=CARTESIAN_POINT('Ctrl Pts',(66.6044084398118,-16.1159157215457,-45.2764842835811));
#5912=CARTESIAN_POINT('Ctrl Pts',(65.8768528124096,-16.1953125223145,-43.9246202308954));
#5913=CARTESIAN_POINT('Ctrl Pts',(64.3464707528935,-16.2747093230832,-43.8029470630826));
#5914=CARTESIAN_POINT('Ctrl Pts',(63.4144452826593,-16.354106123852,-45.0228659664145));
#5915=CARTESIAN_POINT('Ctrl Pts',(63.9341177332475,-16.4335029246207,-46.4674469271001));
#5916=CARTESIAN_POINT('Ctrl Pts',(65.4296878233216,-16.5128997253895,-46.8140644591765));
#5917=CARTESIAN_POINT('Ctrl Pts',(66.5318455792647,-16.5922965261583,-45.7453634304083));
#5918=CARTESIAN_POINT('Ctrl Pts',(66.2314804165954,-16.671693326927,-44.239822206487));
#5919=CARTESIAN_POINT('Ctrl Pts',(64.8035998496516,-16.7510901276958,-43.6758801044956));
#5920=CARTESIAN_POINT('Ctrl Pts',(63.5555388635327,-16.8304869284645,-44.5698696921512));
#5921=CARTESIAN_POINT('Ctrl Pts',(63.6299937232907,-16.9098837292333,-46.1032744272802));
#5922=CARTESIAN_POINT('Ctrl Pts',(64.9587952519209,-16.989280530002,-46.8721437954161));
#5923=CARTESIAN_POINT('Ctrl Pts',(66.3253229794729,-17.0686773307708,-46.1725184828153));
#5924=CARTESIAN_POINT('Ctrl Pts',(66.4784151853623,-17.1480741315396,-44.6449595202375));
#5925=CARTESIAN_POINT('Ctrl Pts',(65.2779041271256,-17.2274709323083,-43.6880651655469));
#5926=CARTESIAN_POINT('Ctrl Pts',(63.8229504352038,-17.3068677330771,-44.17794613586));
#5927=CARTESIAN_POINT('Ctrl Pts',(63.4456766357392,-17.3862645338459,-45.6660785511713));
#5928=CARTESIAN_POINT('Ctrl Pts',(64.491506035766,-17.4656613346146,-46.7899622052536));
#5929=CARTESIAN_POINT('Ctrl Pts',(66.0029010264669,-17.5450581353834,-46.5205947722251));
#5930=CARTESIAN_POINT('Ctrl Pts',(66.5960626873741,-17.6244549361521,-45.1046029559594));
#5931=CARTESIAN_POINT('Ctrl Pts',(65.7279057430591,-17.7038517369209,-43.8384366593495));
#5932=CARTESIAN_POINT('Ctrl Pts',(64.1932948405485,-17.7832485376897,-43.881368983278));
#5933=CARTESIAN_POINT('Ctrl Pts',(63.3972850660058,-17.8626453384584,-45.1940920167304));
#5934=CARTESIAN_POINT('Ctrl Pts',(64.0686843998471,-17.9420421392272,-46.5747064984841));
#5935=CARTESIAN_POINT('Ctrl Pts',(65.5927758366302,-18.0214389399959,-46.7591529843728));
#5936=CARTESIAN_POINT('Ctrl Pts',(66.5741339519254,-18.1008357407647,-45.5785568965491));
#5937=CARTESIAN_POINT('Ctrl Pts',(66.1142535406246,-18.1802325415334,-44.1138442955537));
#5938=CARTESIAN_POINT('Ctrl Pts',(64.6341825678994,-18.2596293423022,-43.7060745240337));
#5939=CARTESIAN_POINT('Ctrl Pts',(63.4890568109842,-18.339026143071,-44.7285886848214));
#5940=CARTESIAN_POINT('Ctrl Pts',(63.7272939347864,-18.4184229438397,-46.245203440899));
#5941=CARTESIAN_POINT('Ctrl Pts',(65.1308374691288,-18.4978197446085,-46.8673257855108));
#5942=CARTESIAN_POINT('Ctrl Pts',(66.4144965048407,-18.5772165453772,-46.0253851839707));
#5943=CARTESIAN_POINT('Ctrl Pts',(66.4032634258814,-18.656613346146,-44.4901811926028));
#5944=CARTESIAN_POINT('Ctrl Pts',(65.1068505805806,-18.7360101469148,-43.6674380203607));
#5945=CARTESIAN_POINT('Ctrl Pts',(63.7133886030345,-18.8154069476835,-44.3101837007316));
#5946=CARTESIAN_POINT('Ctrl Pts',(63.4963251041563,-18.8948037484523,-45.8304551493006));
#5947=CARTESIAN_POINT('Ctrl Pts',(64.6592770807353,-18.974200549221,-46.8352678655873));
#5948=CARTESIAN_POINT('Ctrl Pts',(65.6369268063746,-19.0271317497335,-46.5490461907456));
#5949=CARTESIAN_POINT('Ctrl Pts',(65.9570366536572,-19.0535973499898,-46.2307582753045));
#5950=CARTESIAN_POINT('Ctrl Pts',(63.8048683455218,-13.8392079500307,-45.6813056863499));
#5951=CARTESIAN_POINT('Ctrl Pts',(63.9422431511331,-13.8656735502869,-46.0787784632349));
#5952=CARTESIAN_POINT('Ctrl Pts',(64.6428747959759,-13.9186047507995,-46.7188906441764));
#5953=CARTESIAN_POINT('Ctrl Pts',(66.0276150828027,-13.9980015515682,-46.3548271816757));
#5954=CARTESIAN_POINT('Ctrl Pts',(66.4690373968776,-14.077398352337,-44.9939717807651));
#5955=CARTESIAN_POINT('Ctrl Pts',(65.5666332709654,-14.1567951531057,-43.885177598116));
#5956=CARTESIAN_POINT('Ctrl Pts',(64.1448500422621,-14.2361919538745,-44.0422230318741));
#5957=CARTESIAN_POINT('Ctrl Pts',(63.5063090844122,-14.3155887546433,-45.3220130185819));
#5958=CARTESIAN_POINT('Ctrl Pts',(64.2352168673427,-14.394985555412,-46.5524606681524));
#5959=CARTESIAN_POINT('Ctrl Pts',(65.6644119783671,-14.4743823561808,-46.6071633816702));
#5960=CARTESIAN_POINT('Ctrl Pts',(66.4852526275952,-14.5537791569495,-45.4359543467608));
#5961=CARTESIAN_POINT('Ctrl Pts',(65.9462465353289,-14.6331759577183,-44.1112063684051));
#5962=CARTESIAN_POINT('Ctrl Pts',(64.5408704705588,-14.712572758487,-43.8458086960932));
#5963=CARTESIAN_POINT('Ctrl Pts',(63.5558670771424,-14.7919695592558,-44.8827631801063));
#5964=CARTESIAN_POINT('Ctrl Pts',(63.8930770363993,-14.8713663600245,-46.2726530633899));
#5965=CARTESIAN_POINT('Ctrl Pts',(65.2437615416776,-14.9507631607933,-46.7429291299799));
#5966=CARTESIAN_POINT('Ctrl Pts',(66.3712631087692,-15.0301599615621,-45.8630161430108));
#5967=CARTESIAN_POINT('Ctrl Pts',(66.2432676527896,-15.1095567623308,-44.4385430002493));
#5968=CARTESIAN_POINT('Ctrl Pts',(64.9769645508691,-15.1889535630996,-43.7737246458847));
#5969=CARTESIAN_POINT('Ctrl Pts',(63.7317523078099,-15.2683503638684,-44.4772537890093));
#5970=CARTESIAN_POINT('Ctrl Pts',(63.6477188590363,-15.3477471646371,-45.9049950725926));
#5971=CARTESIAN_POINT('Ctrl Pts',(64.8018033616862,-15.4271439654059,-46.7497410695639));
#5972=CARTESIAN_POINT('Ctrl Pts',(66.1373522619276,-15.5065407661746,-46.2380615334595));
#5973=CARTESIAN_POINT('Ctrl Pts',(66.4315673596931,-15.5859375669434,-44.8384386228898));
#5974=CARTESIAN_POINT('Ctrl Pts',(65.4150719952868,-15.6653343677121,-43.8323352512552));
#5975=CARTESIAN_POINT('Ctrl Pts',(64.0185462174205,-15.7447311684809,-44.140916794444));
#5976=CARTESIAN_POINT('Ctrl Pts',(63.5206172779659,-15.8241279692497,-45.4816530059619));
#5977=CARTESIAN_POINT('Ctrl Pts',(64.3771775943763,-15.9035247700184,-46.6269962918133));
#5978=CARTESIAN_POINT('Ctrl Pts',(65.8039800140183,-15.9829215707872,-46.5282963779036));
#5979=CARTESIAN_POINT('Ctrl Pts',(66.4946766790707,-16.0623183715559,-45.2759206616416));
#5980=CARTESIAN_POINT('Ctrl Pts',(65.8168814254975,-16.1417151723247,-44.016515876803));
#5981=CARTESIAN_POINT('Ctrl Pts',(64.3911681782542,-16.2211119730935,-43.9031644126335));
#5982=CARTESIAN_POINT('Ctrl Pts',(63.522887573801,-16.3005087738622,-45.0396482927391));
#5983=CARTESIAN_POINT('Ctrl Pts',(64.0070175937683,-16.379905574631,-46.385428713751));
#5984=CARTESIAN_POINT('Ctrl Pts',(65.4002997982614,-16.4593023753997,-46.7083397176635));
#5985=CARTESIAN_POINT('Ctrl Pts',(66.4270766762502,-16.5386991761685,-45.7127313304749));
#5986=CARTESIAN_POINT('Ctrl Pts',(66.1472546613714,-16.6180959769373,-44.3101599569618));
#5987=CARTESIAN_POINT('Ctrl Pts',(64.8170324288809,-16.697492777706,-43.7847880601286));
#5988=CARTESIAN_POINT('Ctrl Pts',(63.6543312130553,-16.7768895784748,-44.617634204719));
#5989=CARTESIAN_POINT('Ctrl Pts',(63.7236938138636,-16.8562863792435,-46.0461633949724));
#5990=CARTESIAN_POINT('Ctrl Pts',(64.9616134108331,-16.9356831800123,-46.7624467810292));
#5991=CARTESIAN_POINT('Ctrl Pts',(66.2346789644843,-17.015079980781,-46.110671578831));
#5992=CARTESIAN_POINT('Ctrl Pts',(66.3773005958797,-17.0944767815498,-44.6875883458891));
#5993=CARTESIAN_POINT('Ctrl Pts',(65.2588971824658,-17.1738735823185,-43.7961397372157));
#5994=CARTESIAN_POINT('Ctrl Pts',(63.9034534618604,-17.2532703830873,-44.2525158327173));
#5995=CARTESIAN_POINT('Ctrl Pts',(63.5519828925409,-17.3326671838561,-45.6388690541033));
#5996=CARTESIAN_POINT('Ctrl Pts',(64.5262839310974,-17.4120639846248,-46.6858859111172));
#5997=CARTESIAN_POINT('Ctrl Pts',(65.9343087093939,-17.4914607853936,-46.4349415699597));
#5998=CARTESIAN_POINT('Ctrl Pts',(66.486901725271,-17.5708575861623,-45.1157949700078));
#5999=CARTESIAN_POINT('Ctrl Pts',(65.6781214285474,-17.6502543869311,-43.9362267366608));
#6000=CARTESIAN_POINT('Ctrl Pts',(64.2484685654151,-17.7296511876999,-43.9762227511063));
#6001=CARTESIAN_POINT('Ctrl Pts',(63.5069010114546,-17.8090479884686,-45.1991635240439));
#6002=CARTESIAN_POINT('Ctrl Pts',(64.1323807199336,-17.8884447892374,-46.4853523837032));
#6003=CARTESIAN_POINT('Ctrl Pts',(65.5522335847266,-17.9678415900061,-46.657183853305));
#6004=CARTESIAN_POINT('Ctrl Pts',(66.4664727817728,-18.0472383907749,-45.5573333476177));
#6005=CARTESIAN_POINT('Ctrl Pts',(66.0380453897616,-18.1266351915437,-44.1927981678838));
#6006=CARTESIAN_POINT('Ctrl Pts',(64.6592022573861,-18.2060319923124,-43.8129173652657));
#6007=CARTESIAN_POINT('Ctrl Pts',(63.5923961280006,-18.2854287930812,-44.7654977849483));
#6008=CARTESIAN_POINT('Ctrl Pts',(63.8143392834877,-18.3648255938499,-46.1783853284604));
#6009=CARTESIAN_POINT('Ctrl Pts',(65.1218889881852,-18.4442223946187,-46.7579582936579));
#6010=CARTESIAN_POINT('Ctrl Pts',(66.317753563817,-18.5236191953874,-45.9736013015307));
#6011=CARTESIAN_POINT('Ctrl Pts',(66.307288759045,-18.6030159961562,-44.5433959132069));
#6012=CARTESIAN_POINT('Ctrl Pts',(65.0995426567246,-18.682412796925,-43.7769233631332));
#6013=CARTESIAN_POINT('Ctrl Pts',(63.801384991739,-18.7618095976937,-44.3757091535278));
#6014=CARTESIAN_POINT('Ctrl Pts',(63.5991673141864,-18.8412063984625,-45.7920032940354));
#6015=CARTESIAN_POINT('Ctrl Pts',(64.6825804583789,-18.9206031992312,-46.7280929402125));
#6016=CARTESIAN_POINT('Ctrl Pts',(65.5933648970363,-18.9735343997438,-46.4614470847331));
#6017=CARTESIAN_POINT('Ctrl Pts',(65.8915811803532,-19.,-46.164928124216));
#6018=CARTESIAN_POINT('Ctrl Pts',(65.8915811803509,-18.9999999999998,-46.1649281242183));
#6019=CARTESIAN_POINT('Ctrl Pts',(65.8596062442479,-18.9999999999998,-46.2044946415843));
#6020=CARTESIAN_POINT('Ctrl Pts',(65.8251545188503,-18.9999999999998,-46.24184620002));
#6021=CARTESIAN_POINT('Ctrl Pts',(65.7885377875692,-18.9999999999998,-46.2769482877849));
#6022=CARTESIAN_POINT('Ctrl Pts',(65.7618037389784,-18.9999999999998,-46.3025764879851));
#6023=CARTESIAN_POINT('Ctrl Pts',(65.7339144786517,-18.9999999999998,-46.3270052581978));
#6024=CARTESIAN_POINT('Ctrl Pts',(65.7049766641527,-18.9999999999998,-46.3502131503645));
#6025=CARTESIAN_POINT('Ctrl Pts',(65.6945381874981,-18.9999999999998,-46.3585847238498));
#6026=CARTESIAN_POINT('Ctrl Pts',(65.6839631696067,-18.9999999999998,-46.3667973652242));
#6027=CARTESIAN_POINT('Ctrl Pts',(65.6732562861746,-18.9999999999998,-46.3748498114204));
#6028=CARTESIAN_POINT('Ctrl Pts',(65.6628974315985,-18.9999999999998,-46.382640511642));
#6029=CARTESIAN_POINT('Ctrl Pts',(65.6524216680448,-18.9999999999998,-46.3902762898275));
#6030=CARTESIAN_POINT('Ctrl Pts',(65.6418379837212,-18.9999999999998,-46.3977535002765));
#6031=CARTESIAN_POINT('Ctrl Pts',(65.5979337676087,-18.9999999999998,-46.4287711547565));
#6032=CARTESIAN_POINT('Ctrl Pts',(65.552153479009,-18.9999999999998,-46.4570794897995));
#6033=CARTESIAN_POINT('Ctrl Pts',(65.5048188539805,-18.9999999999998,-46.4826189812573));
#6034=CARTESIAN_POINT('Ctrl Pts',(65.4858678553894,-18.9999999999998,-46.4928440303908));
#6035=CARTESIAN_POINT('Ctrl Pts',(65.4666672300948,-18.9999999999998,-46.5026249004439));
#6036=CARTESIAN_POINT('Ctrl Pts',(65.4472358956526,-18.9999999999998,-46.5119562077895));
#6037=CARTESIAN_POINT('Ctrl Pts',(65.4326287057305,-18.9999999999998,-46.5189708664597));
#6038=CARTESIAN_POINT('Ctrl Pts',(65.417891121343,-18.9999999999998,-46.5257314570954));
#6039=CARTESIAN_POINT('Ctrl Pts',(65.4030308837791,-18.9999999999998,-46.5322353178572));
#6040=CARTESIAN_POINT('Ctrl Pts',(65.3927811500573,-18.9999999999998,-46.5367213054255));
#6041=CARTESIAN_POINT('Ctrl Pts',(65.3824778717788,-18.9999999999998,-46.5410829717422));
#6042=CARTESIAN_POINT('Ctrl Pts',(65.3721312209891,-18.9999999999998,-46.5453168237948));
#6043=CARTESIAN_POINT('Ctrl Pts',(65.3189614601835,-18.9999999999998,-46.5670739030176));
#6044=CARTESIAN_POINT('Ctrl Pts',(65.2645916912588,-18.9999999999998,-46.5854847015617));
#6045=CARTESIAN_POINT('Ctrl Pts',(65.2093916574588,-18.9999999999998,-46.6004833554432));
#6046=CARTESIAN_POINT('Ctrl Pts',(65.155744817523,-18.9999999999998,-46.6150599839096));
#6047=CARTESIAN_POINT('Ctrl Pts',(65.101312531221,-18.9999999999999,-46.6264141616172));
#6048=CARTESIAN_POINT('Ctrl Pts',(65.0464016968469,-18.9999999999999,-46.6344431737221));
#6049=CARTESIAN_POINT('Ctrl Pts',(65.0177539377,-18.9999999999999,-46.6386320229282));
#6050=CARTESIAN_POINT('Ctrl Pts',(64.9889754935795,-18.9999999999999,-46.6419150702736));
#6051=CARTESIAN_POINT('Ctrl Pts',(64.9601079632385,-18.9999999999999,-46.6442724367755));
#6052=CARTESIAN_POINT('Ctrl Pts',(64.9388422895137,-18.9999999999999,-46.6460090240861));
#6053=CARTESIAN_POINT('Ctrl Pts',(64.9175282433337,-18.9999999999999,-46.6472431932235));
#6054=CARTESIAN_POINT('Ctrl Pts',(64.8961822434171,-18.9999999999999,-46.6479655956662));
#6055=CARTESIAN_POINT('Ctrl Pts',(64.8863668961478,-18.9999999999999,-46.6482977717587));
#6056=CARTESIAN_POINT('Ctrl Pts',(64.8765465627293,-18.9999999999999,-46.6485215764115));
#6057=CARTESIAN_POINT('Ctrl Pts',(64.8667347860144,-18.9999999999999,-46.6486362552996));
#6058=CARTESIAN_POINT('Ctrl Pts',(64.8109867078089,-18.9999999999999,-46.6492878322574));
#6059=CARTESIAN_POINT('Ctrl Pts',(64.7554113580481,-18.9999999999999,-46.646424037779));
#6060=CARTESIAN_POINT('Ctrl Pts',(64.7003123648913,-18.9999999999999,-46.6399639185393));
#6061=CARTESIAN_POINT('Ctrl Pts',(64.6460457630837,-18.9999999999999,-46.6336013935943));
#6062=CARTESIAN_POINT('Ctrl Pts',(64.5922401604842,-18.9999999999999,-46.6237512709533));
#6063=CARTESIAN_POINT('Ctrl Pts',(64.5391077475468,-18.9999999999999,-46.6106503367963));
#6064=CARTESIAN_POINT('Ctrl Pts',(64.4865178988079,-19.,-46.5976831834606));
#6065=CARTESIAN_POINT('Ctrl Pts',(64.4345868045576,-19.,-46.5815308034338));
#6066=CARTESIAN_POINT('Ctrl Pts',(64.3835220113707,-19.,-46.5623751533961));
#6067=CARTESIAN_POINT('Ctrl Pts',(64.3743398827542,-19.,-46.5589307128843));
#6068=CARTESIAN_POINT('Ctrl Pts',(64.3651852304584,-19.,-46.5553888316148));
#6069=CARTESIAN_POINT('Ctrl Pts',(64.3560609912015,-19.,-46.5517510959776));
#6070=CARTESIAN_POINT('Ctrl Pts',(64.3027786412236,-19.,-46.5305079985646));
#6071=CARTESIAN_POINT('Ctrl Pts',(64.2508099640557,-19.,-46.5061111617381));
#6072=CARTESIAN_POINT('Ctrl Pts',(64.2003828365412,-19.,-46.4788329359055));
#6073=CARTESIAN_POINT('Ctrl Pts',(64.1487699944711,-19.,-46.4509133055152));
#6074=CARTESIAN_POINT('Ctrl Pts',(64.0987711027672,-19.,-46.4199748755603));
#6075=CARTESIAN_POINT('Ctrl Pts',(64.050634839327,-19.,-46.3862546748436));
#6076=CARTESIAN_POINT('Ctrl Pts',(64.0021904828952,-19.,-46.3523186501976));
#6077=CARTESIAN_POINT('Ctrl Pts',(63.9556316412992,-19.,-46.3155646222705));
#6078=CARTESIAN_POINT('Ctrl Pts',(63.9112311689682,-19.0000000000001,-46.2761856464669));
#6079=CARTESIAN_POINT('Ctrl Pts',(63.9023163766058,-19.0000000000001,-46.2682790775882));
#6080=CARTESIAN_POINT('Ctrl Pts',(63.8934886864841,-19.0000000000001,-46.2602665475039));
#6081=CARTESIAN_POINT('Ctrl Pts',(63.8847504589165,-19.0000000000001,-46.2521494136297));
#6082=CARTESIAN_POINT('Ctrl Pts',(63.8772450613906,-19.0000000000001,-46.2451774829921));
#6083=CARTESIAN_POINT('Ctrl Pts',(63.8698078528251,-19.0000000000001,-46.2381303187768));
#6084=CARTESIAN_POINT('Ctrl Pts',(63.8624476940946,-19.0000000000001,-46.2310163613811));
#6085=CARTESIAN_POINT('Ctrl Pts',(63.8186714423855,-19.0000000000001,-46.1887044492324));
#6086=CARTESIAN_POINT('Ctrl Pts',(63.7775412972117,-19.0000000000001,-46.1439615635025));
#6087=CARTESIAN_POINT('Ctrl Pts',(63.7393152587211,-19.0000000000001,-46.0970414916429));
#6088=CARTESIAN_POINT('Ctrl Pts',(63.7014807340795,-19.0000000000001,-46.0506019785503));
#6089=CARTESIAN_POINT('Ctrl Pts',(63.666490175121,-19.0000000000001,-46.0020289713642));
#6090=CARTESIAN_POINT('Ctrl Pts',(63.6346184373738,-19.0000000000001,-45.9515251430044));
#6091=CARTESIAN_POINT('Ctrl Pts',(63.605517492239,-19.0000000000001,-45.9054119015534));
#6092=CARTESIAN_POINT('Ctrl Pts',(63.5790163750627,-19.0000000000002,-45.8576881254154));
#6093=CARTESIAN_POINT('Ctrl Pts',(63.55535288019,-19.0000000000002,-45.8084830134561));
#6094=CARTESIAN_POINT('Ctrl Pts',(63.5497666593348,-19.0000000000002,-45.7968672050522));
#6095=CARTESIAN_POINT('Ctrl Pts',(63.5443387217276,-19.0000000000002,-45.7851687535096));
#6096=CARTESIAN_POINT('Ctrl Pts',(63.5390686108256,-19.0000000000002,-45.7733906354753));
#6097=CARTESIAN_POINT('Ctrl Pts',(65.0909680428508,-14.4434196736191,-46.5278266861506));
#6098=CARTESIAN_POINT('Ctrl Pts',(65.2551147467227,-14.4537405678062,-46.5169081684137));
#6099=CARTESIAN_POINT('Ctrl Pts',(65.4167770194135,-14.4640614619934,-46.4754128169214));
#6100=CARTESIAN_POINT('Ctrl Pts',(65.5630195680675,-14.4743823561805,-46.4028447569319));
#6101=CARTESIAN_POINT('Ctrl Pts',(65.9380255281094,-14.5008479564367,-46.2167603700334));
#6102=CARTESIAN_POINT('Ctrl Pts',(66.211639077852,-14.527313556693,-45.826357358397));
#6103=CARTESIAN_POINT('Ctrl Pts',(66.2586115040123,-14.5537791569492,-45.410364522853));
#6104=CARTESIAN_POINT('Ctrl Pts',(66.3055839301725,-14.5802447572055,-44.994371687309));
#6105=CARTESIAN_POINT('Ctrl Pts',(66.1259152327505,-14.6067103574617,-44.5527890278573));
#6106=CARTESIAN_POINT('Ctrl Pts',(65.8018515399113,-14.633175957718,-44.2877647527462));
#6107=CARTESIAN_POINT('Ctrl Pts',(65.477787847072,-14.6596415579742,-44.022740477635));
#6108=CARTESIAN_POINT('Ctrl Pts',(65.0093291588155,-14.6861071582305,-43.9342745868644));
#6109=CARTESIAN_POINT('Ctrl Pts',(64.6109325824513,-14.7125727584867,-44.0628673888145));
#6110=CARTESIAN_POINT('Ctrl Pts',(64.212536006087,-14.739038358743,-44.1914601907646));
#6111=CARTESIAN_POINT('Ctrl Pts',(63.884201541615,-14.7655039589993,-44.5371116854355));
#6112=CARTESIAN_POINT('Ctrl Pts',(63.7762359692551,-14.7919695592555,-44.9415857466515));
#6113=CARTESIAN_POINT('Ctrl Pts',(63.6682703968953,-14.8184351595118,-45.3460598078675));
#6114=CARTESIAN_POINT('Ctrl Pts',(63.7806737166475,-14.844900759768,-45.8093564356285));
#6115=CARTESIAN_POINT('Ctrl Pts',(64.0619894607366,-14.8713663600243,-46.1193840939406));
#6116=CARTESIAN_POINT('Ctrl Pts',(64.3172860385806,-14.8953841312225,-46.4007369931904));
#6117=CARTESIAN_POINT('Ctrl Pts',(64.7116942673694,-14.9194019024208,-46.5558617629087));
#6118=CARTESIAN_POINT('Ctrl Pts',(65.0911679277981,-14.9434196736191,-46.5311231094006));
#6119=CARTESIAN_POINT('Ctrl Pts',(63.5416463712062,-14.,-45.7722806402514));
#6120=CARTESIAN_POINT('Ctrl Pts',(63.5669571971466,-14.,-45.8286767822934));
#6121=CARTESIAN_POINT('Ctrl Pts',(63.5958421515758,-14.,-45.8832119840394));
#6122=CARTESIAN_POINT('Ctrl Pts',(63.6279757566434,-14.,-45.9357061261112));
#6123=CARTESIAN_POINT('Ctrl Pts',(63.6595863097181,-14.,-45.9873457993001));
#6124=CARTESIAN_POINT('Ctrl Pts',(63.694341788485,-14.,-46.037010874707));
#6125=CARTESIAN_POINT('Ctrl Pts',(63.7319748756256,-14.,-46.0844945231348));
#6126=CARTESIAN_POINT('Ctrl Pts',(63.7607445581819,-14.,-46.1207947471048));
#6127=CARTESIAN_POINT('Ctrl Pts',(63.7911969586935,-14.,-46.1558194489987));
#6128=CARTESIAN_POINT('Ctrl Pts',(63.8232236858083,-14.,-46.1894588978777));
#6129=CARTESIAN_POINT('Ctrl Pts',(63.8406000838711,-14.,-46.2077102931026));
#6130=CARTESIAN_POINT('Ctrl Pts',(63.8584400536621,-14.,-46.2255536322054));
#6131=CARTESIAN_POINT('Ctrl Pts',(63.8767270084339,-14.,-46.2429692505162));
#6132=CARTESIAN_POINT('Ctrl Pts',(63.8833899705023,-14.,-46.2493147358992));
#6133=CARTESIAN_POINT('Ctrl Pts',(63.890111430979,-14.,-46.2556025388394));
#6134=CARTESIAN_POINT('Ctrl Pts',(63.8968832226391,-14.,-46.2618252031196));
#6135=CARTESIAN_POINT('Ctrl Pts',(63.9404965536804,-14.,-46.3019019111509));
#6136=CARTESIAN_POINT('Ctrl Pts',(63.9862757369335,-14.,-46.339357566355));
#6137=CARTESIAN_POINT('Ctrl Pts',(64.0339644195919,-14.,-46.3740041114507));
#6138=CARTESIAN_POINT('Ctrl Pts',(64.0806791722169,-14.,-46.4079430817311));
#6139=CARTESIAN_POINT('Ctrl Pts',(64.129227200921,-14.,-46.4391868823857));
#6140=CARTESIAN_POINT('Ctrl Pts',(64.1793875162315,-14.,-46.4675142684345));
#6141=CARTESIAN_POINT('Ctrl Pts',(64.2169864081869,-14.,-46.4887477539266));
#6142=CARTESIAN_POINT('Ctrl Pts',(64.2554916608612,-14.,-46.5083417589518));
#6143=CARTESIAN_POINT('Ctrl Pts',(64.2948130428047,-14.,-46.5261842703413));
#6144=CARTESIAN_POINT('Ctrl Pts',(64.314740489257,-14.,-46.5352265692818));
#6145=CARTESIAN_POINT('Ctrl Pts',(64.3348775572706,-14.,-46.5438187613565));
#6146=CARTESIAN_POINT('Ctrl Pts',(64.3552124606431,-14.,-46.5519445169921));
#6147=CARTESIAN_POINT('Ctrl Pts',(64.3647662704949,-14.,-46.555762185698));
#6148=CARTESIAN_POINT('Ctrl Pts',(64.3743558591354,-14.,-46.5594736981708));
#6149=CARTESIAN_POINT('Ctrl Pts',(64.3839765282932,-14.,-46.5630766468581));
#6150=CARTESIAN_POINT('Ctrl Pts',(64.4361563334665,-14.,-46.582618027761));
#6151=CARTESIAN_POINT('Ctrl Pts',(64.4892815901675,-14.,-46.598982553869));
#6152=CARTESIAN_POINT('Ctrl Pts',(64.5431462235937,-14.,-46.6119725593197));
#6153=CARTESIAN_POINT('Ctrl Pts',(64.5833444724292,-14.,-46.6216667768102));
#6154=CARTESIAN_POINT('Ctrl Pts',(64.6239548800166,-14.,-46.6294806800273));
#6155=CARTESIAN_POINT('Ctrl Pts',(64.6648930801861,-14.,-46.6353131350788));
#6156=CARTESIAN_POINT('Ctrl Pts',(64.7197842850107,-14.,-46.643133471184));
#6157=CARTESIAN_POINT('Ctrl Pts',(64.7752659583397,-14.,-46.6473926448515));
#6158=CARTESIAN_POINT('Ctrl Pts',(64.831023003536,-14.,-46.6481716896695));
#6159=CARTESIAN_POINT('Ctrl Pts',(64.8468516586533,-14.,-46.6483928497346));
#6160=CARTESIAN_POINT('Ctrl Pts',(64.8627023965865,-14.,-46.6483332719123));
#6161=CARTESIAN_POINT('Ctrl Pts',(64.8785676951012,-14.,-46.6479941921177));
#6162=CARTESIAN_POINT('Ctrl Pts',(64.8886358635644,-14.,-46.6477790110108));
#6163=CARTESIAN_POINT('Ctrl Pts',(64.8987097554895,-14.,-46.6474511604975));
#6164=CARTESIAN_POINT('Ctrl Pts',(64.9087731453395,-14.,-46.6470118527956));
#6165=CARTESIAN_POINT('Ctrl Pts',(64.964372687579,-14.,-46.6445847077192));
#6166=CARTESIAN_POINT('Ctrl Pts',(65.0197632980403,-14.,-46.638758053914));
#6167=CARTESIAN_POINT('Ctrl Pts',(65.074636897645,-14.,-46.6296654051463));
#6168=CARTESIAN_POINT('Ctrl Pts',(65.1294891414116,-14.,-46.6205762950773));
#6169=CARTESIAN_POINT('Ctrl Pts',(65.1838258840532,-14.,-46.6082231822553));
#6170=CARTESIAN_POINT('Ctrl Pts',(65.2373207292017,-14.,-46.5926912635829));
#6171=CARTESIAN_POINT('Ctrl Pts',(65.2697227161369,-14.,-46.583283534212));
#6172=CARTESIAN_POINT('Ctrl Pts',(65.3018153946428,-14.,-46.5727086822947));
#6173=CARTESIAN_POINT('Ctrl Pts',(65.3335203209819,-14.,-46.5609783118111));
#6174=CARTESIAN_POINT('Ctrl Pts',(65.3499808089748,-14.,-46.5548881660579));
#6175=CARTESIAN_POINT('Ctrl Pts',(65.3663366945951,-14.,-46.5484864708862));
#6176=CARTESIAN_POINT('Ctrl Pts',(65.3825763792192,-14.,-46.5417743335911));
#6177=CARTESIAN_POINT('Ctrl Pts',(65.3957133018941,-14.,-46.5363446204736));
#6178=CARTESIAN_POINT('Ctrl Pts',(65.4087770729236,-14.,-46.5307102724312));
#6179=CARTESIAN_POINT('Ctrl Pts',(65.4217381819153,-14.,-46.5248826579085));
#6180=CARTESIAN_POINT('Ctrl Pts',(65.4706620021613,-14.,-46.5028853762289));
#6181=CARTESIAN_POINT('Ctrl Pts',(65.5181941819873,-14.,-46.4781106027548));
#6182=CARTESIAN_POINT('Ctrl Pts',(65.5640255609201,-14.,-46.4506279644565));
#6183=CARTESIAN_POINT('Ctrl Pts',(65.5961492442689,-14.,-46.4313651015263));
#6184=CARTESIAN_POINT('Ctrl Pts',(65.6274368038416,-14.,-46.4107710937819));
#6185=CARTESIAN_POINT('Ctrl Pts',(65.6577699414488,-14.,-46.3888602067382));
#6186=CARTESIAN_POINT('Ctrl Pts',(65.6700282724352,-14.,-46.380005504364));
#6187=CARTESIAN_POINT('Ctrl Pts',(65.6821322138239,-14.,-46.3709341536009));
#6188=CARTESIAN_POINT('Ctrl Pts',(65.6940556660635,-14.,-46.3616613133871));
#6189=CARTESIAN_POINT('Ctrl Pts',(65.7344781204885,-14.,-46.3302248675153));
#6190=CARTESIAN_POINT('Ctrl Pts',(65.77287697315,-14.,-46.2964417371992));
#6191=CARTESIAN_POINT('Ctrl Pts',(65.8089546955375,-14.,-46.2603595986863));
#6192=CARTESIAN_POINT('Ctrl Pts',(65.8311329708663,-14.,-46.2381786086061));
#6193=CARTESIAN_POINT('Ctrl Pts',(65.8524333393948,-14.,-46.2151282392166));
#6194=CARTESIAN_POINT('Ctrl Pts',(65.8727780215697,-14.,-46.1912148160638));
#6195=CARTESIAN_POINT('Ctrl Pts',(65.8796542554114,-14.,-46.1831323949112));
#6196=CARTESIAN_POINT('Ctrl Pts',(65.8864212528,-14.,-46.174951353849));
#6197=CARTESIAN_POINT('Ctrl Pts',(65.8930781496973,-14.,-46.1666743129168));
#6198=CARTESIAN_POINT('Origin',(65.0000000745066,-16.5,-45.2682434629804));
#6199=CARTESIAN_POINT('Origin',(65.0000000745066,-19.,-45.2682434629804));
#6200=CARTESIAN_POINT('Origin',(15.0000000745057,-16.5,-44.7806951859306));
#6201=CARTESIAN_POINT('Origin',(15.0000000745057,-19.,-44.7806951859306));
#6202=CARTESIAN_POINT('Ctrl Pts',(48.4555716118038,-14.,-44.1770543031693));
#6203=CARTESIAN_POINT('Ctrl Pts',(48.4555716118038,-4.99999999999998,-44.1770543031693));
#6204=CARTESIAN_POINT('Ctrl Pts',(48.4364536490789,-14.,-44.2059931857783));
#6205=CARTESIAN_POINT('Ctrl Pts',(48.4364536490789,-4.99999999999998,-44.2059931857783));
#6206=CARTESIAN_POINT('Ctrl Pts',(48.4181904098225,-13.9999999999999,-44.2355171128708));
#6207=CARTESIAN_POINT('Ctrl Pts',(48.4181904098225,-4.99999999999994,-44.2355171128708));
#6208=CARTESIAN_POINT('Ctrl Pts',(48.328635361222,-13.9999999999999,-44.3904067172829));
#6209=CARTESIAN_POINT('Ctrl Pts',(48.328635361222,-4.99999999999995,-44.3904067172829));
#6210=CARTESIAN_POINT('Ctrl Pts',(48.2721423824893,-14.,-44.5236602278856));
#6211=CARTESIAN_POINT('Ctrl Pts',(48.2721423824893,-4.99999999999998,-44.5236602278856));
#6212=CARTESIAN_POINT('Ctrl Pts',(48.2322284344916,-14.,-44.6622381929733));
#6213=CARTESIAN_POINT('Ctrl Pts',(48.2322284344916,-4.99999999999998,-44.6622381929733));
#6214=CARTESIAN_POINT('',(48.4555716118038,-14.,-44.1770543031692));
#6215=CARTESIAN_POINT('Ctrl Pts',(48.4555716118038,-14.,-44.1770543031693));
#6216=CARTESIAN_POINT('Ctrl Pts',(48.4364536490789,-14.,-44.2059931857783));
#6217=CARTESIAN_POINT('Ctrl Pts',(48.4181904098225,-13.9999999999999,-44.2355171128708));
#6218=CARTESIAN_POINT('Ctrl Pts',(48.328635361222,-13.9999999999999,-44.3904067172829));
#6219=CARTESIAN_POINT('Ctrl Pts',(48.2721423824893,-14.,-44.5236602278856));
#6220=CARTESIAN_POINT('Ctrl Pts',(48.2322284344916,-14.,-44.6622381929733));
#6221=CARTESIAN_POINT('',(48.4555716118038,-5.00000000000001,-44.1770543031692));
#6222=CARTESIAN_POINT('Ctrl Pts',(48.4555716118038,-4.99999999999998,-44.1770543031693));
#6223=CARTESIAN_POINT('Ctrl Pts',(48.4364536490789,-4.99999999999998,-44.2059931857783));
#6224=CARTESIAN_POINT('Ctrl Pts',(48.4181904098225,-4.99999999999994,-44.2355171128708));
#6225=CARTESIAN_POINT('Ctrl Pts',(48.328635361222,-4.99999999999995,-44.3904067172829));
#6226=CARTESIAN_POINT('Ctrl Pts',(48.2721423824893,-4.99999999999998,-44.5236602278856));
#6227=CARTESIAN_POINT('Ctrl Pts',(48.2322284344916,-4.99999999999998,-44.6622381929733));
#6228=CARTESIAN_POINT('',(48.4555716118038,-14.,-44.1770543031692));
#6229=CARTESIAN_POINT('Origin',(50.0000000745073,-14.,-45.0000006705537));
#6230=CARTESIAN_POINT('',(48.5886886291387,-14.,-46.0347470182987));
#6231=CARTESIAN_POINT('Origin',(50.0000000745073,-14.,-45.0000006705537));
#6232=CARTESIAN_POINT('',(48.5886886291387,-5.00000000000001,-46.0347470182987));
#6233=CARTESIAN_POINT('Origin',(50.0000000745073,-5.00000000000001,-45.0000006705537));
#6234=CARTESIAN_POINT('',(48.5886886291387,-14.,-46.0347470182987));
#6235=CARTESIAN_POINT('Ctrl Pts',(48.29844875639,-14.,-45.5863650404786));
#6236=CARTESIAN_POINT('Ctrl Pts',(48.29844875639,-4.99999999999998,-45.5863650404786));
#6237=CARTESIAN_POINT('Ctrl Pts',(48.3721816025749,-14.,-45.7499312893238));
#6238=CARTESIAN_POINT('Ctrl Pts',(48.3721816025749,-4.99999999999998,-45.7499312893238));
#6239=CARTESIAN_POINT('Ctrl Pts',(48.4699350320702,-14.,-45.9012140042449));
#6240=CARTESIAN_POINT('Ctrl Pts',(48.4699350320702,-4.99999999999998,-45.9012140042449));
#6241=CARTESIAN_POINT('Ctrl Pts',(48.5886886291387,-14.,-46.0347470182987));
#6242=CARTESIAN_POINT('Ctrl Pts',(48.5886886291387,-4.99999999999998,-46.0347470182987));
#6243=CARTESIAN_POINT('Ctrl Pts',(48.29844875639,-14.,-45.5863650404786));
#6244=CARTESIAN_POINT('Ctrl Pts',(48.3721816025749,-14.,-45.7499312893238));
#6245=CARTESIAN_POINT('Ctrl Pts',(48.4699350320702,-14.,-45.9012140042449));
#6246=CARTESIAN_POINT('Ctrl Pts',(48.5886886291387,-14.,-46.0347470182987));
#6247=CARTESIAN_POINT('Ctrl Pts',(48.29844875639,-4.99999999999998,-45.5863650404786));
#6248=CARTESIAN_POINT('Ctrl Pts',(48.3721816025749,-4.99999999999998,-45.7499312893238));
#6249=CARTESIAN_POINT('Ctrl Pts',(48.4699350320702,-4.99999999999998,-45.9012140042449));
#6250=CARTESIAN_POINT('Ctrl Pts',(48.5886886291387,-4.99999999999998,-46.0347470182987));
#6251=CARTESIAN_POINT('Origin',(50.0000000745073,-14.,-45.0000006705537));
#6252=CARTESIAN_POINT('',(52.493584153874,-5.00000000000001,-44.8210078239682));
#6253=CARTESIAN_POINT('Origin',(50.0000000745073,-5.00000000000001,-45.0000006705537));
#6254=CARTESIAN_POINT('',(52.493584153874,-14.,-44.8210078239682));
#6255=CARTESIAN_POINT('',(52.493584153874,-14.,-44.8210078239682));
#6256=CARTESIAN_POINT('Origin',(50.0000000745073,-14.,-45.0000006705537));
#6257=CARTESIAN_POINT('Origin',(50.0000000745073,-5.00000000000001,-45.0000006705537));
#6258=CARTESIAN_POINT('Origin',(50.0000000745073,-14.,-45.0000006705537));
#6259=CARTESIAN_POINT('Ctrl Pts',(50.8771140508334,-14.,-43.8265885210795));
#6260=CARTESIAN_POINT('Ctrl Pts',(50.7360491954953,-14.,-43.6940309359525));
#6261=CARTESIAN_POINT('Ctrl Pts',(50.5699886462744,-14.,-43.5908957569076));
#6262=CARTESIAN_POINT('Ctrl Pts',(50.2004026112388,-14.,-43.4496274496366));
#6263=CARTESIAN_POINT('Ctrl Pts',(49.9993311665751,-14.,-43.4157954554889));
#6264=CARTESIAN_POINT('Ctrl Pts',(49.5871037034425,-14.,-43.4257504473015));
#6265=CARTESIAN_POINT('Ctrl Pts',(49.3800149076534,-14.,-43.4725832337997));
#6266=CARTESIAN_POINT('Ctrl Pts',(48.987120232219,-14.,-43.6449409866059));
#6267=CARTESIAN_POINT('Ctrl Pts',(48.806384176982,-14.,-43.7716757221523));
#6268=CARTESIAN_POINT('Ctrl Pts',(48.5805612826236,-14.,-44.0054441312355));
#6269=CARTESIAN_POINT('Ctrl Pts',(48.5140661431847,-14.,-44.0885110623831));
#6270=CARTESIAN_POINT('Ctrl Pts',(48.455571611804,-14.,-44.1770543031693));
#6271=CARTESIAN_POINT('Ctrl Pts',(48.5913249903203,-14.,-46.0333049348809));
#6272=CARTESIAN_POINT('Ctrl Pts',(48.6104832706109,-14.,-46.0545979483682));
#6273=CARTESIAN_POINT('Ctrl Pts',(48.630166781631,-14.,-46.0754484819774));
#6274=CARTESIAN_POINT('Ctrl Pts',(48.6503590688303,-14.,-46.0958376468893));
#6275=CARTESIAN_POINT('Ctrl Pts',(48.6616745162231,-14.,-46.1072634215262));
#6276=CARTESIAN_POINT('Ctrl Pts',(48.6731497500554,-14.,-46.1185442772929));
#6277=CARTESIAN_POINT('Ctrl Pts',(48.6847819713911,-14.,-46.129676612013));
#6278=CARTESIAN_POINT('Ctrl Pts',(48.694137631711,-14.,-46.1386302193424));
#6279=CARTESIAN_POINT('Ctrl Pts',(48.7035962509883,-14.,-46.1474888778857));
#6280=CARTESIAN_POINT('Ctrl Pts',(48.7131402446307,-14.,-46.1562362834661));
#6281=CARTESIAN_POINT('Ctrl Pts',(48.7620490156043,-14.,-46.2010628908779));
#6282=CARTESIAN_POINT('Ctrl Pts',(48.813287463132,-14.,-46.2430593636752));
#6283=CARTESIAN_POINT('Ctrl Pts',(48.8665917642386,-14.,-46.2820294467682));
#6284=CARTESIAN_POINT('Ctrl Pts',(48.9198420212823,-14.,-46.3209600189477));
#6285=CARTESIAN_POINT('Ctrl Pts',(48.9751548806253,-14.,-46.3568708696068));
#6286=CARTESIAN_POINT('Ctrl Pts',(49.0322887288681,-14.,-46.3895187108158));
#6287=CARTESIAN_POINT('Ctrl Pts',(49.0751391150503,-14.,-46.4140045917225));
#6288=CARTESIAN_POINT('Ctrl Pts',(49.1190143257758,-14.,-46.4366541019146));
#6289=CARTESIAN_POINT('Ctrl Pts',(49.163815635675,-14.,-46.4573442750848));
#6290=CARTESIAN_POINT('Ctrl Pts',(49.1854856495631,-14.,-46.4673519364892));
#6291=CARTESIAN_POINT('Ctrl Pts',(49.2073723474547,-14.,-46.4769009213355));
#6292=CARTESIAN_POINT('Ctrl Pts',(49.2294645344705,-14.,-46.4859757008399));
#6293=CARTESIAN_POINT('Ctrl Pts',(49.2431008250752,-14.,-46.4915770625525));
#6294=CARTESIAN_POINT('Ctrl Pts',(49.2568196715981,-14.,-46.4969992085917));
#6295=CARTESIAN_POINT('Ctrl Pts',(49.2705913745417,-14.,-46.5022284468373));
#6296=CARTESIAN_POINT('Ctrl Pts',(49.3290063037576,-14.,-46.5244091156489));
#6297=CARTESIAN_POINT('Ctrl Pts',(49.3884558493364,-14.,-46.5431599776928));
#6298=CARTESIAN_POINT('Ctrl Pts',(49.4487269615184,-14.,-46.5582772210045));
#6299=CARTESIAN_POINT('Ctrl Pts',(49.494006284187,-14.,-46.5696342129861));
#6300=CARTESIAN_POINT('Ctrl Pts',(49.5397496767217,-14.,-46.5789395040983));
#6301=CARTESIAN_POINT('Ctrl Pts',(49.5858683873865,-14.,-46.5860872910304));
#6302=CARTESIAN_POINT('Ctrl Pts',(49.6487730613978,-14.,-46.5958366790852));
#6303=CARTESIAN_POINT('Ctrl Pts',(49.7123772014584,-14.,-46.6015736229326));
#6304=CARTESIAN_POINT('Ctrl Pts',(49.7763287575642,-14.,-46.603384474968));
#6305=CARTESIAN_POINT('Ctrl Pts',(49.8001914566726,-14.,-46.6040601710711));
#6306=CARTESIAN_POINT('Ctrl Pts',(49.824102351388,-14.,-46.6041887414282));
#6307=CARTESIAN_POINT('Ctrl Pts',(49.8480423437132,-14.,-46.6037729966897));
#6308=CARTESIAN_POINT('Ctrl Pts',(49.8622544867038,-14.,-46.6035261869334));
#6309=CARTESIAN_POINT('Ctrl Pts',(49.8764809252825,-14.,-46.6030872100708));
#6310=CARTESIAN_POINT('Ctrl Pts',(49.8906898799453,-14.,-46.6024581569579));
#6311=CARTESIAN_POINT('Ctrl Pts',(49.9529160593908,-14.,-46.5997033046262));
#6312=CARTESIAN_POINT('Ctrl Pts',(50.0149068585048,-14.,-46.5933076130819));
#6313=CARTESIAN_POINT('Ctrl Pts',(50.0763420948453,-14.,-46.5834008132507));
#6314=CARTESIAN_POINT('Ctrl Pts',(50.1377089575551,-14.,-46.5735050390769));
#6315=CARTESIAN_POINT('Ctrl Pts',(50.1985225592197,-14.,-46.5601054479124));
#6316=CARTESIAN_POINT('Ctrl Pts',(50.2584451184366,-14.,-46.5432832370835));
#6317=CARTESIAN_POINT('Ctrl Pts',(50.2993918356459,-14.,-46.5317881621293));
#6318=CARTESIAN_POINT('Ctrl Pts',(50.3399220986953,-14.,-46.5186939494986));
#6319=CARTESIAN_POINT('Ctrl Pts',(50.3799192820677,-14.,-46.5040154188761));
#6320=CARTESIAN_POINT('Ctrl Pts',(50.400270042481,-14.,-46.4965469114781));
#6321=CARTESIAN_POINT('Ctrl Pts',(50.4204826634929,-14.,-46.4886681174081));
#6322=CARTESIAN_POINT('Ctrl Pts',(50.4405408417057,-14.,-46.4803802013605));
#6323=CARTESIAN_POINT('Ctrl Pts',(50.4555072191525,-14.,-46.4741961861174));
#6324=CARTESIAN_POINT('Ctrl Pts',(50.4703917304262,-14.,-46.4677823631878));
#6325=CARTESIAN_POINT('Ctrl Pts',(50.4851610537963,-14.,-46.4611513467538));
#6326=CARTESIAN_POINT('Ctrl Pts',(50.5397887444279,-14.,-46.4366250292474));
#6327=CARTESIAN_POINT('Ctrl Pts',(50.5929089393232,-14.,-46.409105147698));
#6328=CARTESIAN_POINT('Ctrl Pts',(50.6442016680476,-14.,-46.3786561773719));
#6329=CARTESIAN_POINT('Ctrl Pts',(50.6757285452133,-14.,-46.3599408356234));
#6330=CARTESIAN_POINT('Ctrl Pts',(50.7065644181688,-14.,-46.3401181631117));
#6331=CARTESIAN_POINT('Ctrl Pts',(50.7366274978271,-14.,-46.3191968199197));
#6332=CARTESIAN_POINT('Ctrl Pts',(50.7490062151796,-14.,-46.3105822868461));
#6333=CARTESIAN_POINT('Ctrl Pts',(50.7612538333773,-14.,-46.3017814282907));
#6334=CARTESIAN_POINT('Ctrl Pts',(50.7733643037791,-14.,-46.2927946419117));
#6335=CARTESIAN_POINT('Ctrl Pts',(50.7828018569233,-14.,-46.2857913405341));
#6336=CARTESIAN_POINT('Ctrl Pts',(50.7921551480316,-14.,-46.2786757452692));
#6337=CARTESIAN_POINT('Ctrl Pts',(50.8014136719459,-14.,-46.2714542938903));
#6338=CARTESIAN_POINT('Ctrl Pts',(50.846557913787,-14.,-46.2362427471564));
#6339=CARTESIAN_POINT('Ctrl Pts',(50.889504233853,-14.,-46.1984787123853));
#6340=CARTESIAN_POINT('Ctrl Pts',(50.9299435753042,-14.,-46.1582049485398));
#6341=CARTESIAN_POINT('Ctrl Pts',(50.9481077966315,-14.,-46.1401151000428));
#6342=CARTESIAN_POINT('Ctrl Pts',(50.9657656636216,-14.,-46.1215185144797));
#6343=CARTESIAN_POINT('Ctrl Pts',(50.9828861595421,-14.,-46.1024173383818));
#6344=CARTESIAN_POINT('Ctrl Pts',(51.0015026590572,-14.,-46.0816470851592));
#6345=CARTESIAN_POINT('Ctrl Pts',(51.0194837781406,-14.,-46.0602801547388));
#6346=CARTESIAN_POINT('Ctrl Pts',(51.0368167496722,-14.,-46.0383515811571));
#6347=CARTESIAN_POINT('Ctrl Pts',(38.4555716118023,-14.,-44.1770543031715));
#6348=CARTESIAN_POINT('Ctrl Pts',(38.4555716118023,-4.99999999999998,-44.1770543031715));
#6349=CARTESIAN_POINT('Ctrl Pts',(38.4364536490781,-14.,-44.2059931857796));
#6350=CARTESIAN_POINT('Ctrl Pts',(38.4364536490781,-4.99999999999998,-44.2059931857796));
#6351=CARTESIAN_POINT('Ctrl Pts',(38.4181904098222,-13.9999999999999,-44.2355171128712));
#6352=CARTESIAN_POINT('Ctrl Pts',(38.4181904098222,-4.99999999999991,-44.2355171128712));
#6353=CARTESIAN_POINT('Ctrl Pts',(38.328635361222,-13.9999999999999,-44.3904067172827));
#6354=CARTESIAN_POINT('Ctrl Pts',(38.328635361222,-4.99999999999991,-44.3904067172827));
#6355=CARTESIAN_POINT('Ctrl Pts',(38.2721423824893,-14.,-44.5236602278859));
#6356=CARTESIAN_POINT('Ctrl Pts',(38.2721423824893,-4.99999999999998,-44.5236602278859));
#6357=CARTESIAN_POINT('Ctrl Pts',(38.2322284344916,-14.,-44.6622381929733));
#6358=CARTESIAN_POINT('Ctrl Pts',(38.2322284344916,-4.99999999999998,-44.6622381929733));
#6359=CARTESIAN_POINT('',(38.4555716118024,-14.,-44.1770543031714));
#6360=CARTESIAN_POINT('Ctrl Pts',(38.4555716118023,-14.,-44.1770543031715));
#6361=CARTESIAN_POINT('Ctrl Pts',(38.4364536490781,-14.,-44.2059931857796));
#6362=CARTESIAN_POINT('Ctrl Pts',(38.4181904098222,-13.9999999999999,-44.2355171128712));
#6363=CARTESIAN_POINT('Ctrl Pts',(38.328635361222,-13.9999999999999,-44.3904067172827));
#6364=CARTESIAN_POINT('Ctrl Pts',(38.2721423824893,-14.,-44.5236602278859));
#6365=CARTESIAN_POINT('Ctrl Pts',(38.2322284344916,-14.,-44.6622381929733));
#6366=CARTESIAN_POINT('',(38.4555716118024,-5.00000000000001,-44.1770543031714));
#6367=CARTESIAN_POINT('Ctrl Pts',(38.4555716118023,-4.99999999999998,-44.1770543031715));
#6368=CARTESIAN_POINT('Ctrl Pts',(38.4364536490781,-4.99999999999998,-44.2059931857796));
#6369=CARTESIAN_POINT('Ctrl Pts',(38.4181904098222,-4.99999999999991,-44.2355171128712));
#6370=CARTESIAN_POINT('Ctrl Pts',(38.328635361222,-4.99999999999991,-44.3904067172827));
#6371=CARTESIAN_POINT('Ctrl Pts',(38.2721423824893,-4.99999999999998,-44.5236602278859));
#6372=CARTESIAN_POINT('Ctrl Pts',(38.2322284344916,-4.99999999999998,-44.6622381929733));
#6373=CARTESIAN_POINT('',(38.4555716118024,-14.,-44.1770543031714));
#6374=CARTESIAN_POINT('Origin',(40.000000074507,-14.,-45.0000006705537));
#6375=CARTESIAN_POINT('',(38.5886886291372,-14.,-46.034747018297));
#6376=CARTESIAN_POINT('Origin',(40.000000074507,-14.,-45.0000006705537));
#6377=CARTESIAN_POINT('',(38.5886886291372,-5.00000000000001,-46.034747018297));
#6378=CARTESIAN_POINT('Origin',(40.000000074507,-5.00000000000001,-45.0000006705537));
#6379=CARTESIAN_POINT('',(38.5886886291372,-14.,-46.034747018297));
#6380=CARTESIAN_POINT('Ctrl Pts',(38.2984487563906,-14.,-45.5863650404799));
#6381=CARTESIAN_POINT('Ctrl Pts',(38.2984487563906,-4.99999999999998,-45.5863650404799));
#6382=CARTESIAN_POINT('Ctrl Pts',(38.3721816025751,-14.,-45.7499312893239));
#6383=CARTESIAN_POINT('Ctrl Pts',(38.3721816025751,-4.99999999999997,-45.7499312893239));
#6384=CARTESIAN_POINT('Ctrl Pts',(38.4699350320697,-14.,-45.901214004244));
#6385=CARTESIAN_POINT('Ctrl Pts',(38.4699350320697,-4.99999999999998,-45.901214004244));
#6386=CARTESIAN_POINT('Ctrl Pts',(38.5886886291372,-14.,-46.034747018297));
#6387=CARTESIAN_POINT('Ctrl Pts',(38.5886886291372,-4.99999999999998,-46.034747018297));
#6388=CARTESIAN_POINT('Ctrl Pts',(38.2984487563906,-14.,-45.5863650404799));
#6389=CARTESIAN_POINT('Ctrl Pts',(38.3721816025751,-14.,-45.7499312893239));
#6390=CARTESIAN_POINT('Ctrl Pts',(38.4699350320697,-14.,-45.901214004244));
#6391=CARTESIAN_POINT('Ctrl Pts',(38.5886886291372,-14.,-46.034747018297));
#6392=CARTESIAN_POINT('Ctrl Pts',(38.2984487563906,-4.99999999999998,-45.5863650404799));
#6393=CARTESIAN_POINT('Ctrl Pts',(38.3721816025751,-4.99999999999997,-45.7499312893239));
#6394=CARTESIAN_POINT('Ctrl Pts',(38.4699350320697,-4.99999999999998,-45.901214004244));
#6395=CARTESIAN_POINT('Ctrl Pts',(38.5886886291372,-4.99999999999998,-46.034747018297));
#6396=CARTESIAN_POINT('Origin',(40.000000074507,-14.,-45.0000006705537));
#6397=CARTESIAN_POINT('',(42.4935841538738,-5.00000000000001,-44.8210078239682));
#6398=CARTESIAN_POINT('Origin',(40.000000074507,-5.00000000000001,-45.0000006705537));
#6399=CARTESIAN_POINT('',(42.4935841538738,-14.,-44.8210078239682));
#6400=CARTESIAN_POINT('',(42.4935841538738,-14.,-44.8210078239682));
#6401=CARTESIAN_POINT('Origin',(40.000000074507,-14.,-45.0000006705537));
#6402=CARTESIAN_POINT('Origin',(40.000000074507,-5.00000000000001,-45.0000006705537));
#6403=CARTESIAN_POINT('Origin',(40.000000074507,-14.,-45.0000006705537));
#6404=CARTESIAN_POINT('Ctrl Pts',(40.8771140508338,-14.,-43.8265885210799));
#6405=CARTESIAN_POINT('Ctrl Pts',(40.7360491954957,-14.,-43.6940309359529));
#6406=CARTESIAN_POINT('Ctrl Pts',(40.569988646275,-13.9999999999999,-43.5908957569078));
#6407=CARTESIAN_POINT('Ctrl Pts',(40.2004026112394,-13.9999999999999,-43.4496274496367));
#6408=CARTESIAN_POINT('Ctrl Pts',(39.9993311665758,-13.9999999999999,-43.4157954554889));
#6409=CARTESIAN_POINT('Ctrl Pts',(39.5871037034431,-13.9999999999999,-43.4257504473014));
#6410=CARTESIAN_POINT('Ctrl Pts',(39.380014907654,-13.9999999999999,-43.4725832337995));
#6411=CARTESIAN_POINT('Ctrl Pts',(38.9871202322195,-13.9999999999999,-43.6449409866055));
#6412=CARTESIAN_POINT('Ctrl Pts',(38.8063841769824,-13.9999999999999,-43.7716757221518));
#6413=CARTESIAN_POINT('Ctrl Pts',(38.5805612826233,-13.9999999999999,-44.0054441312358));
#6414=CARTESIAN_POINT('Ctrl Pts',(38.5140661431837,-14.,-44.0885110623843));
#6415=CARTESIAN_POINT('Ctrl Pts',(38.4555716118025,-14.,-44.1770543031715));
#6416=CARTESIAN_POINT('Ctrl Pts',(38.591317974015,-14.,-46.0333063943735));
#6417=CARTESIAN_POINT('Ctrl Pts',(38.6104758549623,-14.,-46.0545998291461));
#6418=CARTESIAN_POINT('Ctrl Pts',(38.6301589498895,-14.,-46.075450777956));
#6419=CARTESIAN_POINT('Ctrl Pts',(38.6503508104607,-14.,-46.095840349625));
#6420=CARTESIAN_POINT('Ctrl Pts',(38.6616633377423,-14.,-46.1072636449152));
#6421=CARTESIAN_POINT('Ctrl Pts',(38.6731355724498,-14.,-46.1185420873409));
#6422=CARTESIAN_POINT('Ctrl Pts',(38.6847647187383,-14.,-46.1296720768769));
#6423=CARTESIAN_POINT('Ctrl Pts',(38.6941218323027,-14.,-46.1386275559356));
#6424=CARTESIAN_POINT('Ctrl Pts',(38.7035819444192,-14.,-46.1474880528933));
#6425=CARTESIAN_POINT('Ctrl Pts',(38.7131274623821,-14.,-46.1562372543653));
#6426=CARTESIAN_POINT('Ctrl Pts',(38.7620344557363,-14.,-46.2010642757913));
#6427=CARTESIAN_POINT('Ctrl Pts',(38.8132710493057,-14.,-46.2430611753122));
#6428=CARTESIAN_POINT('Ctrl Pts',(38.8665735084405,-14.,-46.2820316778887));
#6429=CARTESIAN_POINT('Ctrl Pts',(38.9198220502119,-14.,-46.3209627603939));
#6430=CARTESIAN_POINT('Ctrl Pts',(38.9751332156939,-14.,-46.3568741000651));
#6431=CARTESIAN_POINT('Ctrl Pts',(39.0322654790929,-14.,-46.3895223870321));
#6432=CARTESIAN_POINT('Ctrl Pts',(39.0751146766422,-14.,-46.4140086022574));
#6433=CARTESIAN_POINT('Ctrl Pts',(39.1189887600687,-14.,-46.4366584224276));
#6434=CARTESIAN_POINT('Ctrl Pts',(39.1637890425285,-14.,-46.4573488714282));
#6435=CARTESIAN_POINT('Ctrl Pts',(39.1854588335933,-14.,-46.4673567928578));
#6436=CARTESIAN_POINT('Ctrl Pts',(39.2073453375333,-14.,-46.4769060181283));
#6437=CARTESIAN_POINT('Ctrl Pts',(39.2294373635725,-14.,-46.4859810166947));
#6438=CARTESIAN_POINT('Ctrl Pts',(39.2430734194124,-14.,-46.4915824580011));
#6439=CARTESIAN_POINT('Ctrl Pts',(39.2567920421071,-14.,-46.4970046790915));
#6440=CARTESIAN_POINT('Ctrl Pts',(39.270563533481,-14.,-46.5022339873564));
#6441=CARTESIAN_POINT('Ctrl Pts',(39.3289768470647,-14.,-46.5244146804427));
#6442=CARTESIAN_POINT('Ctrl Pts',(39.3884249713183,-14.,-46.543165561588));
#6443=CARTESIAN_POINT('Ctrl Pts',(39.4486949402344,-14.,-46.5582828050841));
#6444=CARTESIAN_POINT('Ctrl Pts',(39.4939740846742,-14.,-46.5696399679315));
#6445=CARTESIAN_POINT('Ctrl Pts',(39.5397174698875,-14.,-46.5789453576087));
#6446=CARTESIAN_POINT('Ctrl Pts',(39.5858363772979,-14.,-46.5860931602257));
#6447=CARTESIAN_POINT('Ctrl Pts',(39.6487408195016,-14.,-46.5958424921559));
#6448=CARTESIAN_POINT('Ctrl Pts',(39.7123450964141,-14.,-46.6015792894413));
#6449=CARTESIAN_POINT('Ctrl Pts',(39.7762970888373,-14.,-46.6033899230056));
#6450=CARTESIAN_POINT('Ctrl Pts',(39.800159458354,-14.,-46.6040655236481));
#6451=CARTESIAN_POINT('Ctrl Pts',(39.8240700631977,-14.,-46.6041940111058));
#6452=CARTESIAN_POINT('Ctrl Pts',(39.8480098029974,-14.,-46.6037781968219));
#6453=CARTESIAN_POINT('Ctrl Pts',(39.8622224492681,-14.,-46.6035313344341));
#6454=CARTESIAN_POINT('Ctrl Pts',(39.8764494059928,-14.,-46.6030922919641));
#6455=CARTESIAN_POINT('Ctrl Pts',(39.8906588907008,-14.,-46.6024631606976));
#6456=CARTESIAN_POINT('Ctrl Pts',(39.9528858807716,-14.,-46.5997080329865));
#6457=CARTESIAN_POINT('Ctrl Pts',(40.0148777290731,-14.,-46.5933120025975));
#6458=CARTESIAN_POINT('Ctrl Pts',(40.0763141834561,-14.,-46.5834048192242));
#6459=CARTESIAN_POINT('Ctrl Pts',(40.1376821944978,-14.,-46.5735086729581));
#6460=CARTESIAN_POINT('Ctrl Pts',(40.1984971143884,-14.,-46.5601086728496));
#6461=CARTESIAN_POINT('Ctrl Pts',(40.2584210948872,-14.,-46.5432860341827));
#6462=CARTESIAN_POINT('Ctrl Pts',(40.2993681244501,-14.,-46.5317908518353));
#6463=CARTESIAN_POINT('Ctrl Pts',(40.3398987613809,-14.,-46.5186965744217));
#6464=CARTESIAN_POINT('Ctrl Pts',(40.3798963643116,-14.,-46.5040180268025));
#6465=CARTESIAN_POINT('Ctrl Pts',(40.400248423952,-14.,-46.4965491123003));
#6466=CARTESIAN_POINT('Ctrl Pts',(40.420462341286,-14.,-46.4886698797337));
#6467=CARTESIAN_POINT('Ctrl Pts',(40.4405218082064,-14.,-46.480381494719));
#6468=CARTESIAN_POINT('Ctrl Pts',(40.4554884502689,-14.,-46.4741974175307));
#6469=CARTESIAN_POINT('Ctrl Pts',(40.4703732299987,-14.,-46.4677835368961));
#6470=CARTESIAN_POINT('Ctrl Pts',(40.4851428243859,-14.,-46.461152467292));
#6471=CARTESIAN_POINT('Ctrl Pts',(40.5397716910605,-14.,-46.4366258751719));
#6472=CARTESIAN_POINT('Ctrl Pts',(40.5928930875633,-14.,-46.4091057620168));
#6473=CARTESIAN_POINT('Ctrl Pts',(40.6441869871285,-14.,-46.3786566188209));
#6474=CARTESIAN_POINT('Ctrl Pts',(40.6757148814252,-14.,-46.3599409942292));
#6475=CARTESIAN_POINT('Ctrl Pts',(40.7065517468579,-14.,-46.3401180401995));
#6476=CARTESIAN_POINT('Ctrl Pts',(40.7366157786699,-14.,-46.3191964209789));
#6477=CARTESIAN_POINT('Ctrl Pts',(40.7489931575134,-14.,-46.3105829785526));
#6478=CARTESIAN_POINT('Ctrl Pts',(40.761239467008,-14.,-46.3017832636651));
#6479=CARTESIAN_POINT('Ctrl Pts',(40.77334865994,-14.,-46.2927976741113));
#6480=CARTESIAN_POINT('Ctrl Pts',(40.7827864089709,-14.,-46.2857944213281));
#6481=CARTESIAN_POINT('Ctrl Pts',(40.792139897192,-14.,-46.2786788759354));
#6482=CARTESIAN_POINT('Ctrl Pts',(40.8013986150527,-14.,-46.2714574785468));
#6483=CARTESIAN_POINT('Ctrl Pts',(40.8465437670566,-14.,-46.2362462227671));
#6484=CARTESIAN_POINT('Ctrl Pts',(40.8894909388368,-14.,-46.1984825725691));
#6485=CARTESIAN_POINT('Ctrl Pts',(40.9299310275419,-14.,-46.1582093026179));
#6486=CARTESIAN_POINT('Ctrl Pts',(40.9480980256719,-14.,-46.1401172448772));
#6487=CARTESIAN_POINT('Ctrl Pts',(40.9657585123139,-14.,-46.1215183359678));
#6488=CARTESIAN_POINT('Ctrl Pts',(40.9828814538474,-14.,-46.1024147247722));
#6489=CARTESIAN_POINT('Ctrl Pts',(41.0014983174913,-14.,-46.0816443843466));
#6490=CARTESIAN_POINT('Ctrl Pts',(41.0194797515478,-14.,-46.0602773816837));
#6491=CARTESIAN_POINT('Ctrl Pts',(41.0368129930052,-14.,-46.0383487498634));
#6492=CARTESIAN_POINT('Origin',(50.0000000745062,-18.3251406708469,-45.0000006705528));
#6493=CARTESIAN_POINT('Ctrl Pts',(49.8719390390172,-16.8251406708469,-43.2024266039983));
#6494=CARTESIAN_POINT('Ctrl Pts',(49.9190621152819,-16.8226235852542,-43.1987882995077));
#6495=CARTESIAN_POINT('Ctrl Pts',(50.5539264359112,-16.7887999506164,-43.1762647827151));
#6496=CARTESIAN_POINT('Ctrl Pts',(51.7714730921574,-16.7236697669334,-43.8401082284311));
#6497=CARTESIAN_POINT('Ctrl Pts',(51.9469732043865,-16.6297501197977,-45.8319283534663));
#6498=CARTESIAN_POINT('Ctrl Pts',(50.3863297385177,-16.5358304726621,-47.0817608170876));
#6499=CARTESIAN_POINT('Ctrl Pts',(48.4810566398118,-16.4419108255265,-46.4750767739984));
#6500=CARTESIAN_POINT('Ctrl Pts',(47.9304464961251,-16.3479911783908,-44.5528826835729));
#6501=CARTESIAN_POINT('Ctrl Pts',(48.9267713402728,-16.2757344601643,-43.3808296278446));
#6502=CARTESIAN_POINT('Ctrl Pts',(49.688393365475,-16.234784290983,-43.2177234279726));
#6503=CARTESIAN_POINT('Ctrl Pts',(49.8700492778741,-16.2251406708469,-43.2060883555215));
#6504=CARTESIAN_POINT('Ctrl Pts',(49.8699728346542,-16.8748593291532,-43.2069453737323));
#6505=CARTESIAN_POINT('Ctrl Pts',(50.2637905687988,-16.8539597880117,-43.1813252877159));
#6506=CARTESIAN_POINT('Ctrl Pts',(51.2748685294713,-16.801753697825,-43.4292073311851));
#6507=CARTESIAN_POINT('Ctrl Pts',(52.1169859224046,-16.7182410585931,-44.9956802128917));
#6508=CARTESIAN_POINT('Ctrl Pts',(51.1772605148186,-16.6243214114575,-46.7597537896169));
#6509=CARTESIAN_POINT('Ctrl Pts',(49.1870785051128,-16.5304017643219,-46.9551539313097));
#6510=CARTESIAN_POINT('Ctrl Pts',(47.9221410065634,-16.4364821171863,-45.4065808081369));
#6511=CARTESIAN_POINT('Ctrl Pts',(48.4554306100051,-16.3513013054634,-43.6733863955896));
#6512=CARTESIAN_POINT('Ctrl Pts',(49.4485349881766,-16.2974270427856,-43.2393517257872));
#6513=CARTESIAN_POINT('Ctrl Pts',(49.8728954499555,-16.2748593291532,-43.2054385354465));
#6514=CARTESIAN_POINT('Ctrl Pts',(51.0354602647041,-17.0000000000003,-46.0363631527545));
#6515=CARTESIAN_POINT('Ctrl Pts',(50.6956977221218,-16.9686934509551,-46.3758298866496));
#6516=CARTESIAN_POINT('Ctrl Pts',(49.661683548926,-16.9060803528647,-46.689023672668));
#6517=CARTESIAN_POINT('Ctrl Pts',(48.4042505611381,-16.8121607057291,-45.6534450499994));
#6518=CARTESIAN_POINT('Ctrl Pts',(48.5729068797051,-16.7182410585934,-44.0341102933127));
#6519=CARTESIAN_POINT('Ctrl Pts',(50.0128082359196,-16.6243214114578,-43.2766166863649));
#6520=CARTESIAN_POINT('Ctrl Pts',(51.4419825558836,-16.5304017643221,-44.055845967006));
#6521=CARTESIAN_POINT('Ctrl Pts',(51.5848399885357,-16.4364821171865,-45.6771914223062));
#6522=CARTESIAN_POINT('Ctrl Pts',(50.3144731723125,-16.3425624700509,-46.6945574782613));
#6523=CARTESIAN_POINT('Ctrl Pts',(48.7635771647536,-16.2486428229152,-46.2007154873595));
#6524=CARTESIAN_POINT('Ctrl Pts',(48.3153794370131,-16.1547231757796,-44.6360457596342));
#6525=CARTESIAN_POINT('Ctrl Pts',(49.369534798205,-16.0608035286439,-43.3959622471586));
#6526=CARTESIAN_POINT('Ctrl Pts',(50.9859574656674,-15.9668838815083,-43.586382495695));
#6527=CARTESIAN_POINT('Ctrl Pts',(51.7230838732237,-15.8729642343727,-45.0374907194753));
#6528=CARTESIAN_POINT('Ctrl Pts',(50.9235393041871,-15.779044587237,-46.455164116501));
#6529=CARTESIAN_POINT('Ctrl Pts',(49.3003671280371,-15.6851249401014,-46.5751004010618));
#6530=CARTESIAN_POINT('Ctrl Pts',(48.3011389551135,-15.5912052929657,-45.2903380831994));
#6531=CARTESIAN_POINT('Ctrl Pts',(48.8169813609662,-15.4972856458301,-43.7466484184261));
#6532=CARTESIAN_POINT('Ctrl Pts',(50.3878583559659,-15.4033659986945,-43.3207177501629));
#6533=CARTESIAN_POINT('Ctrl Pts',(51.6128372865117,-15.3094463515588,-44.3923977804449));
#6534=CARTESIAN_POINT('Ctrl Pts',(51.3994628317251,-15.2155267044232,-46.0059474421685));
#6535=CARTESIAN_POINT('Ctrl Pts',(49.9380258627113,-15.1216070572875,-46.7223782766274));
#6536=CARTESIAN_POINT('Ctrl Pts',(48.5318581185566,-15.0276874101519,-45.9027656235522));
#6537=CARTESIAN_POINT('Ctrl Pts',(48.4350029428092,-14.9337677630163,-44.2780538172797));
#6538=CARTESIAN_POINT('Ctrl Pts',(49.7338350642592,-14.8398481158806,-43.2971840307487));
#6539=CARTESIAN_POINT('Ctrl Pts',(51.2700404171902,-14.745928468745,-43.8349155851184));
#6540=CARTESIAN_POINT('Ctrl Pts',(51.6735975033573,-14.6520088216093,-45.4116819982716));
#6541=CARTESIAN_POINT('Ctrl Pts',(50.5846279264195,-14.5580891744737,-46.6213174063658));
#6542=CARTESIAN_POINT('Ctrl Pts',(48.9742498792741,-14.4641695273381,-46.3850106491366));
#6543=CARTESIAN_POINT('Ctrl Pts',(48.2787106273516,-14.3702498802024,-44.9135859352603));
#6544=CARTESIAN_POINT('Ctrl Pts',(49.1181217053185,-14.2763302330668,-43.5191117068598));
#6545=CARTESIAN_POINT('Ctrl Pts',(50.74426048209,-14.1824105859311,-43.4455577312149));
#6546=CARTESIAN_POINT('Ctrl Pts',(51.7061267077614,-14.0884909387955,-44.7577794518504));
#6547=CARTESIAN_POINT('Ctrl Pts',(51.1475585809481,-13.9945712916599,-46.2870576004272));
#6548=CARTESIAN_POINT('Ctrl Pts',(49.563346610349,-13.9006516445242,-46.666311123438));
#6549=CARTESIAN_POINT('Ctrl Pts',(48.7714132694933,-13.8380385464338,-45.9313844321202));
#6550=CARTESIAN_POINT('Ctrl Pts',(48.6149339925284,-13.8067319973886,-45.4773024079837));
#6551=CARTESIAN_POINT('Ctrl Pts',(51.1143272268585,-17.0644226675374,-46.11529883897));
#6552=CARTESIAN_POINT('Ctrl Pts',(50.748686297216,-17.0331161184922,-46.4806214293318));
#6553=CARTESIAN_POINT('Ctrl Pts',(49.6359152993384,-16.9705030204018,-46.8176699638985));
#6554=CARTESIAN_POINT('Ctrl Pts',(48.2827085475773,-16.8765833732661,-45.7032153585364));
#6555=CARTESIAN_POINT('Ctrl Pts',(48.4642107598054,-16.7826637261305,-43.9605421923386));
#6556=CARTESIAN_POINT('Ctrl Pts',(50.0137837835949,-16.6887440789948,-43.145353253212));
#6557=CARTESIAN_POINT('Ctrl Pts',(51.5518127346415,-16.5948244318592,-43.983933387481));
#6558=CARTESIAN_POINT('Ctrl Pts',(51.705551060486,-16.5009047847236,-45.7287703993596));
#6559=CARTESIAN_POINT('Ctrl Pts',(50.3384253610476,-16.406985137588,-46.8236252578701));
#6560=CARTESIAN_POINT('Ctrl Pts',(48.6694036564397,-16.3130654904523,-46.2921692495725));
#6561=CARTESIAN_POINT('Ctrl Pts',(48.1870684567171,-16.2191458433167,-44.6083247342805));
#6562=CARTESIAN_POINT('Ctrl Pts',(49.3215147182865,-16.125226196181,-43.2737888996657));
#6563=CARTESIAN_POINT('Ctrl Pts',(51.0610539927872,-16.0313065490454,-43.4787127154826));
#6564=CARTESIAN_POINT('Ctrl Pts',(51.8543244424206,-15.9373869019097,-45.0403461902095));
#6565=CARTESIAN_POINT('Ctrl Pts',(50.9938816835126,-15.8434672547741,-46.5659982378961));
#6566=CARTESIAN_POINT('Ctrl Pts',(49.2470788165853,-15.7495476076385,-46.6950696012411));
#6567=CARTESIAN_POINT('Ctrl Pts',(48.1717433328798,-15.6556279605028,-45.3124519509772));
#6568=CARTESIAN_POINT('Ctrl Pts',(48.726875441886,-15.5617083133672,-43.6511854681645));
#6569=CARTESIAN_POINT('Ctrl Pts',(50.417400007779,-15.4677886662315,-43.1928133229501));
#6570=CARTESIAN_POINT('Ctrl Pts',(51.7356808033988,-15.3738690190959,-44.3461190392701));
#6571=CARTESIAN_POINT('Ctrl Pts',(51.5060544490127,-15.2799493719603,-46.0825664823957));
#6572=CARTESIAN_POINT('Ctrl Pts',(49.9333055288322,-15.1860297248246,-46.8535650578864));
#6573=CARTESIAN_POINT('Ctrl Pts',(48.420035474699,-15.092110077689,-45.9715257072875));
#6574=CARTESIAN_POINT('Ctrl Pts',(48.3158032181595,-14.9981904305533,-44.2230659426191));
#6575=CARTESIAN_POINT('Ctrl Pts',(49.7135623140475,-14.9042707834177,-43.1674871319604));
#6576=CARTESIAN_POINT('Ctrl Pts',(51.3667744341898,-14.810351136282,-43.7461756005111));
#6577=CARTESIAN_POINT('Ctrl Pts',(51.8010688888654,-14.7164314891464,-45.4430381585569));
#6578=CARTESIAN_POINT('Ctrl Pts',(50.6291567485875,-14.6225118420108,-46.7448067754929));
#6579=CARTESIAN_POINT('Ctrl Pts',(48.8961224895462,-14.5285921948751,-46.4905014546726));
#6580=CARTESIAN_POINT('Ctrl Pts',(48.1476067269114,-14.4346725477395,-44.9070040620773));
#6581=CARTESIAN_POINT('Ctrl Pts',(49.0509524711693,-14.3407529006038,-43.4063181731633));
#6582=CARTESIAN_POINT('Ctrl Pts',(50.8009478931113,-14.2468332534682,-43.3271618782131));
#6583=CARTESIAN_POINT('Ctrl Pts',(51.8360757158348,-14.1529136063326,-44.7393304068082));
#6584=CARTESIAN_POINT('Ctrl Pts',(51.2349636344251,-14.0589939591969,-46.3850877044717));
#6585=CARTESIAN_POINT('Ctrl Pts',(49.5300884198766,-13.9650743120613,-46.7932274884217));
#6586=CARTESIAN_POINT('Ctrl Pts',(48.6778366066996,-13.9024612139709,-46.0023242988289));
#6587=CARTESIAN_POINT('Ctrl Pts',(48.5094389138157,-13.8711546649257,-45.5136566188153));
#6588=CARTESIAN_POINT('Ctrl Pts',(51.193194189013,-17.1288453350745,-46.1942345251855));
#6589=CARTESIAN_POINT('Ctrl Pts',(50.8016748723103,-17.0975387860293,-46.585412972014));
#6590=CARTESIAN_POINT('Ctrl Pts',(49.6101470497506,-17.0349256879388,-46.946316255129));
#6591=CARTESIAN_POINT('Ctrl Pts',(48.1611665340164,-16.9410060408032,-45.7529856670732));
#6592=CARTESIAN_POINT('Ctrl Pts',(48.3555146399055,-16.8470863936676,-43.8869740913646));
#6593=CARTESIAN_POINT('Ctrl Pts',(50.0147593312703,-16.7531667465319,-43.0140898200591));
#6594=CARTESIAN_POINT('Ctrl Pts',(51.6616429133994,-16.6592470993963,-43.9120208079561));
#6595=CARTESIAN_POINT('Ctrl Pts',(51.8262621324363,-16.5653274522607,-45.7803493764129));
#6596=CARTESIAN_POINT('Ctrl Pts',(50.3623775497826,-16.471407805125,-46.9526930374788));
#6597=CARTESIAN_POINT('Ctrl Pts',(48.5752301481257,-16.3774881579894,-46.3836230117855));
#6598=CARTESIAN_POINT('Ctrl Pts',(48.0587574764211,-16.2835685108537,-44.5806037089267));
#6599=CARTESIAN_POINT('Ctrl Pts',(49.273494638368,-16.1896488637181,-43.1516155521728));
#6600=CARTESIAN_POINT('Ctrl Pts',(51.1361505199069,-16.0957292165825,-43.3710429352702));
#6601=CARTESIAN_POINT('Ctrl Pts',(51.9855650116176,-16.0018095694468,-45.0432016609437));
#6602=CARTESIAN_POINT('Ctrl Pts',(51.0642240628382,-15.9078899223112,-46.6768323592911));
#6603=CARTESIAN_POINT('Ctrl Pts',(49.1937905051335,-15.8139702751755,-46.8150388014204));
#6604=CARTESIAN_POINT('Ctrl Pts',(48.0423477106463,-15.7200506280399,-45.334565818755));
#6605=CARTESIAN_POINT('Ctrl Pts',(48.6367695228057,-15.6261309809043,-43.555722517903));
#6606=CARTESIAN_POINT('Ctrl Pts',(50.4469416595921,-15.5322113337686,-43.0649088957372));
#6607=CARTESIAN_POINT('Ctrl Pts',(51.8585243202859,-15.438291686633,-44.2998402980952));
#6608=CARTESIAN_POINT('Ctrl Pts',(51.6126460663003,-15.3443720394973,-46.1591855226229));
#6609=CARTESIAN_POINT('Ctrl Pts',(49.9285851949532,-15.2504523923617,-46.9847518391454));
#6610=CARTESIAN_POINT('Ctrl Pts',(48.3082128308415,-15.1565327452261,-46.0402857910228));
#6611=CARTESIAN_POINT('Ctrl Pts',(48.1966034935097,-15.0626130980904,-44.1680780679586));
#6612=CARTESIAN_POINT('Ctrl Pts',(49.6932895638359,-14.9686934509548,-43.0377902331721));
#6613=CARTESIAN_POINT('Ctrl Pts',(51.4635084511895,-14.8747738038191,-43.6574356159038));
#6614=CARTESIAN_POINT('Ctrl Pts',(51.9285402743735,-14.7808541566835,-45.4743943188422));
#6615=CARTESIAN_POINT('Ctrl Pts',(50.6736855707553,-14.6869345095478,-46.86829614462));
#6616=CARTESIAN_POINT('Ctrl Pts',(48.8179950998184,-14.5930148624122,-46.5959922602087));
#6617=CARTESIAN_POINT('Ctrl Pts',(48.0165028264711,-14.4990952152766,-44.9004221888943));
#6618=CARTESIAN_POINT('Ctrl Pts',(48.9837832370202,-14.4051755681409,-43.2935246394668));
#6619=CARTESIAN_POINT('Ctrl Pts',(50.8576353041326,-14.3112559210053,-43.2087660252112));
#6620=CARTESIAN_POINT('Ctrl Pts',(51.9660247239081,-14.2173362738697,-44.7208813617659));
#6621=CARTESIAN_POINT('Ctrl Pts',(51.3223686879021,-14.123416626734,-46.4831178085161));
#6622=CARTESIAN_POINT('Ctrl Pts',(49.4968302294041,-14.0294969795984,-46.9201438534054));
#6623=CARTESIAN_POINT('Ctrl Pts',(48.584259943906,-13.9668838815079,-46.0732641655376));
#6624=CARTESIAN_POINT('Ctrl Pts',(48.4039438351031,-13.9355773324627,-45.5500108296469));
#6625=CARTESIAN_POINT('Ctrl Pts',(51.2720611511674,-17.1932680026116,-46.2731702114009));
#6626=CARTESIAN_POINT('Ctrl Pts',(50.8546634474046,-17.1619614535664,-46.6902045146962));
#6627=CARTESIAN_POINT('Ctrl Pts',(49.5843788001629,-17.0993483554759,-47.0749625463595));
#6628=CARTESIAN_POINT('Ctrl Pts',(48.0396245204556,-17.0054287083403,-45.8027559756102));
#6629=CARTESIAN_POINT('Ctrl Pts',(48.2468185200057,-16.9115090612046,-43.8134059903905));
#6630=CARTESIAN_POINT('Ctrl Pts',(50.0157348789456,-16.817589414069,-42.8828263869063));
#6631=CARTESIAN_POINT('Ctrl Pts',(51.7714730921574,-16.7236697669334,-43.8401082284311));
#6632=CARTESIAN_POINT('Ctrl Pts',(51.9469732043865,-16.6297501197977,-45.8319283534663));
#6633=CARTESIAN_POINT('Ctrl Pts',(50.3863297385177,-16.5358304726621,-47.0817608170876));
#6634=CARTESIAN_POINT('Ctrl Pts',(48.4810566398118,-16.4419108255265,-46.4750767739984));
#6635=CARTESIAN_POINT('Ctrl Pts',(47.9304464961251,-16.3479911783908,-44.5528826835729));
#6636=CARTESIAN_POINT('Ctrl Pts',(49.2254745584495,-16.2540715312552,-43.02944220468));
#6637=CARTESIAN_POINT('Ctrl Pts',(51.2112470470266,-16.1601518841195,-43.2633731550577));
#6638=CARTESIAN_POINT('Ctrl Pts',(52.1168055808145,-16.0662322369839,-45.0460571316779));
#6639=CARTESIAN_POINT('Ctrl Pts',(51.1345664421636,-15.9723125898483,-46.7876664806861));
#6640=CARTESIAN_POINT('Ctrl Pts',(49.1405021936817,-15.8783929427126,-46.9350080015997));
#6641=CARTESIAN_POINT('Ctrl Pts',(47.9129520884126,-15.784473295577,-45.3566796865328));
#6642=CARTESIAN_POINT('Ctrl Pts',(48.5466636037255,-15.6905536484413,-43.4602595676415));
#6643=CARTESIAN_POINT('Ctrl Pts',(50.4764833114052,-15.5966340013057,-42.9370044685243));
#6644=CARTESIAN_POINT('Ctrl Pts',(51.981367837173,-15.50271435417,-44.2535615569203));
#6645=CARTESIAN_POINT('Ctrl Pts',(51.7192376835879,-15.4087947070344,-46.23580456285));
#6646=CARTESIAN_POINT('Ctrl Pts',(49.9238648610742,-15.3148750598987,-47.1159386204045));
#6647=CARTESIAN_POINT('Ctrl Pts',(48.1963901869838,-15.2209554127631,-46.1090458747581));
#6648=CARTESIAN_POINT('Ctrl Pts',(48.07740376886,-15.1270357656275,-44.113090193298));
#6649=CARTESIAN_POINT('Ctrl Pts',(49.6730168136242,-15.0331161184919,-42.9080933343839));
#6650=CARTESIAN_POINT('Ctrl Pts',(51.5602424681891,-14.9391964713562,-43.5686956312965));
#6651=CARTESIAN_POINT('Ctrl Pts',(52.0560116598815,-14.8452768242206,-45.5057504791276));
#6652=CARTESIAN_POINT('Ctrl Pts',(50.7182143929232,-14.7513571770849,-46.991785513747));
#6653=CARTESIAN_POINT('Ctrl Pts',(48.7398677100906,-14.6574375299493,-46.7014830657448));
#6654=CARTESIAN_POINT('Ctrl Pts',(47.8853989260308,-14.5635178828136,-44.8938403157113));
#6655=CARTESIAN_POINT('Ctrl Pts',(48.916614002871,-14.469598235678,-43.1807311057703));
#6656=CARTESIAN_POINT('Ctrl Pts',(50.914322715154,-14.3756785885424,-43.0903701722092));
#6657=CARTESIAN_POINT('Ctrl Pts',(52.0959737319813,-14.2817589414067,-44.7024323167237));
#6658=CARTESIAN_POINT('Ctrl Pts',(51.4097737413792,-14.1878392942711,-46.5811479125606));
#6659=CARTESIAN_POINT('Ctrl Pts',(49.4635720389316,-14.0939196471355,-47.0470602183891));
#6660=CARTESIAN_POINT('Ctrl Pts',(48.4906832811124,-14.031306549045,-46.1442040322463));
#6661=CARTESIAN_POINT('Ctrl Pts',(48.2984487563905,-13.9999999999998,-45.5863650404786));
#6662=CARTESIAN_POINT('Ctrl Pts',(51.0354602647041,-17.0000000000003,-46.0363631527545));
#6663=CARTESIAN_POINT('Ctrl Pts',(51.0003398125723,-17.0000000000003,-46.0803837324572));
#6664=CARTESIAN_POINT('Ctrl Pts',(50.9626192523302,-17.0000000000003,-46.1220416128867));
#6665=CARTESIAN_POINT('Ctrl Pts',(50.9226305397525,-17.0000000000003,-46.1613096304394));
#6666=CARTESIAN_POINT('Ctrl Pts',(50.8808880481194,-17.0000000000003,-46.2022998196325));
#6667=CARTESIAN_POINT('Ctrl Pts',(50.8366737219343,-17.0000000000003,-46.2406865562776));
#6668=CARTESIAN_POINT('Ctrl Pts',(50.7903128854675,-17.0000000000003,-46.2764157331351));
#6669=CARTESIAN_POINT('Ctrl Pts',(50.7512943559943,-17.0000000000003,-46.30648637134));
#6670=CARTESIAN_POINT('Ctrl Pts',(50.7107542038569,-17.0000000000003,-46.3346743162189));
#6671=CARTESIAN_POINT('Ctrl Pts',(50.6688632360684,-17.0000000000003,-46.3609303971436));
#6672=CARTESIAN_POINT('Ctrl Pts',(50.6466350922998,-17.0000000000003,-46.3748623727557));
#6673=CARTESIAN_POINT('Ctrl Pts',(50.6240262967651,-17.0000000000003,-46.3882501363482));
#6674=CARTESIAN_POINT('Ctrl Pts',(50.6010604930183,-17.0000000000003,-46.4010842306817));
#6675=CARTESIAN_POINT('Ctrl Pts',(50.5919934951314,-17.0000000000003,-46.4061511862077));
#6676=CARTESIAN_POINT('Ctrl Pts',(50.5828721438533,-17.0000000000003,-46.4111310016288));
#6677=CARTESIAN_POINT('Ctrl Pts',(50.5737088766319,-17.0000000000003,-46.4160175220027));
#6678=CARTESIAN_POINT('Ctrl Pts',(50.5200538088839,-17.0000000000003,-46.4446303055636));
#6679=CARTESIAN_POINT('Ctrl Pts',(50.4648659645156,-17.0000000000003,-46.470102808281));
#6680=CARTESIAN_POINT('Ctrl Pts',(50.4084872125332,-17.0000000000003,-46.4923814933478));
#6681=CARTESIAN_POINT('Ctrl Pts',(50.350654042581,-17.0000000000003,-46.5152349077011));
#6682=CARTESIAN_POINT('Ctrl Pts',(50.2915669231026,-17.0000000000003,-46.5347283054187));
#6683=CARTESIAN_POINT('Ctrl Pts',(50.2315553058996,-17.0000000000003,-46.5507657975187));
#6684=CARTESIAN_POINT('Ctrl Pts',(50.1865465929973,-17.0000000000003,-46.5627939165936));
#6685=CARTESIAN_POINT('Ctrl Pts',(50.1410169266303,-17.0000000000003,-46.5728773564449));
#6686=CARTESIAN_POINT('Ctrl Pts',(50.095095685699,-17.0000000000003,-46.5809584721139));
#6687=CARTESIAN_POINT('Ctrl Pts',(50.0723361814927,-17.0000000000003,-46.5849636379659));
#6688=CARTESIAN_POINT('Ctrl Pts',(50.0494803925549,-17.0000000000003,-46.5884767098083));
#6689=CARTESIAN_POINT('Ctrl Pts',(50.026543642209,-17.0000000000003,-46.5914891430826));
#6690=CARTESIAN_POINT('Ctrl Pts',(50.0145889999555,-17.0000000000003,-46.5930592243523));
#6691=CARTESIAN_POINT('Ctrl Pts',(50.0026202796295,-17.0000000000003,-46.5944921860626));
#6692=CARTESIAN_POINT('Ctrl Pts',(49.990647873252,-17.0000000000003,-46.5957865538529));
#6693=CARTESIAN_POINT('Ctrl Pts',(49.927434082924,-17.0000000000003,-46.6026207600706));
#6694=CARTESIAN_POINT('Ctrl Pts',(49.8640505475575,-17.0000000000003,-46.6056039855039));
#6695=CARTESIAN_POINT('Ctrl Pts',(49.8008377097899,-17.0000000000003,-46.6046494007643));
#6696=CARTESIAN_POINT('Ctrl Pts',(49.7599524532387,-17.0000000000003,-46.60403198754));
#6697=CARTESIAN_POINT('Ctrl Pts',(49.7191379335116,-17.0000000000003,-46.6017664144357));
#6698=CARTESIAN_POINT('Ctrl Pts',(49.6784816007486,-17.0000000000003,-46.5978185359857));
#6699=CARTESIAN_POINT('Ctrl Pts',(49.6226115269765,-17.0000000000003,-46.5923933477001));
#6700=CARTESIAN_POINT('Ctrl Pts',(49.5670399614023,-17.0000000000003,-46.583792892863));
#6701=CARTESIAN_POINT('Ctrl Pts',(49.5119413791739,-17.0000000000003,-46.5721851526562));
#6702=CARTESIAN_POINT('Ctrl Pts',(49.4867670234721,-17.0000000000003,-46.5668816154499));
#6703=CARTESIAN_POINT('Ctrl Pts',(49.461691386378,-17.0000000000003,-46.5609497859889));
#6704=CARTESIAN_POINT('Ctrl Pts',(49.4367312261085,-17.0000000000003,-46.5544032185464));
#6705=CARTESIAN_POINT('Ctrl Pts',(49.4256385843811,-17.0000000000003,-46.5514938330938));
#6706=CARTESIAN_POINT('Ctrl Pts',(49.4145687523987,-17.0000000000003,-46.5484630149305));
#6707=CARTESIAN_POINT('Ctrl Pts',(49.4035232175693,-17.0000000000003,-46.545311860978));
#6708=CARTESIAN_POINT('Ctrl Pts',(49.3927964336421,-17.0000000000003,-46.5422516427004));
#6709=CARTESIAN_POINT('Ctrl Pts',(49.3821020145101,-17.0000000000003,-46.5390806151427));
#6710=CARTESIAN_POINT('Ctrl Pts',(49.3714431771246,-17.0000000000003,-46.535800977684));
#6711=CARTESIAN_POINT('Ctrl Pts',(49.3110804384866,-17.0000000000003,-46.5172278545952));
#6712=CARTESIAN_POINT('Ctrl Pts',(49.251839506401,-17.0000000000003,-46.4951701323997));
#6713=CARTESIAN_POINT('Ctrl Pts',(49.1939568127339,-17.0000000000003,-46.4698973690768));
#6714=CARTESIAN_POINT('Ctrl Pts',(49.1346251661892,-17.0000000000003,-46.4439919634074));
#6715=CARTESIAN_POINT('Ctrl Pts',(49.0767197353273,-17.0000000000003,-46.4147083154219));
#6716=CARTESIAN_POINT('Ctrl Pts',(49.0204958785418,-17.0000000000003,-46.3822821420375));
#6717=CARTESIAN_POINT('Ctrl Pts',(48.972834179818,-17.0000000000003,-46.354794050772));
#6718=CARTESIAN_POINT('Ctrl Pts',(48.9263805948096,-17.0000000000003,-46.3250466002622));
#6719=CARTESIAN_POINT('Ctrl Pts',(48.8812984102438,-17.0000000000003,-46.2931560072808));
#6720=CARTESIAN_POINT('Ctrl Pts',(48.8632061657136,-17.0000000000003,-46.2803577719692));
#6721=CARTESIAN_POINT('Ctrl Pts',(48.8453349099297,-17.0000000000003,-46.2672141083473));
#6722=CARTESIAN_POINT('Ctrl Pts',(48.827695762755,-17.0000000000003,-46.2537315131757));
#6723=CARTESIAN_POINT('Ctrl Pts',(48.8189091776577,-17.0000000000003,-46.2470154305537));
#6724=CARTESIAN_POINT('Ctrl Pts',(48.810182361495,-17.0000000000003,-46.2402168304725));
#6725=CARTESIAN_POINT('Ctrl Pts',(48.8015232942081,-17.0000000000003,-46.2333420728132));
#6726=CARTESIAN_POINT('Ctrl Pts',(48.7485105114953,-17.0000000000003,-46.1912532401578));
#6727=CARTESIAN_POINT('Ctrl Pts',(48.6979618219919,-17.0000000000003,-46.1462577976806));
#6728=CARTESIAN_POINT('Ctrl Pts',(48.6501590884327,-17.0000000000003,-46.0986004645816));
#6729=CARTESIAN_POINT('Ctrl Pts',(48.6042697703559,-17.0000000000003,-46.0528507269736));
#6730=CARTESIAN_POINT('Ctrl Pts',(48.5609102403064,-17.0000000000003,-46.004647172157));
#6731=CARTESIAN_POINT('Ctrl Pts',(48.5203515774245,-17.0000000000003,-45.9541666700759));
#6732=CARTESIAN_POINT('Ctrl Pts',(48.4775335480116,-17.0000000000003,-45.9008740941057));
#6733=CARTESIAN_POINT('Ctrl Pts',(48.4379900314117,-17.0000000000003,-45.845233970106));
#6734=CARTESIAN_POINT('Ctrl Pts',(48.402012378677,-17.0000000000002,-45.7874772034571));
#6735=CARTESIAN_POINT('Ctrl Pts',(48.380105935875,-17.0000000000001,-45.7523096700343));
#6736=CARTESIAN_POINT('Ctrl Pts',(48.3595219812184,-17.0000000000001,-45.7163565029795));
#6737=CARTESIAN_POINT('Ctrl Pts',(48.3403323778899,-17.0000000000001,-45.679662528917));
#6738=CARTESIAN_POINT('Ctrl Pts',(48.3245776290976,-17.,-45.6495366147095));
#6739=CARTESIAN_POINT('Ctrl Pts',(48.3097628028207,-17.,-45.6189112516571));
#6740=CARTESIAN_POINT('Ctrl Pts',(48.2958798521243,-17.,-45.5878295983958));
#6741=CARTESIAN_POINT('Ctrl Pts',(49.8942198733304,-16.031872668236,-43.5397525574693));
#6742=CARTESIAN_POINT('Ctrl Pts',(49.7463516073686,-16.0415162883721,-43.5492235290713));
#6743=CARTESIAN_POINT('Ctrl Pts',(49.6003527919618,-16.0511599085082,-43.5804901038011));
#6744=CARTESIAN_POINT('Ctrl Pts',(49.4632460159165,-16.0608035286443,-43.63437954066));
#6745=CARTESIAN_POINT('Ctrl Pts',(49.0181496778072,-16.0921100776895,-43.8093234179833));
#6746=CARTESIAN_POINT('Ctrl Pts',(48.6667645574097,-16.1234166267348,-44.2226845888087));
#6747=CARTESIAN_POINT('Ctrl Pts',(48.5657716185011,-16.15472317578,-44.6901434621757));
#6748=CARTESIAN_POINT('Ctrl Pts',(48.4647786795925,-16.1860297248252,-45.1576023355427));
#6749=CARTESIAN_POINT('Ctrl Pts',(48.6141779221728,-16.2173362738704,-45.6791589114514));
#6750=CARTESIAN_POINT('Ctrl Pts',(48.9473602113895,-16.2486428229156,-46.0222441978894));
#6751=CARTESIAN_POINT('Ctrl Pts',(49.2805425006062,-16.2799493719608,-46.3653294843274));
#6752=CARTESIAN_POINT('Ctrl Pts',(49.7975078364594,-16.311255921006,-46.5299434812948));
#6753=CARTESIAN_POINT('Ctrl Pts',(50.26771830709,-16.3425624700513,-46.4426894704525));
#6754=CARTESIAN_POINT('Ctrl Pts',(50.7379287777206,-16.3738690190965,-46.3554354596102));
#6755=CARTESIAN_POINT('Ctrl Pts',(51.1613843831285,-16.4051755681417,-46.0163134409584));
#6756=CARTESIAN_POINT('Ctrl Pts',(51.3493026137238,-16.4364821171869,-45.5765281890823));
#6757=CARTESIAN_POINT('Ctrl Pts',(51.5372208443191,-16.4677886662321,-45.1367429372062));
#6758=CARTESIAN_POINT('Ctrl Pts',(51.4896017001017,-16.4990952152773,-44.5962944521059));
#6759=CARTESIAN_POINT('Ctrl Pts',(51.2275964079989,-16.5304017643225,-44.1961986627821));
#6760=CARTESIAN_POINT('Ctrl Pts',(50.965591115896,-16.5617083133678,-43.7961028734584));
#6761=CARTESIAN_POINT('Ctrl Pts',(50.4891996759078,-16.593014862413,-43.5363597799112));
#6762=CARTESIAN_POINT('Ctrl Pts',(50.0110203965445,-16.6243214114582,-43.532737167629));
#6763=CARTESIAN_POINT('Ctrl Pts',(49.9725741860396,-16.6268384970508,-43.532445905083));
#6764=CARTESIAN_POINT('Ctrl Pts',(49.9341164182964,-16.6293555826434,-43.5338102976775));
#6765=CARTESIAN_POINT('Ctrl Pts',(49.895758142576,-16.631872668236,-43.5367718846083));
#6766=CARTESIAN_POINT('Ctrl Pts',(48.2322284344917,-17.,-44.6622381929736));
#6767=CARTESIAN_POINT('Ctrl Pts',(48.3429609630636,-16.9686934509548,-44.0826894371752));
#6768=CARTESIAN_POINT('Ctrl Pts',(49.1771745258882,-16.9060803528644,-43.0503408665029));
#6769=CARTESIAN_POINT('Ctrl Pts',(51.1699272601648,-16.8121607057288,-43.2339998055835));
#6770=CARTESIAN_POINT('Ctrl Pts',(52.1169859224046,-16.7182410585931,-44.9956802128917));
#6771=CARTESIAN_POINT('Ctrl Pts',(51.1772605148186,-16.6243214114575,-46.7597537896169));
#6772=CARTESIAN_POINT('Ctrl Pts',(49.1870785051128,-16.5304017643219,-46.9551539313097));
#6773=CARTESIAN_POINT('Ctrl Pts',(47.9221410065634,-16.4364821171863,-45.4065808081369));
#6774=CARTESIAN_POINT('Ctrl Pts',(48.5101416414866,-16.3425624700506,-43.4955752148419));
#6775=CARTESIAN_POINT('Ctrl Pts',(50.4268831763114,-16.248642822915,-42.9261617982913));
#6776=CARTESIAN_POINT('Ctrl Pts',(51.9628939420839,-16.1547231757794,-44.2062675836352));
#6777=CARTESIAN_POINT('Ctrl Pts',(51.7483797124497,-16.0608035286437,-46.1942189097637));
#6778=CARTESIAN_POINT('Ctrl Pts',(49.9746264327266,-15.9668838815081,-47.1171564628483));
#6779=CARTESIAN_POINT('Ctrl Pts',(48.2235050651091,-15.8729642343725,-46.1519773745068));
#6780=CARTESIAN_POINT('Ctrl Pts',(48.0566880117656,-15.7790445872369,-44.1594495267412));
#6781=CARTESIAN_POINT('Ctrl Pts',(49.6229476631749,-15.6851249401013,-42.9165373127443));
#6782=CARTESIAN_POINT('Ctrl Pts',(51.5254681642963,-15.5912052929656,-43.5316906122272));
#6783=CARTESIAN_POINT('Ctrl Pts',(52.0675526403855,-15.49728564583,-45.4563054521087));
#6784=CARTESIAN_POINT('Ctrl Pts',(50.7657615031611,-15.4033659986944,-46.9739806967979));
#6785=CARTESIAN_POINT('Ctrl Pts',(48.7810523809686,-15.3094463515588,-46.731229767687));
#6786=CARTESIAN_POINT('Ctrl Pts',(47.8834198994903,-15.2155267044231,-44.9445418292646));
#6787=CARTESIAN_POINT('Ctrl Pts',(48.8733862925532,-15.1216070572875,-43.2073128922337));
#6788=CARTESIAN_POINT('Ctrl Pts',(50.8680849690604,-15.0276874101519,-43.068830917682));
#6789=CARTESIAN_POINT('Ctrl Pts',(52.0886108169852,-14.9337677630163,-44.6525959911557));
#6790=CARTESIAN_POINT('Ctrl Pts',(51.4464836126455,-14.8398481158806,-46.5461823689439));
#6791=CARTESIAN_POINT('Ctrl Pts',(49.5143546350429,-14.745928468745,-47.0608590034733));
#6792=CARTESIAN_POINT('Ctrl Pts',(48.0153427232317,-14.6520088216094,-45.7376318430733));
#6793=CARTESIAN_POINT('Ctrl Pts',(48.2862564378686,-14.5580891744738,-43.7565700940454));
#6794=CARTESIAN_POINT('Ctrl Pts',(50.0855606197685,-14.4641695273381,-42.8844266360824));
#6795=CARTESIAN_POINT('Ctrl Pts',(51.8084623178519,-14.3702498802025,-43.8989693227232));
#6796=CARTESIAN_POINT('Ctrl Pts',(51.91875370097,-14.2763302330669,-45.8954615976544));
#6797=CARTESIAN_POINT('Ctrl Pts',(50.3174451807037,-14.1824105859312,-47.0932999298398));
#6798=CARTESIAN_POINT('Ctrl Pts',(48.4339190314335,-14.0884909387956,-46.424443689099));
#6799=CARTESIAN_POINT('Ctrl Pts',(47.9451948455076,-13.99457129166,-44.484962666426));
#6800=CARTESIAN_POINT('Ctrl Pts',(49.2927752355813,-13.9006516445244,-43.0054961550919));
#6801=CARTESIAN_POINT('Ctrl Pts',(50.6049382814767,-13.838038546434,-43.2052058963575));
#6802=CARTESIAN_POINT('Ctrl Pts',(51.0775330976427,-13.8067319973887,-43.5584658473347));
#6803=CARTESIAN_POINT('Ctrl Pts',(48.3418291302355,-17.0644226675371,-44.6831792476329));
#6804=CARTESIAN_POINT('Ctrl Pts',(48.445696313817,-17.0331161184919,-44.1395621390084));
#6805=CARTESIAN_POINT('Ctrl Pts',(49.2281891765156,-16.9705030204015,-43.17121851051));
#6806=CARTESIAN_POINT('Ctrl Pts',(51.0973925330454,-16.8765833732658,-43.3434907144224));
#6807=CARTESIAN_POINT('Ctrl Pts',(51.985734172146,-16.7826637261302,-44.995948078466));
#6808=CARTESIAN_POINT('Ctrl Pts',(51.1042711306644,-16.6887440789946,-46.6506502369741));
#6809=CARTESIAN_POINT('Ctrl Pts',(49.2374791154484,-16.594824431859,-46.8339356965477));
#6810=CARTESIAN_POINT('Ctrl Pts',(48.0509669218282,-16.5009047847233,-45.3813731031674));
#6811=CARTESIAN_POINT('Ctrl Pts',(48.6025118985507,-16.4069851375877,-43.5888486178699));
#6812=CARTESIAN_POINT('Ctrl Pts',(50.4004167007213,-16.3130654904521,-43.0547384640299));
#6813=CARTESIAN_POINT('Ctrl Pts',(51.8411957947169,-16.2191458433165,-44.255478520496));
#6814=CARTESIAN_POINT('Ctrl Pts',(51.6399813082636,-16.1252261961808,-46.1201781530705));
#6815=CARTESIAN_POINT('Ctrl Pts',(49.9761995820688,-16.0313065490452,-46.9858941761472));
#6816=CARTESIAN_POINT('Ctrl Pts',(48.3336466040998,-15.9373869019096,-46.0805555656169));
#6817=CARTESIAN_POINT('Ctrl Pts',(48.1771720999265,-15.843467254774,-44.2115631527802));
#6818=CARTESIAN_POINT('Ctrl Pts',(49.6463246682577,-15.7495476076383,-43.0457106903479));
#6819=CARTESIAN_POINT('Ctrl Pts',(51.4308901315959,-15.6556279605027,-43.6227248840288));
#6820=CARTESIAN_POINT('Ctrl Pts',(51.9393657215676,-15.5617083133671,-45.4280148514464));
#6821=CARTESIAN_POINT('Ctrl Pts',(50.7182847909803,-15.4677886662315,-46.8515952147799));
#6822=CARTESIAN_POINT('Ctrl Pts',(48.8566263477995,-15.3738690190958,-46.6238946859135));
#6823=CARTESIAN_POINT('Ctrl Pts',(48.0146464982932,-15.2799493719602,-44.9479802414739));
#6824=CARTESIAN_POINT('Ctrl Pts',(48.9432356167202,-15.1860297248246,-43.3184583724008));
#6825=CARTESIAN_POINT('Ctrl Pts',(50.8142642683238,-15.0921100776889,-43.188562190502));
#6826=CARTESIAN_POINT('Ctrl Pts',(51.9591183048688,-14.9981904305533,-44.6741348560774));
#6827=CARTESIAN_POINT('Ctrl Pts',(51.3568025709468,-14.9042707834177,-46.4503201059376));
#6828=CARTESIAN_POINT('Ctrl Pts',(49.5444643374757,-14.8103511362821,-46.9330871227593));
#6829=CARTESIAN_POINT('Ctrl Pts',(48.13839019248,-14.7164314891465,-45.6918991885377));
#6830=CARTESIAN_POINT('Ctrl Pts',(48.3925074324261,-14.6225118420108,-43.8336619837497));
#6831=CARTESIAN_POINT('Ctrl Pts',(50.0802559214259,-14.5285921948752,-43.0155908548237));
#6832=CARTESIAN_POINT('Ctrl Pts',(51.6963388310788,-14.4346725477396,-43.9672325525581));
#6833=CARTESIAN_POINT('Ctrl Pts',(51.7997922199385,-14.340752900604,-45.839943600646));
#6834=CARTESIAN_POINT('Ctrl Pts',(50.2977637898995,-14.2468332534683,-46.9635167327205));
#6835=CARTESIAN_POINT('Ctrl Pts',(48.5310150409105,-14.1529136063327,-46.3361291453274));
#6836=CARTESIAN_POINT('Ctrl Pts',(48.0725914377023,-14.0589939591971,-44.5168946888146));
#6837=CARTESIAN_POINT('Ctrl Pts',(49.3366227171446,-13.9650743120615,-43.1291541421365));
#6838=CARTESIAN_POINT('Ctrl Pts',(50.5674325047886,-13.902461213971,-43.3164820089031));
#6839=CARTESIAN_POINT('Ctrl Pts',(51.0107267487063,-13.8711546649258,-43.6478400719163));
#6840=CARTESIAN_POINT('Ctrl Pts',(48.4514298259794,-17.1288453350742,-44.7041203022923));
#6841=CARTESIAN_POINT('Ctrl Pts',(48.5484316645704,-17.0975387860289,-44.1964348408417));
#6842=CARTESIAN_POINT('Ctrl Pts',(49.279203827143,-17.0349256879385,-43.2920961545172));
#6843=CARTESIAN_POINT('Ctrl Pts',(51.0248578059261,-16.9410060408029,-43.4529816232613));
#6844=CARTESIAN_POINT('Ctrl Pts',(51.8544824218873,-16.8470863936673,-44.9962159440403));
#6845=CARTESIAN_POINT('Ctrl Pts',(51.0312817465102,-16.7531667465317,-46.5415466843313));
#6846=CARTESIAN_POINT('Ctrl Pts',(49.287879725784,-16.659247099396,-46.7127174617858));
#6847=CARTESIAN_POINT('Ctrl Pts',(48.1797928370931,-16.5653274522604,-45.356165398198));
#6848=CARTESIAN_POINT('Ctrl Pts',(48.6948821556148,-16.4714078051248,-43.682122020898));
#6849=CARTESIAN_POINT('Ctrl Pts',(50.3739502251314,-16.3774881579891,-43.1833151297686));
#6850=CARTESIAN_POINT('Ctrl Pts',(51.7194976473498,-16.2835685108535,-44.3046894573568));
#6851=CARTESIAN_POINT('Ctrl Pts',(51.5315829040776,-16.1896488637179,-46.0461373963773));
#6852=CARTESIAN_POINT('Ctrl Pts',(49.9777727314109,-16.0957292165823,-46.8546318894461));
#6853=CARTESIAN_POINT('Ctrl Pts',(48.4437881430906,-16.0018095694467,-46.0091337567271));
#6854=CARTESIAN_POINT('Ctrl Pts',(48.2976561880872,-15.907889922311,-44.2636767788191));
#6855=CARTESIAN_POINT('Ctrl Pts',(49.6697016733405,-15.8139702751754,-43.1748840679516));
#6856=CARTESIAN_POINT('Ctrl Pts',(51.3363120988956,-15.7200506280398,-43.7137591558303));
#6857=CARTESIAN_POINT('Ctrl Pts',(51.8111788027496,-15.6261309809042,-45.3997242507842));
#6858=CARTESIAN_POINT('Ctrl Pts',(50.6708080787995,-15.5322113337685,-46.7292097327619));
#6859=CARTESIAN_POINT('Ctrl Pts',(48.9322003146304,-15.4382916866329,-46.51655960414));
#6860=CARTESIAN_POINT('Ctrl Pts',(48.1458730970961,-15.3443720394973,-44.9514186536832));
#6861=CARTESIAN_POINT('Ctrl Pts',(49.0130849408872,-15.2504523923616,-43.4296038525679));
#6862=CARTESIAN_POINT('Ctrl Pts',(50.7604435675872,-15.156532745226,-43.308293463322));
#6863=CARTESIAN_POINT('Ctrl Pts',(51.8296257927523,-15.0626130980904,-44.695673720999));
#6864=CARTESIAN_POINT('Ctrl Pts',(51.2671215292479,-14.9686934509548,-46.3544578429314));
#6865=CARTESIAN_POINT('Ctrl Pts',(49.5745740399085,-14.8747738038191,-46.8053152420453));
#6866=CARTESIAN_POINT('Ctrl Pts',(48.2614376617284,-14.7808541566835,-45.6461665340022));
#6867=CARTESIAN_POINT('Ctrl Pts',(48.4987584269836,-14.6869345095479,-43.9107538734539));
#6868=CARTESIAN_POINT('Ctrl Pts',(50.0749512230832,-14.5930148624123,-43.146755073565));
#6869=CARTESIAN_POINT('Ctrl Pts',(51.5842153443057,-14.4990952152766,-44.0354957823929));
#6870=CARTESIAN_POINT('Ctrl Pts',(51.6808307389071,-14.405175568141,-45.7844256036377));
#6871=CARTESIAN_POINT('Ctrl Pts',(50.2780823990953,-14.3112559210054,-46.8337335356012));
#6872=CARTESIAN_POINT('Ctrl Pts',(48.6281110503875,-14.2173362738698,-46.2478146015559));
#6873=CARTESIAN_POINT('Ctrl Pts',(48.199988029897,-14.1234166267341,-44.5488267112032));
#6874=CARTESIAN_POINT('Ctrl Pts',(49.3804701987077,-14.0294969795985,-43.2528121291811));
#6875=CARTESIAN_POINT('Ctrl Pts',(50.5299267281005,-13.9668838815081,-43.4277581214487));
#6876=CARTESIAN_POINT('Ctrl Pts',(50.9439203997699,-13.9355773324629,-43.7372142964979));
#6877=CARTESIAN_POINT('Ctrl Pts',(48.5610305217232,-17.1932680026112,-44.7250613569517));
#6878=CARTESIAN_POINT('Ctrl Pts',(48.6511670153238,-17.161961453566,-44.2533075426749));
#6879=CARTESIAN_POINT('Ctrl Pts',(49.3302184777703,-17.0993483554756,-43.4129737985244));
#6880=CARTESIAN_POINT('Ctrl Pts',(50.9523230788067,-17.00542870834,-43.5624725321003));
#6881=CARTESIAN_POINT('Ctrl Pts',(51.7232306716287,-16.9115090612044,-44.9964838096146));
#6882=CARTESIAN_POINT('Ctrl Pts',(50.958292362356,-16.8175894140687,-46.4324431316885));
#6883=CARTESIAN_POINT('Ctrl Pts',(49.3382803361196,-16.7236697669331,-46.5914992270238));
#6884=CARTESIAN_POINT('Ctrl Pts',(48.308618752358,-16.6297501197975,-45.3309576932286));
#6885=CARTESIAN_POINT('Ctrl Pts',(48.7872524126789,-16.5358304726619,-43.775395423926));
#6886=CARTESIAN_POINT('Ctrl Pts',(50.3474837495413,-16.4419108255262,-43.3118917955073));
#6887=CARTESIAN_POINT('Ctrl Pts',(51.5977994999828,-16.3479911783906,-44.3539003942176));
#6888=CARTESIAN_POINT('Ctrl Pts',(51.4231844998915,-16.254071531255,-45.972096639684));
#6889=CARTESIAN_POINT('Ctrl Pts',(49.9793458807531,-16.1601518841194,-46.723369602745));
#6890=CARTESIAN_POINT('Ctrl Pts',(48.5539296820813,-16.0662322369837,-45.9377119478371));
#6891=CARTESIAN_POINT('Ctrl Pts',(48.4181402762481,-15.9723125898481,-44.3157904048582));
#6892=CARTESIAN_POINT('Ctrl Pts',(49.6930786784232,-15.8783929427125,-43.3040574455551));
#6893=CARTESIAN_POINT('Ctrl Pts',(51.2417340661953,-15.7844732955769,-43.8047934276319));
#6894=CARTESIAN_POINT('Ctrl Pts',(51.6829918839316,-15.6905536484412,-45.3714336501218));
#6895=CARTESIAN_POINT('Ctrl Pts',(50.6233313666187,-15.5966340013056,-46.606824250744));
#6896=CARTESIAN_POINT('Ctrl Pts',(49.0077742814613,-15.50271435417,-46.4092245223664));
#6897=CARTESIAN_POINT('Ctrl Pts',(48.277099695899,-15.4087947070343,-44.9548570658926));
#6898=CARTESIAN_POINT('Ctrl Pts',(49.0829342650543,-15.3148750598987,-43.540749332735));
#6899=CARTESIAN_POINT('Ctrl Pts',(50.7066228668506,-15.2209554127631,-43.428024736142));
#6900=CARTESIAN_POINT('Ctrl Pts',(51.7001332806358,-15.1270357656275,-44.7172125859207));
#6901=CARTESIAN_POINT('Ctrl Pts',(51.1774404875492,-15.0331161184918,-46.2585955799252));
#6902=CARTESIAN_POINT('Ctrl Pts',(49.6046837423413,-14.9391964713562,-46.6775433613313));
#6903=CARTESIAN_POINT('Ctrl Pts',(48.3844851309768,-14.8452768242206,-45.6004338794666));
#6904=CARTESIAN_POINT('Ctrl Pts',(48.605009421541,-14.751357177085,-43.9878457631582));
#6905=CARTESIAN_POINT('Ctrl Pts',(50.0696465247405,-14.6574375299494,-43.2779192923063));
#6906=CARTESIAN_POINT('Ctrl Pts',(51.4720918575325,-14.5635178828137,-44.1037590122278));
#6907=CARTESIAN_POINT('Ctrl Pts',(51.5618692578758,-14.4695982356781,-45.7289076066294));
#6908=CARTESIAN_POINT('Ctrl Pts',(50.2584010082912,-14.3756785885425,-46.7039503384819));
#6909=CARTESIAN_POINT('Ctrl Pts',(48.7252070598644,-14.2817589414069,-46.1595000577844));
#6910=CARTESIAN_POINT('Ctrl Pts',(48.3273846220917,-14.1878392942712,-44.5807587335917));
#6911=CARTESIAN_POINT('Ctrl Pts',(49.4243176802709,-14.0939196471356,-43.3764701162257));
#6912=CARTESIAN_POINT('Ctrl Pts',(50.4924209514123,-14.0313065490452,-43.5390342339943));
#6913=CARTESIAN_POINT('Ctrl Pts',(50.8771140508334,-14.,-43.8265885210795));
#6914=CARTESIAN_POINT('Ctrl Pts',(49.8965366629398,-16.4681273317647,-43.5392236026658));
#6915=CARTESIAN_POINT('Ctrl Pts',(50.0302966916749,-16.459388496352,-43.5285340363112));
#6916=CARTESIAN_POINT('Ctrl Pts',(50.165076250329,-16.4506496609393,-43.5358967504839));
#6917=CARTESIAN_POINT('Ctrl Pts',(50.2958311518044,-16.4419108255266,-43.5628105000294));
#6918=CARTESIAN_POINT('Ctrl Pts',(50.7642556663548,-16.4106042764814,-43.6592279950779));
#6919=CARTESIAN_POINT('Ctrl Pts',(51.1810275831685,-16.3792977274362,-44.0065641946479));
#6920=CARTESIAN_POINT('Ctrl Pts',(51.3603110415601,-16.347991178391,-44.4499316686772));
#6921=CARTESIAN_POINT('Ctrl Pts',(51.5395944999517,-16.3166846293457,-44.8932991427064));
#6922=CARTESIAN_POINT('Ctrl Pts',(51.4813894999213,-16.2853780803005,-45.432697891195));
#6923=CARTESIAN_POINT('Ctrl Pts',(51.2116472300498,-16.2540715312553,-45.8276094259495));
#6924=CARTESIAN_POINT('Ctrl Pts',(50.9419049601783,-16.2227649822101,-46.2225209607039));
#6925=CARTESIAN_POINT('Ctrl Pts',(50.4606254204657,-16.1914584331649,-46.4729452817241));
#6926=CARTESIAN_POINT('Ctrl Pts',(49.9824162841642,-16.1601518841197,-46.4672144997496));
#6927=CARTESIAN_POINT('Ctrl Pts',(49.5042071478627,-16.1288453350745,-46.4614837177751));
#6928=CARTESIAN_POINT('Ctrl Pts',(49.0290684149723,-16.0975387860293,-46.1995978328059));
#6929=CARTESIAN_POINT('Ctrl Pts',(48.7688674808882,-16.0662322369841,-45.7983346331583));
#6930=CARTESIAN_POINT('Ctrl Pts',(48.5086665468042,-16.0349256879389,-45.3970714335106));
#6931=CARTESIAN_POINT('Ctrl Pts',(48.4634034115265,-16.0036191388937,-44.8564309191845));
#6932=CARTESIAN_POINT('Ctrl Pts',(48.6532615775834,-15.9723125898485,-44.4174885021377));
#6933=CARTESIAN_POINT('Ctrl Pts',(48.8431197436403,-15.9410060408032,-43.9785460850909));
#6934=CARTESIAN_POINT('Ctrl Pts',(49.2680992110318,-15.909699491758,-43.6413017653234));
#6935=CARTESIAN_POINT('Ctrl Pts',(49.7386981760228,-15.8783929427128,-43.5561356024524));
#6936=CARTESIAN_POINT('Ctrl Pts',(49.7901356125391,-15.8749710723968,-43.5468267653704));
#6937=CARTESIAN_POINT('Ctrl Pts',(49.8421180624751,-15.8715492020808,-43.5405294910095));
#6938=CARTESIAN_POINT('Ctrl Pts',(49.8943449434649,-15.8681273317647,-43.5371465901292));
#6939=CARTESIAN_POINT('Ctrl Pts',(48.2322284344917,-17.,-44.6622381929736));
#6940=CARTESIAN_POINT('Ctrl Pts',(48.2505822596504,-17.,-44.5985152121698));
#6941=CARTESIAN_POINT('Ctrl Pts',(48.2726820190319,-17.,-44.5361089947513));
#6942=CARTESIAN_POINT('Ctrl Pts',(48.2982591368502,-17.,-44.4752245466857));
#6943=CARTESIAN_POINT('Ctrl Pts',(48.3245512721659,-17.,-44.4126380520489));
#6944=CARTESIAN_POINT('Ctrl Pts',(48.3545185533281,-17.,-44.3516587517403));
#6945=CARTESIAN_POINT('Ctrl Pts',(48.3879158269306,-17.,-44.2925371939374));
#6946=CARTESIAN_POINT('Ctrl Pts',(48.4144876917519,-17.,-44.2454983230206));
#6947=CARTESIAN_POINT('Ctrl Pts',(48.4432319048293,-17.,-44.199635862887));
#6948=CARTESIAN_POINT('Ctrl Pts',(48.4740408116038,-17.,-44.15509347054));
#6949=CARTESIAN_POINT('Ctrl Pts',(48.487769677543,-17.,-44.1352447775105));
#6950=CARTESIAN_POINT('Ctrl Pts',(48.5019086894944,-17.,-44.1156584424236));
#6951=CARTESIAN_POINT('Ctrl Pts',(48.5164489805274,-17.,-44.0963483716076));
#6952=CARTESIAN_POINT('Ctrl Pts',(48.5244967054639,-17.,-44.0856606805511));
#6953=CARTESIAN_POINT('Ctrl Pts',(48.5326673635151,-17.,-44.0750576333824));
#6954=CARTESIAN_POINT('Ctrl Pts',(48.5409594932362,-17.,-44.0645416949736));
#6955=CARTESIAN_POINT('Ctrl Pts',(48.5478074236176,-17.,-44.0558572656966));
#6956=CARTESIAN_POINT('Ctrl Pts',(48.5547375410544,-17.,-44.047233204676));
#6957=CARTESIAN_POINT('Ctrl Pts',(48.5617408530302,-17.,-44.0386804680493));
#6958=CARTESIAN_POINT('Ctrl Pts',(48.6037718773862,-17.,-43.9873504283892));
#6959=CARTESIAN_POINT('Ctrl Pts',(48.6485116925039,-17.,-43.9384899766363));
#6960=CARTESIAN_POINT('Ctrl Pts',(48.6957272422797,-17.,-43.8923310786166));
#6961=CARTESIAN_POINT('Ctrl Pts',(48.7428655436878,-17.,-43.8462477001989));
#6962=CARTESIAN_POINT('Ctrl Pts',(48.7924723362153,-17.,-43.8028563864265));
#6963=CARTESIAN_POINT('Ctrl Pts',(48.844343596478,-17.,-43.7624319840465));
#6964=CARTESIAN_POINT('Ctrl Pts',(48.883247041675,-17.,-43.7321136822614));
#6965=CARTESIAN_POINT('Ctrl Pts',(48.9234248929839,-17.,-43.703465111106));
#6966=CARTESIAN_POINT('Ctrl Pts',(48.9647971255885,-17.,-43.6766218442539));
#6967=CARTESIAN_POINT('Ctrl Pts',(48.9847980116212,-17.,-43.6636448041655));
#6968=CARTESIAN_POINT('Ctrl Pts',(49.005078093526,-17.,-43.6510899540044));
#6969=CARTESIAN_POINT('Ctrl Pts',(49.0256285358778,-17.,-43.6389742054585));
#6970=CARTESIAN_POINT('Ctrl Pts',(49.0382714177477,-17.,-43.6315204497188));
#6971=CARTESIAN_POINT('Ctrl Pts',(49.0510205670673,-17.,-43.6242308830145));
#6972=CARTESIAN_POINT('Ctrl Pts',(49.06384879818,-17.,-43.6171231114049));
#6973=CARTESIAN_POINT('Ctrl Pts',(49.1185042010939,-17.,-43.5868400491702));
#6974=CARTESIAN_POINT('Ctrl Pts',(49.1746726938321,-17.,-43.5598042301766));
#6975=CARTESIAN_POINT('Ctrl Pts',(49.2321724680972,-17.,-43.5362477606984));
#6976=CARTESIAN_POINT('Ctrl Pts',(49.2753706147495,-17.,-43.5185503725584));
#6977=CARTESIAN_POINT('Ctrl Pts',(49.3193206654996,-17.,-43.502817627496));
#6978=CARTESIAN_POINT('Ctrl Pts',(49.3639498591035,-17.,-43.4891669088704));
#6979=CARTESIAN_POINT('Ctrl Pts',(49.4248217298486,-17.,-43.4705480472543));
#6980=CARTESIAN_POINT('Ctrl Pts',(49.486958045981,-17.,-43.4558009053011));
#6981=CARTESIAN_POINT('Ctrl Pts',(49.5499980378593,-17.,-43.4448902084526));
#6982=CARTESIAN_POINT('Ctrl Pts',(49.5735205696708,-17.,-43.4408190275077));
#6983=CARTESIAN_POINT('Ctrl Pts',(49.5971688173277,-17.,-43.4372825093892));
#6984=CARTESIAN_POINT('Ctrl Pts',(49.6209234770627,-17.,-43.4342805951718));
#6985=CARTESIAN_POINT('Ctrl Pts',(49.6350256346454,-17.,-43.4324984830382));
#6986=CARTESIAN_POINT('Ctrl Pts',(49.6491693423623,-17.,-43.4309045369733));
#6987=CARTESIAN_POINT('Ctrl Pts',(49.663322847105,-17.,-43.429501218676));
#6988=CARTESIAN_POINT('Ctrl Pts',(49.7253061016383,-17.,-43.4233555864249));
#6989=CARTESIAN_POINT('Ctrl Pts',(49.787575514386,-17.,-43.4208471575558));
#6990=CARTESIAN_POINT('Ctrl Pts',(49.849795672634,-17.,-43.4218931784224));
#6991=CARTESIAN_POINT('Ctrl Pts',(49.9119465796726,-17.,-43.4229380350649));
#6992=CARTESIAN_POINT('Ctrl Pts',(49.9740494708078,-17.,-43.4275297959986));
#6993=CARTESIAN_POINT('Ctrl Pts',(50.0357584343784,-17.,-43.4356362546293));
#6994=CARTESIAN_POINT('Ctrl Pts',(50.0779258102407,-17.,-43.4411756133903));
#6995=CARTESIAN_POINT('Ctrl Pts',(50.1199089987912,-17.,-43.4483571473338));
#6996=CARTESIAN_POINT('Ctrl Pts',(50.1615904520771,-17.,-43.4571828167446));
#6997=CARTESIAN_POINT('Ctrl Pts',(50.1827982434201,-17.,-43.4616733740686));
#6998=CARTESIAN_POINT('Ctrl Pts',(50.2039278064394,-17.,-43.4665897242109));
#6999=CARTESIAN_POINT('Ctrl Pts',(50.224962837962,-17.,-43.4719330389372));
#7000=CARTESIAN_POINT('Ctrl Pts',(50.2406580502163,-17.,-43.4759199337836));
#7001=CARTESIAN_POINT('Ctrl Pts',(50.2563049994164,-17.,-43.4801459607447));
#7002=CARTESIAN_POINT('Ctrl Pts',(50.2718689056445,-17.,-43.4846033855982));
#7003=CARTESIAN_POINT('Ctrl Pts',(50.329435551797,-17.,-43.5010901849613));
#7004=CARTESIAN_POINT('Ctrl Pts',(50.385936934621,-17.,-43.5207549023815));
#7005=CARTESIAN_POINT('Ctrl Pts',(50.4410471563533,-17.,-43.5435793429889));
#7006=CARTESIAN_POINT('Ctrl Pts',(50.4749204596194,-17.,-43.5576083048452));
#7007=CARTESIAN_POINT('Ctrl Pts',(50.508267702958,-17.,-43.5728318088681));
#7008=CARTESIAN_POINT('Ctrl Pts',(50.5410066971942,-17.,-43.5892529450134));
#7009=CARTESIAN_POINT('Ctrl Pts',(50.5544871323404,-17.,-43.5960144251993));
#7010=CARTESIAN_POINT('Ctrl Pts',(50.5678643757867,-17.,-43.6029790162161));
#7011=CARTESIAN_POINT('Ctrl Pts',(50.581132384075,-17.,-43.6101471868769));
#7012=CARTESIAN_POINT('Ctrl Pts',(50.5914720706593,-17.,-43.6157333032257));
#7013=CARTESIAN_POINT('Ctrl Pts',(50.6017443672964,-17.,-43.6214425803288));
#7014=CARTESIAN_POINT('Ctrl Pts',(50.6119379579662,-17.,-43.627270143907));
#7015=CARTESIAN_POINT('Ctrl Pts',(50.6616415517664,-17.,-43.6556851413616));
#7016=CARTESIAN_POINT('Ctrl Pts',(50.7095336153242,-17.,-43.6869399275699));
#7017=CARTESIAN_POINT('Ctrl Pts',(50.7553021499351,-17.,-43.721036245919));
#7018=CARTESIAN_POINT('Ctrl Pts',(50.7758602596625,-17.,-43.7363514807169));
#7019=CARTESIAN_POINT('Ctrl Pts',(50.7959894319479,-17.,-43.7522404803857));
#7020=CARTESIAN_POINT('Ctrl Pts',(50.8156586598887,-17.,-43.7687055427648));
#7021=CARTESIAN_POINT('Ctrl Pts',(50.837046445387,-17.,-43.7866092054525));
#7022=CARTESIAN_POINT('Ctrl Pts',(50.8578904147284,-17.,-43.8051940425575));
#7023=CARTESIAN_POINT('Ctrl Pts',(50.8781729362516,-17.,-43.8244271983733));
#7024=CARTESIAN_POINT('Origin',(50.0000000745062,-17.,-45.0000006705527));
#7025=CARTESIAN_POINT('',(52.9923274828183,-17.,-44.7855789331658));
#7026=CARTESIAN_POINT('Origin',(50.0000000745062,-17.,-45.0000006705527));
#7027=CARTESIAN_POINT('Origin',(40.0000000745062,-18.3251406708469,-45.0000006705528));
#7028=CARTESIAN_POINT('Ctrl Pts',(39.87193832329,-16.8251406708469,-43.2024326344217));
#7029=CARTESIAN_POINT('Ctrl Pts',(39.9190610977884,-16.8226235852542,-43.1987942589161));
#7030=CARTESIAN_POINT('Ctrl Pts',(40.5539216342215,-16.7887999506164,-43.1762698177251));
#7031=CARTESIAN_POINT('Ctrl Pts',(41.7714700893708,-16.7236697669333,-43.840113222851));
#7032=CARTESIAN_POINT('Ctrl Pts',(41.9469647429262,-16.6297501197977,-45.8319250685853));
#7033=CARTESIAN_POINT('Ctrl Pts',(40.3863293317952,-16.5358304726621,-47.0817537718601));
#7034=CARTESIAN_POINT('Ctrl Pts',(38.4810614017531,-16.4419108255264,-46.4750716025746));
#7035=CARTESIAN_POINT('Ctrl Pts',(37.9304539260168,-16.3479911783908,-44.5528842551949));
#7036=CARTESIAN_POINT('Ctrl Pts',(38.9267750109521,-16.2757344601643,-43.3808352340731));
#7037=CARTESIAN_POINT('Ctrl Pts',(39.6883943982339,-16.234784290983,-43.2177295970984));
#7038=CARTESIAN_POINT('Ctrl Pts',(39.8700496866017,-16.2251406708469,-43.2060945648785));
#7039=CARTESIAN_POINT('Ctrl Pts',(39.8699417367503,-16.8748593291532,-43.206945530433));
#7040=CARTESIAN_POINT('Ctrl Pts',(40.2637668389527,-16.8539597880117,-43.1813268408869));
#7041=CARTESIAN_POINT('Ctrl Pts',(41.274878237329,-16.801753697825,-43.4292135059272));
#7042=CARTESIAN_POINT('Ctrl Pts',(42.1169670729455,-16.7182410585931,-44.9956811801276));
#7043=CARTESIAN_POINT('Ctrl Pts',(41.1772623407131,-16.6243214114575,-46.7597464483441));
#7044=CARTESIAN_POINT('Ctrl Pts',(39.1870781608833,-16.5304017643219,-46.955148108164));
#7045=CARTESIAN_POINT('Ctrl Pts',(37.9221498754005,-16.4364821171863,-45.4065787613495));
#7046=CARTESIAN_POINT('Ctrl Pts',(38.4554353332277,-16.3513013054633,-43.6733912918245));
#7047=CARTESIAN_POINT('Ctrl Pts',(39.4485367162199,-16.2974270427856,-43.2393579035989));
#7048=CARTESIAN_POINT('Ctrl Pts',(39.872895862317,-16.2748593291532,-43.2054447584334));
#7049=CARTESIAN_POINT('Ctrl Pts',(41.0354602647036,-17.0000000000003,-46.036363152755));
#7050=CARTESIAN_POINT('Ctrl Pts',(40.6956977221211,-16.9686934509551,-46.3758298866499));
#7051=CARTESIAN_POINT('Ctrl Pts',(39.6617253647475,-16.9060803528647,-46.6890563203016));
#7052=CARTESIAN_POINT('Ctrl Pts',(38.4042448498487,-16.812160705729,-45.6534344778495));
#7053=CARTESIAN_POINT('Ctrl Pts',(38.5729199547717,-16.7182410585934,-44.0341182336867));
#7054=CARTESIAN_POINT('Ctrl Pts',(40.0128036800665,-16.6243214114577,-43.2766207994778));
#7055=CARTESIAN_POINT('Ctrl Pts',(41.4419801116095,-16.5304017643221,-44.0558500324735));
#7056=CARTESIAN_POINT('Ctrl Pts',(41.5848331008906,-16.4364821171865,-45.6771887484068));
#7057=CARTESIAN_POINT('Ctrl Pts',(40.3144728412396,-16.3425624700508,-46.6945517434324));
#7058=CARTESIAN_POINT('Ctrl Pts',(38.7635810409831,-16.2486428229152,-46.2007112778104));
#7059=CARTESIAN_POINT('Ctrl Pts',(38.3153854849594,-16.1547231757796,-44.6360470389376));
#7060=CARTESIAN_POINT('Ctrl Pts',(39.3695368687398,-16.0608035286439,-43.3959677952525));
#7061=CARTESIAN_POINT('Ctrl Pts',(40.9859541102395,-15.9668838815083,-43.58638739238));
#7062=CARTESIAN_POINT('Ctrl Pts',(41.7230778761871,-15.8729642343727,-45.0374905895289));
#7063=CARTESIAN_POINT('Ctrl Pts',(40.9235361218287,-15.779044587237,-46.4551590773329));
#7064=CARTESIAN_POINT('Ctrl Pts',(39.3003695427577,-15.6851249401014,-46.5750949472118));
#7065=CARTESIAN_POINT('Ctrl Pts',(38.3011448417522,-15.5912052929657,-45.2903370774824));
#7066=CARTESIAN_POINT('Ctrl Pts',(38.8169854558426,-15.4972856458301,-43.7466527588995));
#7067=CARTESIAN_POINT('Ctrl Pts',(40.3878570130486,-15.4033659986945,-43.3207235644969));
#7068=CARTESIAN_POINT('Ctrl Pts',(41.6128317029292,-15.3094463515588,-44.3923998855171));
#7069=CARTESIAN_POINT('Ctrl Pts',(41.399457982378,-15.2155267044232,-46.0059439567969));
#7070=CARTESIAN_POINT('Ctrl Pts',(39.9380260842996,-15.1216070572876,-46.7223723162369));
#7071=CARTESIAN_POINT('Ctrl Pts',(38.5318631884531,-15.0276874101519,-45.9027624903798));
#7072=CARTESIAN_POINT('Ctrl Pts',(38.435008389405,-14.9337677630163,-44.2780563304308));
#7073=CARTESIAN_POINT('Ctrl Pts',(39.7338359324345,-14.8398481158806,-43.2971899029451));
#7074=CARTESIAN_POINT('Ctrl Pts',(41.270036123319,-14.745928468745,-43.8349196632467));
#7075=CARTESIAN_POINT('Ctrl Pts',(41.6735915069703,-14.6520088216094,-45.4116804957357));
#7076=CARTESIAN_POINT('Ctrl Pts',(40.5846262888575,-14.5580891744737,-46.6213119233147));
#7077=CARTESIAN_POINT('Ctrl Pts',(38.9742526917605,-14.4641695273381,-46.3850056403652));
#7078=CARTESIAN_POINT('Ctrl Pts',(38.2787179899711,-14.3702498802025,-44.9135865526966));
#7079=CARTESIAN_POINT('Ctrl Pts',(39.1181221191503,-14.2763302330668,-43.5191164324547));
#7080=CARTESIAN_POINT('Ctrl Pts',(40.744262772729,-14.1824105859312,-43.4455634256388));
#7081=CARTESIAN_POINT('Ctrl Pts',(41.7061114748763,-14.0884909387956,-44.7577808540322));
#7082=CARTESIAN_POINT('Ctrl Pts',(41.1475683500545,-13.9945712916599,-46.2870506037314));
#7083=CARTESIAN_POINT('Ctrl Pts',(39.5632947127006,-13.9006516445243,-46.6663221263892));
#7084=CARTESIAN_POINT('Ctrl Pts',(38.771413269494,-13.8380385464339,-45.9313844321211));
#7085=CARTESIAN_POINT('Ctrl Pts',(38.6149339925288,-13.8067319973887,-45.4773024079848));
#7086=CARTESIAN_POINT('Ctrl Pts',(41.114327226858,-17.0644226675374,-46.1152988389705));
#7087=CARTESIAN_POINT('Ctrl Pts',(40.7486862972154,-17.0331161184922,-46.4806214293321));
#7088=CARTESIAN_POINT('Ctrl Pts',(39.6359603001077,-16.9705030204017,-46.817705098175));
#7089=CARTESIAN_POINT('Ctrl Pts',(38.2827024012813,-16.8765833732661,-45.703203981147));
#7090=CARTESIAN_POINT('Ctrl Pts',(38.4642248307487,-16.7826637261305,-43.9605507374999));
#7091=CARTESIAN_POINT('Ctrl Pts',(40.0137788807403,-16.6887440789948,-43.1453576796047));
#7092=CARTESIAN_POINT('Ctrl Pts',(41.5518101041966,-16.5948244318592,-43.9839377625994));
#7093=CARTESIAN_POINT('Ctrl Pts',(41.7055436482358,-16.5009047847236,-45.7287675217996));
#7094=CARTESIAN_POINT('Ctrl Pts',(40.3384250047581,-16.4069851375879,-46.8236190862416));
#7095=CARTESIAN_POINT('Ctrl Pts',(38.6694078279064,-16.3130654904523,-46.2921647193985));
#7096=CARTESIAN_POINT('Ctrl Pts',(38.1870749653119,-16.2191458433166,-44.6083261110234));
#7097=CARTESIAN_POINT('Ctrl Pts',(39.3215169465259,-16.125226196181,-43.2737948703363));
#7098=CARTESIAN_POINT('Ctrl Pts',(41.0610503817894,-16.0313065490454,-43.4787179851289));
#7099=CARTESIAN_POINT('Ctrl Pts',(41.8543179886131,-15.9373869019097,-45.0403460503655));
#7100=CARTESIAN_POINT('Ctrl Pts',(40.9938782587665,-15.8434672547741,-46.5659928149142));
#7101=CARTESIAN_POINT('Ctrl Pts',(39.2470814152257,-15.7495476076385,-46.6950637319926));
#7102=CARTESIAN_POINT('Ctrl Pts',(38.1717496678809,-15.6556279605028,-45.3124508686587));
#7103=CARTESIAN_POINT('Ctrl Pts',(38.7268798486531,-15.5617083133672,-43.6511901392349));
#7104=CARTESIAN_POINT('Ctrl Pts',(40.4173985625769,-15.4677886662315,-43.1928195801392));
#7105=CARTESIAN_POINT('Ctrl Pts',(41.7356747945366,-15.3738690190959,-44.3461213046774));
#7106=CARTESIAN_POINT('Ctrl Pts',(41.5060492303098,-15.2799493719603,-46.0825627315569));
#7107=CARTESIAN_POINT('Ctrl Pts',(39.9333057672981,-15.1860297248246,-46.8535586435162));
#7108=CARTESIAN_POINT('Ctrl Pts',(38.4200409307498,-15.092110077689,-45.9715223354736));
#7109=CARTESIAN_POINT('Ctrl Pts',(38.3158090796012,-14.9981904305534,-44.2230686471871));
#7110=CARTESIAN_POINT('Ctrl Pts',(39.7135632483484,-14.9042707834177,-43.1674934514192));
#7111=CARTESIAN_POINT('Ctrl Pts',(41.3667698132712,-14.8103511362821,-43.7461799892546));
#7112=CARTESIAN_POINT('Ctrl Pts',(41.801062435757,-14.7164314891465,-45.4430365415786));
#7113=CARTESIAN_POINT('Ctrl Pts',(40.6291549862987,-14.6225118420108,-46.7448008748192));
#7114=CARTESIAN_POINT('Ctrl Pts',(38.8961255162487,-14.5285921948752,-46.4904960644026));
#7115=CARTESIAN_POINT('Ctrl Pts',(38.1476146503129,-14.4346725477395,-44.9070047265413));
#7116=CARTESIAN_POINT('Ctrl Pts',(39.0509529165211,-14.3407529006039,-43.4063232586884));
#7117=CARTESIAN_POINT('Ctrl Pts',(40.8009503582194,-14.2468332534683,-43.3271680063589));
#7118=CARTESIAN_POINT('Ctrl Pts',(41.8360593227202,-14.1529136063326,-44.7393319157888));
#7119=CARTESIAN_POINT('Ctrl Pts',(41.2349741476062,-14.058993959197,-46.3850801748648));
#7120=CARTESIAN_POINT('Ctrl Pts',(39.5300325693867,-13.9650743120614,-46.7932393294248));
#7121=CARTESIAN_POINT('Ctrl Pts',(38.6778366067004,-13.9024612139709,-46.0023242988299));
#7122=CARTESIAN_POINT('Ctrl Pts',(38.5094389138161,-13.8711546649257,-45.5136566188165));
#7123=CARTESIAN_POINT('Ctrl Pts',(41.1931941890124,-17.1288453350744,-46.194234525186));
#7124=CARTESIAN_POINT('Ctrl Pts',(40.8016748723096,-17.0975387860292,-46.5854129720144));
#7125=CARTESIAN_POINT('Ctrl Pts',(39.610195235468,-17.0349256879388,-46.9463538760483));
#7126=CARTESIAN_POINT('Ctrl Pts',(38.1611599527138,-16.9410060408032,-45.7529734844446));
#7127=CARTESIAN_POINT('Ctrl Pts',(38.3555297067257,-16.8470863936675,-43.8869832413131));
#7128=CARTESIAN_POINT('Ctrl Pts',(40.0147540814141,-16.7531667465319,-43.0140945597315));
#7129=CARTESIAN_POINT('Ctrl Pts',(41.6616400967837,-16.6592470993963,-43.9120254927252));
#7130=CARTESIAN_POINT('Ctrl Pts',(41.826254195581,-16.5653274522606,-45.7803462951925));
#7131=CARTESIAN_POINT('Ctrl Pts',(40.3623771682766,-16.471407805125,-46.9526864290509));
#7132=CARTESIAN_POINT('Ctrl Pts',(38.5752346148298,-16.3774881579894,-46.3836181609865));
#7133=CARTESIAN_POINT('Ctrl Pts',(38.0587644456643,-16.2835685108537,-44.5806051831091));
#7134=CARTESIAN_POINT('Ctrl Pts',(39.273497024312,-16.1896488637181,-43.1516219454201));
#7135=CARTESIAN_POINT('Ctrl Pts',(41.1361466533393,-16.0957292165824,-43.3710485778779));
#7136=CARTESIAN_POINT('Ctrl Pts',(41.9855581010393,-16.0018095694468,-45.0432015112022));
#7137=CARTESIAN_POINT('Ctrl Pts',(41.0642203957041,-15.9078899223112,-46.6768265524955));
#7138=CARTESIAN_POINT('Ctrl Pts',(39.1937932876938,-15.8139702751755,-46.8150325167734));
#7139=CARTESIAN_POINT('Ctrl Pts',(38.0423544940095,-15.7200506280399,-45.3345646598349));
#7140=CARTESIAN_POINT('Ctrl Pts',(38.6367742414636,-15.6261309809043,-43.5557275195703));
#7141=CARTESIAN_POINT('Ctrl Pts',(40.4469401121053,-15.5322113337686,-43.0649155957814));
#7142=CARTESIAN_POINT('Ctrl Pts',(41.8585178861441,-15.438291686633,-44.2998427238377));
#7143=CARTESIAN_POINT('Ctrl Pts',(41.6126404782416,-15.3443720394973,-46.1591815063168));
#7144=CARTESIAN_POINT('Ctrl Pts',(39.9285854502966,-15.2504523923617,-46.9847449707956));
#7145=CARTESIAN_POINT('Ctrl Pts',(38.3082186730464,-15.1565327452261,-46.0402821805674));
#7146=CARTESIAN_POINT('Ctrl Pts',(38.1966097697974,-15.0626130980904,-44.1680809639434));
#7147=CARTESIAN_POINT('Ctrl Pts',(39.6932905642623,-14.9686934509548,-43.0377969998932));
#7148=CARTESIAN_POINT('Ctrl Pts',(41.4635035032235,-14.8747738038192,-43.6574403152623));
#7149=CARTESIAN_POINT('Ctrl Pts',(41.9285333645437,-14.7808541566835,-45.4743925874217));
#7150=CARTESIAN_POINT('Ctrl Pts',(40.6736836837399,-14.6869345095479,-46.8682898263236));
#7151=CARTESIAN_POINT('Ctrl Pts',(38.817998340737,-14.5930148624123,-46.5959864884401));
#7152=CARTESIAN_POINT('Ctrl Pts',(38.0165113106546,-14.4990952152766,-44.9004229003861));
#7153=CARTESIAN_POINT('Ctrl Pts',(38.9837837138919,-14.405175568141,-43.293530084922));
#7154=CARTESIAN_POINT('Ctrl Pts',(40.8576379437097,-14.3112559210053,-43.208772587079));
#7155=CARTESIAN_POINT('Ctrl Pts',(41.966007170564,-14.2173362738697,-44.7208829775452));
#7156=CARTESIAN_POINT('Ctrl Pts',(41.3223799451579,-14.1234166267341,-46.4831097459983));
#7157=CARTESIAN_POINT('Ctrl Pts',(39.4967704260728,-14.0294969795984,-46.9201565324603));
#7158=CARTESIAN_POINT('Ctrl Pts',(38.5842599439068,-13.966883881508,-46.0732641655387));
#7159=CARTESIAN_POINT('Ctrl Pts',(38.4039438351035,-13.9355773324628,-45.5500108296482));
#7160=CARTESIAN_POINT('Ctrl Pts',(41.2720611511668,-17.1932680026115,-46.2731702114015));
#7161=CARTESIAN_POINT('Ctrl Pts',(40.8546634474038,-17.1619614535663,-46.6902045146966));
#7162=CARTESIAN_POINT('Ctrl Pts',(39.5844301708282,-17.0993483554759,-47.0750026539217));
#7163=CARTESIAN_POINT('Ctrl Pts',(38.0396175041463,-17.0054287083403,-45.8027429877421));
#7164=CARTESIAN_POINT('Ctrl Pts',(38.2468345827027,-16.9115090612046,-43.8134157451263));
#7165=CARTESIAN_POINT('Ctrl Pts',(40.0157292820879,-16.817589414069,-42.8828314398584));
#7166=CARTESIAN_POINT('Ctrl Pts',(41.7714700893708,-16.7236697669333,-43.840113222851));
#7167=CARTESIAN_POINT('Ctrl Pts',(41.9469647429262,-16.6297501197977,-45.8319250685853));
#7168=CARTESIAN_POINT('Ctrl Pts',(40.3863293317952,-16.5358304726621,-47.0817537718601));
#7169=CARTESIAN_POINT('Ctrl Pts',(38.4810614017531,-16.4419108255264,-46.4750716025746));
#7170=CARTESIAN_POINT('Ctrl Pts',(37.9304539260168,-16.3479911783908,-44.5528842551949));
#7171=CARTESIAN_POINT('Ctrl Pts',(39.225477102098,-16.2540715312552,-43.0294490205039));
#7172=CARTESIAN_POINT('Ctrl Pts',(41.2112429248892,-16.1601518841195,-43.2633791706268));
#7173=CARTESIAN_POINT('Ctrl Pts',(42.1167982134653,-16.0662322369839,-45.046056972039));
#7174=CARTESIAN_POINT('Ctrl Pts',(41.1345625326419,-15.9723125898482,-46.7876602900767));
#7175=CARTESIAN_POINT('Ctrl Pts',(39.1405051601619,-15.8783929427126,-46.9350013015543));
#7176=CARTESIAN_POINT('Ctrl Pts',(37.9129593201383,-15.784473295577,-45.3566784510111));
#7177=CARTESIAN_POINT('Ctrl Pts',(38.5466686342741,-15.6905536484413,-43.4602648999058));
#7178=CARTESIAN_POINT('Ctrl Pts',(40.4764816616336,-15.5966340013057,-42.9370116114237));
#7179=CARTESIAN_POINT('Ctrl Pts',(41.9813609777515,-15.5027143541701,-44.2535641429979));
#7180=CARTESIAN_POINT('Ctrl Pts',(41.7192317261733,-15.4087947070344,-46.2358002810768));
#7181=CARTESIAN_POINT('Ctrl Pts',(39.9238651332951,-15.3148750598988,-47.115931298075));
#7182=CARTESIAN_POINT('Ctrl Pts',(38.196396415343,-15.2209554127632,-46.1090420256611));
#7183=CARTESIAN_POINT('Ctrl Pts',(38.0774104599937,-15.1270357656275,-44.1130932806998));
#7184=CARTESIAN_POINT('Ctrl Pts',(39.6730178801761,-15.0331161184919,-42.9081005483672));
#7185=CARTESIAN_POINT('Ctrl Pts',(41.5602371931757,-14.9391964713562,-43.5687006412702));
#7186=CARTESIAN_POINT('Ctrl Pts',(42.0560042933303,-14.8452768242206,-45.5057486332646));
#7187=CARTESIAN_POINT('Ctrl Pts',(40.7182123811811,-14.751357177085,-46.9917787778281));
#7188=CARTESIAN_POINT('Ctrl Pts',(38.7398711652252,-14.6574375299493,-46.7014769124776));
#7189=CARTESIAN_POINT('Ctrl Pts',(37.8854079709963,-14.5635178828137,-44.8938410742309));
#7190=CARTESIAN_POINT('Ctrl Pts',(38.9166145112626,-14.4695982356781,-43.1807369111556));
#7191=CARTESIAN_POINT('Ctrl Pts',(40.9143255292001,-14.3756785885424,-43.0903771677992));
#7192=CARTESIAN_POINT('Ctrl Pts',(42.0959550184079,-14.2817589414068,-44.7024340393018));
#7193=CARTESIAN_POINT('Ctrl Pts',(41.4097857427097,-14.1878392942712,-46.5811393171318));
#7194=CARTESIAN_POINT('Ctrl Pts',(39.463508282759,-14.0939196471355,-47.0470737354959));
#7195=CARTESIAN_POINT('Ctrl Pts',(38.4906832811133,-14.0313065490451,-46.1442040322475));
#7196=CARTESIAN_POINT('Ctrl Pts',(38.2984487563909,-13.9999999999999,-45.5863650404799));
#7197=CARTESIAN_POINT('Ctrl Pts',(41.0354602647036,-17.0000000000003,-46.036363152755));
#7198=CARTESIAN_POINT('Ctrl Pts',(41.0003386658354,-17.0000000000003,-46.0803851697968));
#7199=CARTESIAN_POINT('Ctrl Pts',(40.9626170726665,-17.0000000000003,-46.1220445545788));
#7200=CARTESIAN_POINT('Ctrl Pts',(40.9226274094053,-17.0000000000003,-46.1613140895668));
#7201=CARTESIAN_POINT('Ctrl Pts',(40.8808843216221,-17.0000000000003,-46.2023054736528));
#7202=CARTESIAN_POINT('Ctrl Pts',(40.8366695357708,-17.0000000000003,-46.2406934690018));
#7203=CARTESIAN_POINT('Ctrl Pts',(40.7903083303862,-17.0000000000003,-46.2764239099128));
#7204=CARTESIAN_POINT('Ctrl Pts',(40.7512907095227,-17.0000000000003,-46.3064946724217));
#7205=CARTESIAN_POINT('Ctrl Pts',(40.710751625298,-17.0000000000003,-46.3346828630389));
#7206=CARTESIAN_POINT('Ctrl Pts',(40.6688618419946,-17.0000000000003,-46.3609392809726));
#7207=CARTESIAN_POINT('Ctrl Pts',(40.6466323191722,-17.0000000000003,-46.3748726937446));
#7208=CARTESIAN_POINT('Ctrl Pts',(40.6240221087057,-17.0000000000003,-46.3882618219387));
#7209=CARTESIAN_POINT('Ctrl Pts',(40.6010548543306,-17.0000000000003,-46.4010972013052));
#7210=CARTESIAN_POINT('Ctrl Pts',(40.5919880321154,-17.0000000000003,-46.4061642459279));
#7211=CARTESIAN_POINT('Ctrl Pts',(40.5828668706475,-17.0000000000003,-46.4111441464895));
#7212=CARTESIAN_POINT('Ctrl Pts',(40.5737037946671,-17.0000000000003,-46.4160307546038));
#7213=CARTESIAN_POINT('Ctrl Pts',(40.5200485736018,-17.0000000000003,-46.4446447308705));
#7214=CARTESIAN_POINT('Ctrl Pts',(40.4648606134715,-17.0000000000003,-46.4701183319463));
#7215=CARTESIAN_POINT('Ctrl Pts',(40.4084817347343,-17.0000000000003,-46.4923979590276));
#7216=CARTESIAN_POINT('Ctrl Pts',(40.3506512701951,-17.0000000000003,-46.5152512191976));
#7217=CARTESIAN_POINT('Ctrl Pts',(40.2915669673199,-17.0000000000003,-46.5347446275536));
#7218=CARTESIAN_POINT('Ctrl Pts',(40.2315581785434,-17.0000000000003,-46.5507822411437));
#7219=CARTESIAN_POINT('Ctrl Pts',(40.186551586961,-17.0000000000003,-46.5628104513363));
#7220=CARTESIAN_POINT('Ctrl Pts',(40.1410240487719,-17.0000000000003,-46.572894044776));
#7221=CARTESIAN_POINT('Ctrl Pts',(40.0951049025337,-17.0000000000003,-46.5809753553031));
#7222=CARTESIAN_POINT('Ctrl Pts',(40.0723452651718,-17.0000000000003,-46.5849808238728));
#7223=CARTESIAN_POINT('Ctrl Pts',(40.0494893249545,-17.0000000000003,-46.5884941579438));
#7224=CARTESIAN_POINT('Ctrl Pts',(40.0265524026788,-17.0000000000003,-46.5915068091268));
#7225=CARTESIAN_POINT('Ctrl Pts',(40.014601219488,-17.0000000000003,-46.5930765378701));
#7226=CARTESIAN_POINT('Ctrl Pts',(40.0026359754536,-17.0000000000003,-46.594509214604));
#7227=CARTESIAN_POINT('Ctrl Pts',(39.9906670358746,-17.0000000000003,-46.5958033680912));
#7228=CARTESIAN_POINT('Ctrl Pts',(39.9274545299427,-17.0000000000003,-46.6026382831184));
#7229=CARTESIAN_POINT('Ctrl Pts',(39.8640721178887,-17.0000000000003,-46.6056220862253));
#7230=CARTESIAN_POINT('Ctrl Pts',(39.8008601686512,-17.0000000000003,-46.604667890051));
#7231=CARTESIAN_POINT('Ctrl Pts',(39.7599762158923,-17.0000000000003,-46.6040507391518));
#7232=CARTESIAN_POINT('Ctrl Pts',(39.7191628992592,-17.0000000000003,-46.6017854080514));
#7233=CARTESIAN_POINT('Ctrl Pts',(39.6785076442825,-17.0000000000003,-46.5978377374546));
#7234=CARTESIAN_POINT('Ctrl Pts',(39.6173387298565,-17.0000000000003,-46.5918981676485));
#7235=CARTESIAN_POINT('Ctrl Pts',(39.5565273654784,-17.0000000000003,-46.5821529116997));
#7236=CARTESIAN_POINT('Ctrl Pts',(39.4963025825182,-17.0000000000003,-46.5688202121502));
#7237=CARTESIAN_POINT('Ctrl Pts',(39.469915209745,-17.0000000000003,-46.5629785154966));
#7238=CARTESIAN_POINT('Ctrl Pts',(39.4436404285107,-17.0000000000003,-46.5564474425295));
#7239=CARTESIAN_POINT('Ctrl Pts',(39.4174976993054,-17.0000000000003,-46.5492422860128));
#7240=CARTESIAN_POINT('Ctrl Pts',(39.404952141103,-17.0000000000003,-46.5457846244302));
#7241=CARTESIAN_POINT('Ctrl Pts',(39.3924353281941,-17.0000000000003,-46.5421710578419));
#7242=CARTESIAN_POINT('Ctrl Pts',(39.3799703720552,-17.0000000000003,-46.5384098655159));
#7243=CARTESIAN_POINT('Ctrl Pts',(39.319160714902,-17.0000000000003,-46.5200610792637));
#7244=CARTESIAN_POINT('Ctrl Pts',(39.2594740268283,-17.0000000000003,-46.4981739450204));
#7245=CARTESIAN_POINT('Ctrl Pts',(39.2011510834609,-17.0000000000003,-46.473025057233));
#7246=CARTESIAN_POINT('Ctrl Pts',(39.1414812427782,-17.0000000000003,-46.4472953865241));
#7247=CARTESIAN_POINT('Ctrl Pts',(39.0832379717907,-17.0000000000003,-46.4181513230893));
#7248=CARTESIAN_POINT('Ctrl Pts',(39.0266792915473,-17.0000000000003,-46.3858333109986));
#7249=CARTESIAN_POINT('Ctrl Pts',(38.9865959383381,-17.0000000000003,-46.3629294121085));
#7250=CARTESIAN_POINT('Ctrl Pts',(38.9473586612609,-17.0000000000003,-46.3384301721796));
#7251=CARTESIAN_POINT('Ctrl Pts',(38.9090632032946,-17.0000000000003,-46.3124059899891));
#7252=CARTESIAN_POINT('Ctrl Pts',(38.8803532421873,-17.0000000000003,-46.2928957582745));
#7253=CARTESIAN_POINT('Ctrl Pts',(38.8521726812723,-17.0000000000003,-46.2725281778568));
#7254=CARTESIAN_POINT('Ctrl Pts',(38.8245640470417,-17.0000000000003,-46.251328766003));
#7255=CARTESIAN_POINT('Ctrl Pts',(38.8146194432788,-17.0000000000003,-46.2436927580377));
#7256=CARTESIAN_POINT('Ctrl Pts',(38.804755491414,-17.0000000000003,-46.2359536866703));
#7257=CARTESIAN_POINT('Ctrl Pts',(38.7949776292385,-17.0000000000003,-46.2281161206473));
#7258=CARTESIAN_POINT('Ctrl Pts',(38.7421687867857,-17.0000000000003,-46.1857865416557));
#7259=CARTESIAN_POINT('Ctrl Pts',(38.6918352515256,-17.0000000000003,-46.1405615342006));
#7260=CARTESIAN_POINT('Ctrl Pts',(38.6442596687422,-17.0000000000003,-46.0926838045398));
#7261=CARTESIAN_POINT('Ctrl Pts',(38.6139396854933,-17.0000000000003,-46.0621712626773));
#7262=CARTESIAN_POINT('Ctrl Pts',(38.5847401106318,-17.0000000000003,-46.0305802577439));
#7263=CARTESIAN_POINT('Ctrl Pts',(38.5567392311565,-17.0000000000003,-45.9979638293368));
#7264=CARTESIAN_POINT('Ctrl Pts',(38.5461691667809,-17.0000000000003,-45.9856514393539));
#7265=CARTESIAN_POINT('Ctrl Pts',(38.5357699672079,-17.0000000000003,-45.973192856044));
#7266=CARTESIAN_POINT('Ctrl Pts',(38.5255460510838,-17.0000000000003,-45.9605906824766));
#7267=CARTESIAN_POINT('Ctrl Pts',(38.5165939008695,-17.0000000000003,-45.9495561092826));
#7268=CARTESIAN_POINT('Ctrl Pts',(38.507778434391,-17.0000000000003,-45.9384141421725));
#7269=CARTESIAN_POINT('Ctrl Pts',(38.4991083864916,-17.0000000000003,-45.9271746481835));
#7270=CARTESIAN_POINT('Ctrl Pts',(38.4574445983792,-17.0000000000003,-45.8731634245455));
#7271=CARTESIAN_POINT('Ctrl Pts',(38.4190944856804,-17.0000000000002,-45.8168518612248));
#7272=CARTESIAN_POINT('Ctrl Pts',(38.3843532454282,-17.0000000000001,-45.7584629737366));
#7273=CARTESIAN_POINT('Ctrl Pts',(38.3689639882257,-17.0000000000001,-45.7325985658801));
#7274=CARTESIAN_POINT('Ctrl Pts',(38.3542832530555,-17.0000000000001,-45.7063259889747));
#7275=CARTESIAN_POINT('Ctrl Pts',(38.3403389049643,-17.,-45.6796621825405));
#7276=CARTESIAN_POINT('Ctrl Pts',(38.3245838285871,-17.,-45.6495359762717));
#7277=CARTESIAN_POINT('Ctrl Pts',(38.3097687189295,-17.,-45.6189103624082));
#7278=CARTESIAN_POINT('Ctrl Pts',(38.2958855250777,-17.,-45.5878284963436));
#7279=CARTESIAN_POINT('Ctrl Pts',(39.8942202060354,-16.031872668236,-43.539757611898));
#7280=CARTESIAN_POINT('Ctrl Pts',(39.7463524480364,-16.0415162883721,-43.5492285507519));
#7281=CARTESIAN_POINT('Ctrl Pts',(39.6003541383047,-16.0511599085082,-43.5804950175772));
#7282=CARTESIAN_POINT('Ctrl Pts',(39.4632478450262,-16.0608035286443,-43.6343842687207));
#7283=CARTESIAN_POINT('Ctrl Pts',(39.018153074146,-16.0921100776895,-43.8093275431471));
#7284=CARTESIAN_POINT('Ctrl Pts',(38.6667692795523,-16.1234166267347,-44.2226872910423));
#7285=CARTESIAN_POINT('Ctrl Pts',(38.5657766415928,-16.1547231757799,-44.6901445381354));
#7286=CARTESIAN_POINT('Ctrl Pts',(38.4647840036333,-16.1860297248251,-45.1576017852286));
#7287=CARTESIAN_POINT('Ctrl Pts',(38.6141825223079,-16.2173362738703,-45.6791565315198));
#7288=CARTESIAN_POINT('Ctrl Pts',(38.9473637483548,-16.2486428229156,-46.0222406489357));
#7289=CARTESIAN_POINT('Ctrl Pts',(39.2805449744016,-16.2799493719608,-46.3653247663516));
#7290=CARTESIAN_POINT('Ctrl Pts',(39.7975089078206,-16.311255921006,-46.5299382548924));
#7291=CARTESIAN_POINT('Ctrl Pts',(40.2677175844721,-16.3425624700512,-46.4426844999917));
#7292=CARTESIAN_POINT('Ctrl Pts',(40.7379262611235,-16.3738690190964,-46.3554307450911));
#7293=CARTESIAN_POINT('Ctrl Pts',(41.1613796810074,-16.4051755681416,-46.0163097467491));
#7294=CARTESIAN_POINT('Ctrl Pts',(41.3492975594025,-16.4364821171868,-45.5765261282557));
#7295=CARTESIAN_POINT('Ctrl Pts',(41.5372154377975,-16.467788666232,-45.1367425097624));
#7296=CARTESIAN_POINT('Ctrl Pts',(41.4895977747038,-16.4990952152773,-44.5962962711178));
#7297=CARTESIAN_POINT('Ctrl Pts',(41.227592871233,-16.5304017643225,-44.1962016129628));
#7298=CARTESIAN_POINT('Ctrl Pts',(40.9655879677623,-16.5617083133677,-43.7961069548078));
#7299=CARTESIAN_POINT('Ctrl Pts',(40.4891958239144,-16.5930148624129,-43.5363638771424));
#7300=CARTESIAN_POINT('Ctrl Pts',(40.0110191311079,-16.6243214114581,-43.532741910678));
#7301=CARTESIAN_POINT('Ctrl Pts',(39.9725731285653,-16.6268384970507,-43.5324507000564));
#7302=CARTESIAN_POINT('Ctrl Pts',(39.9341155900547,-16.6293555826434,-43.5338151486476));
#7303=CARTESIAN_POINT('Ctrl Pts',(39.8957575599726,-16.631872668236,-43.5367767933848));
#7304=CARTESIAN_POINT('Ctrl Pts',(38.2322284344917,-17.,-44.6622381929736));
#7305=CARTESIAN_POINT('Ctrl Pts',(38.3429609630635,-16.9686934509548,-44.0826894371752));
#7306=CARTESIAN_POINT('Ctrl Pts',(39.1771092437052,-16.9060803528644,-43.0503365510381));
#7307=CARTESIAN_POINT('Ctrl Pts',(41.16994052672,-16.8121607057288,-43.234006629264));
#7308=CARTESIAN_POINT('Ctrl Pts',(42.1169670729455,-16.7182410585931,-44.9956811801276));
#7309=CARTESIAN_POINT('Ctrl Pts',(41.1772623407131,-16.6243214114575,-46.7597464483441));
#7310=CARTESIAN_POINT('Ctrl Pts',(39.1870781608833,-16.5304017643219,-46.955148108164));
#7311=CARTESIAN_POINT('Ctrl Pts',(37.9221498754005,-16.4364821171863,-45.4065787613495));
#7312=CARTESIAN_POINT('Ctrl Pts',(38.510145939404,-16.3425624700506,-43.4955808233726));
#7313=CARTESIAN_POINT('Ctrl Pts',(40.4268821471624,-16.248642822915,-42.9261687616595));
#7314=CARTESIAN_POINT('Ctrl Pts',(41.9628869013916,-16.1547231757794,-44.2062704662096));
#7315=CARTESIAN_POINT('Ctrl Pts',(41.7483737687505,-16.0608035286438,-46.1942146961428));
#7316=CARTESIAN_POINT('Ctrl Pts',(39.9746264593462,-15.9668838815081,-47.1171491594873));
#7317=CARTESIAN_POINT('Ctrl Pts',(38.2235112574858,-15.8729642343725,-46.1519733582705));
#7318=CARTESIAN_POINT('Ctrl Pts',(38.0566947355423,-15.7790445872369,-44.1594524530541));
#7319=CARTESIAN_POINT('Ctrl Pts',(39.6229489787484,-15.6851249401013,-42.9165445325455));
#7320=CARTESIAN_POINT('Ctrl Pts',(41.5254628700496,-15.5912052929656,-43.5316957075608));
#7321=CARTESIAN_POINT('Ctrl Pts',(42.0675454712684,-15.49728564583,-45.4563038680286));
#7322=CARTESIAN_POINT('Ctrl Pts',(40.7657588476988,-15.4033659986944,-46.9739738515475));
#7323=CARTESIAN_POINT('Ctrl Pts',(38.7810566063363,-15.3094463515587,-46.7312237633703));
#7324=CARTESIAN_POINT('Ctrl Pts',(37.8834272448684,-15.2155267044231,-44.9445420213374));
#7325=CARTESIAN_POINT('Ctrl Pts',(38.873390189966,-15.1216070572875,-43.2073191104677));
#7326=CARTESIAN_POINT('Ctrl Pts',(40.8680819776915,-15.0276874101519,-43.0688376127691));
#7327=CARTESIAN_POINT('Ctrl Pts',(42.088603536146,-14.9337677630162,-44.6525972015533));
#7328=CARTESIAN_POINT('Ctrl Pts',(41.4464786678165,-14.8398481158806,-46.5461769941456));
#7329=CARTESIAN_POINT('Ctrl Pts',(39.5143561822853,-14.745928468745,-47.0608518839085));
#7330=CARTESIAN_POINT('Ctrl Pts',(38.0153498659528,-14.6520088216093,-45.7376292235086));
#7331=CARTESIAN_POINT('Ctrl Pts',(38.2862618936768,-14.5580891744737,-43.7565745417189));
#7332=CARTESIAN_POINT('Ctrl Pts',(40.0855612284461,-14.4641695273381,-42.8844336757716));
#7333=CARTESIAN_POINT('Ctrl Pts',(41.808454388872,-14.3702498802025,-43.8989737922744));
#7334=CARTESIAN_POINT('Ctrl Pts',(41.9187500281875,-14.2763302330668,-45.895457065747));
#7335=CARTESIAN_POINT('Ctrl Pts',(40.317438881736,-14.1824105859312,-47.0932957404255));
#7336=CARTESIAN_POINT('Ctrl Pts',(38.4339336020164,-14.0884909387956,-46.4244316917756));
#7337=CARTESIAN_POINT('Ctrl Pts',(37.945189651267,-13.99457129166,-44.4849766515589));
#7338=CARTESIAN_POINT('Ctrl Pts',(39.2928205292637,-13.9006516445243,-43.0054489441917));
#7339=CARTESIAN_POINT('Ctrl Pts',(40.6049382814774,-13.8380385464339,-43.2052058963577));
#7340=CARTESIAN_POINT('Ctrl Pts',(41.0775330976433,-13.8067319973887,-43.5584658473351));
#7341=CARTESIAN_POINT('Ctrl Pts',(38.3418291302355,-17.0644226675371,-44.6831792476329));
#7342=CARTESIAN_POINT('Ctrl Pts',(38.445696313817,-17.0331161184919,-44.1395621390084));
#7343=CARTESIAN_POINT('Ctrl Pts',(39.2281279417856,-16.9705030204015,-43.1712144626013));
#7344=CARTESIAN_POINT('Ctrl Pts',(41.0974049770828,-16.8765833732658,-43.3434971150391));
#7345=CARTESIAN_POINT('Ctrl Pts',(41.9857164913411,-16.7826637261302,-44.9959489857339));
#7346=CARTESIAN_POINT('Ctrl Pts',(41.1042728433546,-16.6887440789946,-46.6506433508554));
#7347=CARTESIAN_POINT('Ctrl Pts',(39.2374787925608,-16.5948244318589,-46.8339302344333));
#7348=CARTESIAN_POINT('Ctrl Pts',(38.0509752408032,-16.5009047847233,-45.3813711832796));
#7349=CARTESIAN_POINT('Ctrl Pts',(38.60251593,-16.4069851375877,-43.5888538786753));
#7350=CARTESIAN_POINT('Ctrl Pts',(40.4004157353791,-16.3130654904521,-43.0547449956739));
#7351=CARTESIAN_POINT('Ctrl Pts',(41.8411891905428,-16.2191458433164,-44.2554812243526));
#7352=CARTESIAN_POINT('Ctrl Pts',(41.6399757330699,-16.1252261961808,-46.1201742006913));
#7353=CARTESIAN_POINT('Ctrl Pts',(39.976199607038,-16.0313065490452,-46.9858873255899));
#7354=CARTESIAN_POINT('Ctrl Pts',(38.3336524125532,-15.9373869019096,-46.0805517983847));
#7355=CARTESIAN_POINT('Ctrl Pts',(38.1771784068333,-15.8434672547739,-44.2115658976635));
#7356=CARTESIAN_POINT('Ctrl Pts',(39.6463259022664,-15.7495476076383,-43.0457174625261));
#7357=CARTESIAN_POINT('Ctrl Pts',(41.4308851655891,-15.6556279605027,-43.6227296634549));
#7358=CARTESIAN_POINT('Ctrl Pts',(41.939358996931,-15.5617083133671,-45.4280133655783));
#7359=CARTESIAN_POINT('Ctrl Pts',(40.7182823001549,-15.4677886662314,-46.8515887939306));
#7360=CARTESIAN_POINT('Ctrl Pts',(38.8566303111972,-15.3738690190958,-46.6238890538606));
#7361=CARTESIAN_POINT('Ctrl Pts',(38.0146533882626,-15.2799493719602,-44.9479804216383));
#7362=CARTESIAN_POINT('Ctrl Pts',(38.943239272496,-15.1860297248246,-43.3184642051084));
#7363=CARTESIAN_POINT('Ctrl Pts',(40.8142614624178,-15.0921100776889,-43.1885684704981));
#7364=CARTESIAN_POINT('Ctrl Pts',(41.9591114754368,-14.9981904305533,-44.6741359914311));
#7365=CARTESIAN_POINT('Ctrl Pts',(41.3567979326939,-14.9042707834177,-46.4503150643733));
#7366=CARTESIAN_POINT('Ctrl Pts',(39.5444657887901,-14.8103511362821,-46.9330804446029));
#7367=CARTESIAN_POINT('Ctrl Pts',(38.1383968923571,-14.7164314891464,-45.6918967313843));
#7368=CARTESIAN_POINT('Ctrl Pts',(38.3925125499778,-14.6225118420108,-43.8336661556703));
#7369=CARTESIAN_POINT('Ctrl Pts',(40.0802564923659,-14.5285921948752,-43.0155974580567));
#7370=CARTESIAN_POINT('Ctrl Pts',(41.6963313936905,-14.4346725477395,-43.967236745));
#7371=CARTESIAN_POINT('Ctrl Pts',(41.7997887748663,-14.3407529006039,-45.839939349714));
#7372=CARTESIAN_POINT('Ctrl Pts',(40.2977578814637,-14.2468332534683,-46.9635128030471));
#7373=CARTESIAN_POINT('Ctrl Pts',(38.5310287081267,-14.1529136063327,-46.3361178918304));
#7374=CARTESIAN_POINT('Ctrl Pts',(38.0725865655012,-14.058993959197,-44.5169078068783));
#7375=CARTESIAN_POINT('Ctrl Pts',(39.3366652026479,-13.9650743120614,-43.1291098582815));
#7376=CARTESIAN_POINT('Ctrl Pts',(40.5674325047893,-13.902461213971,-43.3164820089033));
#7377=CARTESIAN_POINT('Ctrl Pts',(41.0107267487068,-13.8711546649258,-43.6478400719167));
#7378=CARTESIAN_POINT('Ctrl Pts',(38.4514298259794,-17.1288453350742,-44.7041203022923));
#7379=CARTESIAN_POINT('Ctrl Pts',(38.5484316645704,-17.0975387860289,-44.1964348408417));
#7380=CARTESIAN_POINT('Ctrl Pts',(39.2791466398661,-17.0349256879385,-43.2920923741645));
#7381=CARTESIAN_POINT('Ctrl Pts',(41.0248694274456,-16.9410060408029,-43.4529876008143));
#7382=CARTESIAN_POINT('Ctrl Pts',(41.8544659097367,-16.8470863936673,-44.9962167913402));
#7383=CARTESIAN_POINT('Ctrl Pts',(41.0312833459961,-16.7531667465317,-46.5415402533668));
#7384=CARTESIAN_POINT('Ctrl Pts',(39.2878794242385,-16.659247099396,-46.7127123607026));
#7385=CARTESIAN_POINT('Ctrl Pts',(38.179800606206,-16.5653274522604,-45.3561636052097));
#7386=CARTESIAN_POINT('Ctrl Pts',(38.694885920596,-16.4714078051248,-43.6821269339781));
#7387=CARTESIAN_POINT('Ctrl Pts',(40.3739493235956,-16.3774881579891,-43.1833212296883));
#7388=CARTESIAN_POINT('Ctrl Pts',(41.7194914796941,-16.2835685108535,-44.3046919824956));
#7389=CARTESIAN_POINT('Ctrl Pts',(41.5315776973894,-16.1896488637179,-46.0461337052399));
#7390=CARTESIAN_POINT('Ctrl Pts',(39.9777727547297,-16.0957292165823,-46.8546254916924));
#7391=CARTESIAN_POINT('Ctrl Pts',(38.4437935676206,-16.0018095694466,-46.0091302384989));
#7392=CARTESIAN_POINT('Ctrl Pts',(38.2976620781243,-15.907889922311,-44.263679342273));
#7393=CARTESIAN_POINT('Ctrl Pts',(39.6697028257845,-15.8139702751754,-43.1748903925067));
#7394=CARTESIAN_POINT('Ctrl Pts',(41.3363074611287,-15.7200506280398,-43.7137636193491));
#7395=CARTESIAN_POINT('Ctrl Pts',(41.8111725225936,-15.6261309809041,-45.3997228631279));
#7396=CARTESIAN_POINT('Ctrl Pts',(40.6708057526111,-15.5322113337685,-46.7292037363138));
#7397=CARTESIAN_POINT('Ctrl Pts',(38.932204016058,-15.4382916866329,-46.5165543443508));
#7398=CARTESIAN_POINT('Ctrl Pts',(38.1458795316569,-15.3443720394973,-44.9514188219393));
#7399=CARTESIAN_POINT('Ctrl Pts',(39.0130883550259,-15.2504523923616,-43.429609299749));
#7400=CARTESIAN_POINT('Ctrl Pts',(40.7604409471442,-15.156532745226,-43.3082993282271));
#7401=CARTESIAN_POINT('Ctrl Pts',(41.8296194147276,-15.0626130980904,-44.6956747813089));
#7402=CARTESIAN_POINT('Ctrl Pts',(41.2671171975714,-14.9686934509547,-46.3544531346011));
#7403=CARTESIAN_POINT('Ctrl Pts',(39.5745753952948,-14.8747738038191,-46.8053090052972));
#7404=CARTESIAN_POINT('Ctrl Pts',(38.2614439187613,-14.7808541566835,-45.6461642392601));
#7405=CARTESIAN_POINT('Ctrl Pts',(38.4987632062787,-14.6869345095479,-43.9107577696217));
#7406=CARTESIAN_POINT('Ctrl Pts',(40.0749517562856,-14.5930148624122,-43.1467612403419));
#7407=CARTESIAN_POINT('Ctrl Pts',(41.5842083985089,-14.4990952152766,-44.0354996977256));
#7408=CARTESIAN_POINT('Ctrl Pts',(41.680827521545,-14.405175568141,-45.784421633681));
#7409=CARTESIAN_POINT('Ctrl Pts',(40.2780768811914,-14.3112559210054,-46.8337298656688));
#7410=CARTESIAN_POINT('Ctrl Pts',(38.628123814237,-14.2173362738697,-46.2478040918852));
#7411=CARTESIAN_POINT('Ctrl Pts',(38.1999834797354,-14.1234166267341,-44.5488389621977));
#7412=CARTESIAN_POINT('Ctrl Pts',(39.3805098760322,-14.0294969795985,-43.2527707723713));
#7413=CARTESIAN_POINT('Ctrl Pts',(40.5299267281011,-13.9668838815081,-43.4277581214489));
#7414=CARTESIAN_POINT('Ctrl Pts',(40.9439203997704,-13.9355773324629,-43.7372142964983));
#7415=CARTESIAN_POINT('Ctrl Pts',(38.5610305217232,-17.1932680026112,-44.7250613569517));
#7416=CARTESIAN_POINT('Ctrl Pts',(38.6511670153238,-17.161961453566,-44.2533075426749));
#7417=CARTESIAN_POINT('Ctrl Pts',(39.3301653379465,-17.0993483554756,-43.4129702857276));
#7418=CARTESIAN_POINT('Ctrl Pts',(40.9523338778084,-17.00542870834,-43.5624780865895));
#7419=CARTESIAN_POINT('Ctrl Pts',(41.7232153281323,-16.9115090612044,-44.9964845969465));
#7420=CARTESIAN_POINT('Ctrl Pts',(40.9582938486377,-16.8175894140687,-46.4324371558781));
#7421=CARTESIAN_POINT('Ctrl Pts',(39.3382800559161,-16.7236697669331,-46.5914944869719));
#7422=CARTESIAN_POINT('Ctrl Pts',(38.3086259716087,-16.6297501197975,-45.3309560271397));
#7423=CARTESIAN_POINT('Ctrl Pts',(38.787255911192,-16.5358304726618,-43.7753999892809));
#7424=CARTESIAN_POINT('Ctrl Pts',(40.3474829118122,-16.4419108255262,-43.3118974637026));
#7425=CARTESIAN_POINT('Ctrl Pts',(41.5977937688454,-16.3479911783906,-44.3539027406387));
#7426=CARTESIAN_POINT('Ctrl Pts',(41.4231796617088,-16.254071531255,-45.9720932097884));
#7427=CARTESIAN_POINT('Ctrl Pts',(39.9793459024215,-16.1601518841194,-46.7233636577949));
#7428=CARTESIAN_POINT('Ctrl Pts',(38.553934722688,-16.0662322369837,-45.937708678613));
#7429=CARTESIAN_POINT('Ctrl Pts',(38.4181457494154,-15.9723125898481,-44.3157927868825));
#7430=CARTESIAN_POINT('Ctrl Pts',(39.6930797493026,-15.8783929427125,-43.3040633224873));
#7431=CARTESIAN_POINT('Ctrl Pts',(41.2417297566682,-15.7844732955768,-43.8047975752433));
#7432=CARTESIAN_POINT('Ctrl Pts',(41.6829860482562,-15.6905536484412,-45.3714323606776));
#7433=CARTESIAN_POINT('Ctrl Pts',(40.6233292050672,-15.5966340013056,-46.6068186786968));
#7434=CARTESIAN_POINT('Ctrl Pts',(39.0077777209188,-15.5027143541699,-46.4092196348411));
#7435=CARTESIAN_POINT('Ctrl Pts',(38.2771056750511,-15.4087947070343,-44.9548572222402));
#7436=CARTESIAN_POINT('Ctrl Pts',(39.0829374375558,-15.3148750598987,-43.5407543943897));
#7437=CARTESIAN_POINT('Ctrl Pts',(40.7066204318706,-15.2209554127631,-43.428030185956));
#7438=CARTESIAN_POINT('Ctrl Pts',(41.7001273540184,-15.1270357656275,-44.7172135711867));
#7439=CARTESIAN_POINT('Ctrl Pts',(41.1774364624488,-15.0331161184918,-46.2585912048289));
#7440=CARTESIAN_POINT('Ctrl Pts',(39.6046850017996,-14.9391964713562,-46.6775375659916));
#7441=CARTESIAN_POINT('Ctrl Pts',(38.3844909451657,-14.8452768242206,-45.6004317471358));
#7442=CARTESIAN_POINT('Ctrl Pts',(38.6050138625795,-14.7513571770849,-43.9878493835731));
#7443=CARTESIAN_POINT('Ctrl Pts',(40.0696470202053,-14.6574375299493,-43.277925022627));
#7444=CARTESIAN_POINT('Ctrl Pts',(41.4720854033274,-14.5635178828137,-44.1037626504512));
#7445=CARTESIAN_POINT('Ctrl Pts',(41.5618662682237,-14.4695982356781,-45.7289039176479));
#7446=CARTESIAN_POINT('Ctrl Pts',(40.2583958809191,-14.3756785885424,-46.7039469282905));
#7447=CARTESIAN_POINT('Ctrl Pts',(38.7252189203473,-14.2817589414068,-46.1594902919399));
#7448=CARTESIAN_POINT('Ctrl Pts',(38.3273803939697,-14.1878392942712,-44.5807701175171));
#7449=CARTESIAN_POINT('Ctrl Pts',(39.4243545494165,-14.0939196471356,-43.3764316864611));
#7450=CARTESIAN_POINT('Ctrl Pts',(40.4924209514129,-14.0313065490451,-43.5390342339945));
#7451=CARTESIAN_POINT('Ctrl Pts',(40.8771140508339,-13.9999999999999,-43.8265885210799));
#7452=CARTESIAN_POINT('Ctrl Pts',(39.8965369986028,-16.4681273317646,-43.5392286681891));
#7453=CARTESIAN_POINT('Ctrl Pts',(40.03029661263,-16.4593884963519,-43.5285391160738));
#7454=CARTESIAN_POINT('Ctrl Pts',(40.1650757491293,-16.4506496609392,-43.5359017844746));
#7455=CARTESIAN_POINT('Ctrl Pts',(40.2958302212143,-16.4419108255265,-43.5628154307888));
#7456=CARTESIAN_POINT('Ctrl Pts',(40.7642531974897,-16.4106042764813,-43.6592325560151));
#7457=CARTESIAN_POINT('Ctrl Pts',(41.1810234831673,-16.3792977274361,-44.006567648327));
#7458=CARTESIAN_POINT('Ctrl Pts',(41.3603062748167,-16.3479911783909,-44.4499336060078));
#7459=CARTESIAN_POINT('Ctrl Pts',(41.5395890664661,-16.3166846293457,-44.8932995636886));
#7460=CARTESIAN_POINT('Ctrl Pts',(41.4813843640872,-16.2853780803004,-45.4326963867384));
#7461=CARTESIAN_POINT('Ctrl Pts',(41.2116430530167,-16.2540715312552,-45.8276065395976));
#7462=CARTESIAN_POINT('Ctrl Pts',(40.9419017419461,-16.22276498221,-46.2225166924569));
#7463=CARTESIAN_POINT('Ctrl Pts',(40.4606238221838,-16.1914584331648,-46.4729401751257));
#7464=CARTESIAN_POINT('Ctrl Pts',(39.9824163323472,-16.1601518841196,-46.4672094199298));
#7465=CARTESIAN_POINT('Ctrl Pts',(39.5042088425105,-16.1288453350744,-46.4614786647339));
#7466=CARTESIAN_POINT('Ctrl Pts',(39.0290717825995,-16.0975387860292,-46.1995936716733));
#7467=CARTESIAN_POINT('Ctrl Pts',(38.7688717570985,-16.066232236984,-45.7983318598547));
#7468=CARTESIAN_POINT('Ctrl Pts',(38.5086717315976,-16.0349256879388,-45.3970700480361));
#7469=CARTESIAN_POINT('Ctrl Pts',(38.4634087405067,-16.0036191388936,-44.8564314174594));
#7470=CARTESIAN_POINT('Ctrl Pts',(38.6532662449425,-15.9723125898484,-44.4174905247719));
#7471=CARTESIAN_POINT('Ctrl Pts',(38.8431237493782,-15.9410060408031,-43.9785496320844));
#7472=CARTESIAN_POINT('Ctrl Pts',(39.2681017493404,-15.9096994917579,-43.6413064772861));
#7473=CARTESIAN_POINT('Ctrl Pts',(39.7386990838824,-15.8783929427127,-43.5561406086796));
#7474=CARTESIAN_POINT('Ctrl Pts',(39.7901363421872,-15.8749710723967,-43.5468318037615));
#7475=CARTESIAN_POINT('Ctrl Pts',(39.8421186119641,-15.8715492020807,-43.540534551162));
#7476=CARTESIAN_POINT('Ctrl Pts',(39.8943453118988,-15.8681273317647,-43.5371516619709));
#7477=CARTESIAN_POINT('Ctrl Pts',(38.2322284344917,-17.,-44.6622381929736));
#7478=CARTESIAN_POINT('Ctrl Pts',(38.2505826877888,-17.,-44.598513725708));
#7479=CARTESIAN_POINT('Ctrl Pts',(38.2726826414872,-17.,-44.5361060561806));
#7480=CARTESIAN_POINT('Ctrl Pts',(38.2982597929295,-17.,-44.4752202123801));
#7481=CARTESIAN_POINT('Ctrl Pts',(38.3245514145191,-17.,-44.4126335881824));
#7482=CARTESIAN_POINT('Ctrl Pts',(38.3545178588814,-17.,-44.351654150856));
#7483=CARTESIAN_POINT('Ctrl Pts',(38.3879140670129,-17.,-44.2925324590752));
#7484=CARTESIAN_POINT('Ctrl Pts',(38.4144849133587,-17.,-44.2454937838511));
#7485=CARTESIAN_POINT('Ctrl Pts',(38.4432279351822,-17.,-44.1996315062343));
#7486=CARTESIAN_POINT('Ctrl Pts',(38.4740355272014,-17.,-44.1550892859988));
#7487=CARTESIAN_POINT('Ctrl Pts',(38.487763644065,-17.,-44.1352409056264));
#7488=CARTESIAN_POINT('Ctrl Pts',(38.5019018726666,-17.,-44.1156548748927));
#7489=CARTESIAN_POINT('Ctrl Pts',(38.5164413507795,-17.,-44.096345099864));
#7490=CARTESIAN_POINT('Ctrl Pts',(38.5244898348576,-17.,-44.085655966756));
#7491=CARTESIAN_POINT('Ctrl Pts',(38.5326612799321,-17.,-44.0750515003449));
#7492=CARTESIAN_POINT('Ctrl Pts',(38.540954224703,-17.,-44.0645341665702));
#7493=CARTESIAN_POINT('Ctrl Pts',(38.5478016998795,-17.,-44.0558500158934));
#7494=CARTESIAN_POINT('Ctrl Pts',(38.5547313501614,-17.,-44.0472262349011));
#7495=CARTESIAN_POINT('Ctrl Pts',(38.5617341885869,-17.,-44.038673773524));
#7496=CARTESIAN_POINT('Ctrl Pts',(38.6037636544945,-17.,-43.98734381815));
#7497=CARTESIAN_POINT('Ctrl Pts',(38.6485018216506,-17.,-43.9384834595272));
#7498=CARTESIAN_POINT('Ctrl Pts',(38.6957157262681,-17.,-43.8923246726159));
#7499=CARTESIAN_POINT('Ctrl Pts',(38.7428519156656,-17.,-43.8462418641755));
#7500=CARTESIAN_POINT('Ctrl Pts',(38.792456549608,-17.,-43.8028510847322));
#7501=CARTESIAN_POINT('Ctrl Pts',(38.8443257032211,-17.,-43.7624271822577));
#7502=CARTESIAN_POINT('Ctrl Pts',(38.8832275684308,-17.,-43.7321092554017));
#7503=CARTESIAN_POINT('Ctrl Pts',(38.9234038689344,-17.,-43.7034610397898));
#7504=CARTESIAN_POINT('Ctrl Pts',(38.964774622641,-17.,-43.6766181091078));
#7505=CARTESIAN_POINT('Ctrl Pts',(38.9847748426766,-17.,-43.6636411997711));
#7506=CARTESIAN_POINT('Ctrl Pts',(39.0050542767789,-17.,-43.6510864778934));
#7507=CARTESIAN_POINT('Ctrl Pts',(39.0256040944408,-17.,-43.6389708552492));
#7508=CARTESIAN_POINT('Ctrl Pts',(39.0382456362014,-17.,-43.6315177404754));
#7509=CARTESIAN_POINT('Ctrl Pts',(39.0509934371083,-17.,-43.624228789528));
#7510=CARTESIAN_POINT('Ctrl Pts',(39.0638203179771,-17.,-43.6171216051841));
#7511=CARTESIAN_POINT('Ctrl Pts',(39.1184741125367,-17.,-43.586838748658));
#7512=CARTESIAN_POINT('Ctrl Pts',(39.174641190917,-17.,-43.5598031126674));
#7513=CARTESIAN_POINT('Ctrl Pts',(39.2321398300281,-17.,-43.5362468051553));
#7514=CARTESIAN_POINT('Ctrl Pts',(39.2753377878553,-17.,-43.5185492666707));
#7515=CARTESIAN_POINT('Ctrl Pts',(39.3192878304932,-17.,-43.5028164197226));
#7516=CARTESIAN_POINT('Ctrl Pts',(39.3639172311127,-17.,-43.4891656535365));
#7517=CARTESIAN_POINT('Ctrl Pts',(39.4247888815158,-17.,-43.470546880811));
#7518=CARTESIAN_POINT('Ctrl Pts',(39.4869253567737,-17.,-43.4557998648983));
#7519=CARTESIAN_POINT('Ctrl Pts',(39.5499658157586,-17.,-43.4448893227247));
#7520=CARTESIAN_POINT('Ctrl Pts',(39.5734880340253,-17.,-43.440818283926));
#7521=CARTESIAN_POINT('Ctrl Pts',(39.5971360058183,-17.,-43.4372818897678));
#7522=CARTESIAN_POINT('Ctrl Pts',(39.620890424895,-17.,-43.4342800808761));
#7523=CARTESIAN_POINT('Ctrl Pts',(39.634993090933,-17.,-43.4324979489631));
#7524=CARTESIAN_POINT('Ctrl Pts',(39.6491373237416,-17.,-43.4309039938951));
#7525=CARTESIAN_POINT('Ctrl Pts',(39.6632913671993,-17.,-43.4295006773685));
#7526=CARTESIAN_POINT('Ctrl Pts',(39.7252754688017,-17.,-43.4233552027961));
#7527=CARTESIAN_POINT('Ctrl Pts',(39.7875459748072,-17.,-43.4208469605415));
#7528=CARTESIAN_POINT('Ctrl Pts',(39.8497674004771,-17.,-43.4218931882782));
#7529=CARTESIAN_POINT('Ctrl Pts',(39.9119195037135,-17.,-43.4229382503866));
#7530=CARTESIAN_POINT('Ctrl Pts',(39.9740237651206,-17.,-43.4275302290613));
#7531=CARTESIAN_POINT('Ctrl Pts',(40.0357342039834,-17.,-43.4356369094226));
#7532=CARTESIAN_POINT('Ctrl Pts',(40.077901905554,-17.,-43.4411763300539));
#7533=CARTESIAN_POINT('Ctrl Pts',(40.1198854748215,-17.,-43.4483578746076));
#7534=CARTESIAN_POINT('Ctrl Pts',(40.1615673473297,-17.,-43.457183500491));
#7535=CARTESIAN_POINT('Ctrl Pts',(40.1827764913595,-17.,-43.4616742769185));
#7536=CARTESIAN_POINT('Ctrl Pts',(40.2039074086362,-17.,-43.4665908778831));
#7537=CARTESIAN_POINT('Ctrl Pts',(40.2249437911655,-17.,-43.4719344749083));
#7538=CARTESIAN_POINT('Ctrl Pts',(40.2406392753486,-17.,-43.4759213934041));
#7539=CARTESIAN_POINT('Ctrl Pts',(40.2562864996766,-17.,-43.4801474392409));
#7540=CARTESIAN_POINT('Ctrl Pts',(40.2718506829178,-17.,-43.4846048780865));
#7541=CARTESIAN_POINT('Ctrl Pts',(40.3294185378063,-17.,-43.5010917819389));
#7542=CARTESIAN_POINT('Ctrl Pts',(40.3859211484529,-17.,-43.5207565573574));
#7543=CARTESIAN_POINT('Ctrl Pts',(40.4410325588129,-17.,-43.5435810018997));
#7544=CARTESIAN_POINT('Ctrl Pts',(40.4749069143347,-17.,-43.5576100993944));
#7545=CARTESIAN_POINT('Ctrl Pts',(40.5082551851354,-17.,-43.5728337412848));
#7546=CARTESIAN_POINT('Ctrl Pts',(40.5409951658539,-17.,-43.58925501563));
#7547=CARTESIAN_POINT('Ctrl Pts',(40.5544741121307,-17.,-43.5960156022229));
#7548=CARTESIAN_POINT('Ctrl Pts',(40.5678498887608,-17.,-43.6029792426059));
#7549=CARTESIAN_POINT('Ctrl Pts',(40.5811164536876,-17.,-43.6101464052519));
#7550=CARTESIAN_POINT('Ctrl Pts',(40.5914563283518,-17.,-43.615732445336));
#7551=CARTESIAN_POINT('Ctrl Pts',(40.6017288140958,-17.,-43.6214416447363));
#7552=CARTESIAN_POINT('Ctrl Pts',(40.61192259012,-17.,-43.6272691269764));
#7553=CARTESIAN_POINT('Ctrl Pts',(40.6616270464881,-17.,-43.6556837042686));
#7554=CARTESIAN_POINT('Ctrl Pts',(40.709519900907,-17.,-43.6869379855261));
#7555=CARTESIAN_POINT('Ctrl Pts',(40.7552891066584,-17.,-43.7210337051087));
#7556=CARTESIAN_POINT('Ctrl Pts',(40.77585029606,-17.,-43.7363507405829));
#7557=CARTESIAN_POINT('Ctrl Pts',(40.7959824079511,-17.,-43.752241677028));
#7558=CARTESIAN_POINT('Ctrl Pts',(40.8156544182863,-17.,-43.7687088123649));
#7559=CARTESIAN_POINT('Ctrl Pts',(40.837042577861,-17.,-43.7866125096649));
#7560=CARTESIAN_POINT('Ctrl Pts',(40.8578868701911,-17.,-43.8051973735476));
#7561=CARTESIAN_POINT('Ctrl Pts',(40.8781696678444,-17.,-43.8244305486695));
#7562=CARTESIAN_POINT('Origin',(40.0000000745062,-17.,-45.0000006705527));
#7563=CARTESIAN_POINT('',(42.9923274828183,-17.,-44.7855789331658));
#7564=CARTESIAN_POINT('Origin',(40.0000000745062,-17.,-45.0000006705527));
#7565=CARTESIAN_POINT('Origin',(40.0000000745066,-14.5,-45.0000006705532));
#7566=CARTESIAN_POINT('Origin',(50.0000000745067,-14.5,-45.0000006705532));
#7567=CARTESIAN_POINT('Origin',(40.0000000745062,-34.,-45.0000006705527));
#7568=CARTESIAN_POINT('',(43.0000000745062,-34.,-45.0000006705523));
#7569=CARTESIAN_POINT('',(37.0000000745062,-34.,-45.0000006705523));
#7570=CARTESIAN_POINT('Ctrl Pts',(43.0000000745062,-34.,-45.0000006705527));
#7571=CARTESIAN_POINT('Ctrl Pts',(43.0000000745062,-34.,-45.381172340852));
#7572=CARTESIAN_POINT('Ctrl Pts',(42.922957925989,-33.9681551328111,-45.7849331320939));
#7573=CARTESIAN_POINT('Ctrl Pts',(42.6154343835992,-33.8532411483874,-46.5229270165804));
#7574=CARTESIAN_POINT('Ctrl Pts',(42.3851745590972,-33.7715536263554,-46.857466873081));
#7575=CARTESIAN_POINT('Ctrl Pts',(41.8571990841269,-33.6158621526925,-47.3854423480513));
#7576=CARTESIAN_POINT('Ctrl Pts',(41.5227603613204,-33.5311102730188,-47.615499537263));
#7577=CARTESIAN_POINT('Ctrl Pts',(40.785160971674,-33.408993750678,-47.9228679716337));
#7578=CARTESIAN_POINT('Ctrl Pts',(40.3815577397588,-33.3738635424336,-48.0000006705527));
#7579=CARTESIAN_POINT('Ctrl Pts',(39.6184424092535,-33.3738635424336,-48.0000006705527));
#7580=CARTESIAN_POINT('Ctrl Pts',(39.2148391773384,-33.408993750678,-47.9228679716337));
#7581=CARTESIAN_POINT('Ctrl Pts',(38.477239787692,-33.5311102730188,-47.6154995372631));
#7582=CARTESIAN_POINT('Ctrl Pts',(38.1428010648855,-33.6158621526925,-47.3854423480513));
#7583=CARTESIAN_POINT('Ctrl Pts',(37.6148255899152,-33.7715536263554,-46.857466873081));
#7584=CARTESIAN_POINT('Ctrl Pts',(37.3845657654132,-33.8532411483874,-46.5229270165804));
#7585=CARTESIAN_POINT('Ctrl Pts',(37.0770422230234,-33.9681551328111,-45.7849331320939));
#7586=CARTESIAN_POINT('Ctrl Pts',(37.0000000745062,-34.,-45.381172340852));
#7587=CARTESIAN_POINT('Ctrl Pts',(37.0000000745062,-34.,-45.0000006705527));
#7588=CARTESIAN_POINT('',(42.9923274828183,-33.9969342613188,-44.7855789331652));
#7589=CARTESIAN_POINT('Ctrl Pts',(42.9923274828182,-33.9969342613188,-44.7855789331646));
#7590=CARTESIAN_POINT('Ctrl Pts',(42.9974877409465,-33.9989939274827,-44.8575920696092));
#7591=CARTESIAN_POINT('Ctrl Pts',(43.0000000745062,-34.,-44.9291930280686));
#7592=CARTESIAN_POINT('Ctrl Pts',(43.0000000745062,-34.,-45.0000006705527));
#7593=CARTESIAN_POINT('',(42.9923274828183,-34.,-44.7855789331658));
#7594=CARTESIAN_POINT('Ctrl Pts',(37.0000000745062,-34.,-45.0000006705527));
#7595=CARTESIAN_POINT('Ctrl Pts',(37.0000000745062,-34.,-44.6188290002534));
#7596=CARTESIAN_POINT('Ctrl Pts',(37.0770422230234,-33.9681551328112,-44.2150682090116));
#7597=CARTESIAN_POINT('Ctrl Pts',(37.3845657654132,-33.8532411483876,-43.477074324525));
#7598=CARTESIAN_POINT('Ctrl Pts',(37.6148255899152,-33.7715536263557,-43.1425344680245));
#7599=CARTESIAN_POINT('Ctrl Pts',(38.1428010648855,-33.6158621526928,-42.6145589930542));
#7600=CARTESIAN_POINT('Ctrl Pts',(38.477239787692,-33.5311102730192,-42.3845018038424));
#7601=CARTESIAN_POINT('Ctrl Pts',(39.2148391773384,-33.4089937506784,-42.0771333694717));
#7602=CARTESIAN_POINT('Ctrl Pts',(39.6184424092535,-33.373863542434,-42.0000006705527));
#7603=CARTESIAN_POINT('Ctrl Pts',(40.0000000745062,-33.373863542434,-42.0000006705527));
#7604=CARTESIAN_POINT('Ctrl Pts',(40.3815577397588,-33.373863542434,-42.0000006705527));
#7605=CARTESIAN_POINT('Ctrl Pts',(40.785160971674,-33.4089937506784,-42.0771333694717));
#7606=CARTESIAN_POINT('Ctrl Pts',(41.5227603613204,-33.5311102730192,-42.3845018038424));
#7607=CARTESIAN_POINT('Ctrl Pts',(41.8571990841269,-33.6158621526928,-42.6145589930542));
#7608=CARTESIAN_POINT('Ctrl Pts',(42.3851745590972,-33.7715536263557,-43.1425344680244));
#7609=CARTESIAN_POINT('Ctrl Pts',(42.6154343835992,-33.8532411483875,-43.477074324525));
#7610=CARTESIAN_POINT('Ctrl Pts',(42.8943946581209,-33.9574817421063,-44.1465221821162));
#7611=CARTESIAN_POINT('Ctrl Pts',(42.9697090416294,-33.9879063334827,-44.4699309847451));
#7612=CARTESIAN_POINT('Ctrl Pts',(42.9923274828182,-33.9969342613188,-44.7855789331646));
#7613=CARTESIAN_POINT('Origin',(50.0000000745062,-34.,-45.0000006705527));
#7614=CARTESIAN_POINT('',(53.0000000745062,-34.,-45.0000006705523));
#7615=CARTESIAN_POINT('',(47.0000000745062,-34.,-45.0000006705523));
#7616=CARTESIAN_POINT('Ctrl Pts',(53.0000000745062,-34.,-45.0000006705527));
#7617=CARTESIAN_POINT('Ctrl Pts',(53.0000000745062,-34.,-45.381172340852));
#7618=CARTESIAN_POINT('Ctrl Pts',(52.922957925989,-33.9681551328111,-45.7849331320939));
#7619=CARTESIAN_POINT('Ctrl Pts',(52.6154343835992,-33.8532411483874,-46.5229270165804));
#7620=CARTESIAN_POINT('Ctrl Pts',(52.3851745590972,-33.7715536263554,-46.857466873081));
#7621=CARTESIAN_POINT('Ctrl Pts',(51.8571990841269,-33.6158621526925,-47.3854423480513));
#7622=CARTESIAN_POINT('Ctrl Pts',(51.5227603613204,-33.5311102730188,-47.615499537263));
#7623=CARTESIAN_POINT('Ctrl Pts',(50.785160971674,-33.408993750678,-47.9228679716337));
#7624=CARTESIAN_POINT('Ctrl Pts',(50.3815577397588,-33.3738635424336,-48.0000006705527));
#7625=CARTESIAN_POINT('Ctrl Pts',(49.6184424092535,-33.3738635424336,-48.0000006705527));
#7626=CARTESIAN_POINT('Ctrl Pts',(49.2148391773384,-33.408993750678,-47.9228679716337));
#7627=CARTESIAN_POINT('Ctrl Pts',(48.477239787692,-33.5311102730188,-47.6154995372631));
#7628=CARTESIAN_POINT('Ctrl Pts',(48.1428010648855,-33.6158621526925,-47.3854423480513));
#7629=CARTESIAN_POINT('Ctrl Pts',(47.6148255899152,-33.7715536263554,-46.857466873081));
#7630=CARTESIAN_POINT('Ctrl Pts',(47.3845657654132,-33.8532411483874,-46.5229270165804));
#7631=CARTESIAN_POINT('Ctrl Pts',(47.0770422230234,-33.9681551328111,-45.7849331320939));
#7632=CARTESIAN_POINT('Ctrl Pts',(47.0000000745062,-34.,-45.381172340852));
#7633=CARTESIAN_POINT('Ctrl Pts',(47.0000000745062,-34.,-45.0000006705527));
#7634=CARTESIAN_POINT('',(52.9923274828183,-33.9969342613188,-44.7855789331652));
#7635=CARTESIAN_POINT('Ctrl Pts',(52.9923274828182,-33.9969342613188,-44.7855789331646));
#7636=CARTESIAN_POINT('Ctrl Pts',(52.9974877409465,-33.9989939274827,-44.8575920696092));
#7637=CARTESIAN_POINT('Ctrl Pts',(53.0000000745062,-34.,-44.9291930280686));
#7638=CARTESIAN_POINT('Ctrl Pts',(53.0000000745062,-34.,-45.0000006705527));
#7639=CARTESIAN_POINT('',(52.9923274828183,-34.,-44.7855789331658));
#7640=CARTESIAN_POINT('Ctrl Pts',(47.0000000745062,-34.,-45.0000006705527));
#7641=CARTESIAN_POINT('Ctrl Pts',(47.0000000745062,-34.,-44.6188290002534));
#7642=CARTESIAN_POINT('Ctrl Pts',(47.0770422230234,-33.9681551328112,-44.2150682090116));
#7643=CARTESIAN_POINT('Ctrl Pts',(47.3845657654132,-33.8532411483876,-43.477074324525));
#7644=CARTESIAN_POINT('Ctrl Pts',(47.6148255899152,-33.7715536263557,-43.1425344680245));
#7645=CARTESIAN_POINT('Ctrl Pts',(48.1428010648855,-33.6158621526928,-42.6145589930542));
#7646=CARTESIAN_POINT('Ctrl Pts',(48.477239787692,-33.5311102730192,-42.3845018038424));
#7647=CARTESIAN_POINT('Ctrl Pts',(49.2148391773384,-33.4089937506784,-42.0771333694717));
#7648=CARTESIAN_POINT('Ctrl Pts',(49.6184424092535,-33.373863542434,-42.0000006705527));
#7649=CARTESIAN_POINT('Ctrl Pts',(50.0000000745062,-33.373863542434,-42.0000006705527));
#7650=CARTESIAN_POINT('Ctrl Pts',(50.3815577397588,-33.373863542434,-42.0000006705527));
#7651=CARTESIAN_POINT('Ctrl Pts',(50.785160971674,-33.4089937506784,-42.0771333694717));
#7652=CARTESIAN_POINT('Ctrl Pts',(51.5227603613204,-33.5311102730192,-42.3845018038424));
#7653=CARTESIAN_POINT('Ctrl Pts',(51.8571990841269,-33.6158621526928,-42.6145589930542));
#7654=CARTESIAN_POINT('Ctrl Pts',(52.3851745590972,-33.7715536263557,-43.1425344680244));
#7655=CARTESIAN_POINT('Ctrl Pts',(52.6154343835992,-33.8532411483875,-43.477074324525));
#7656=CARTESIAN_POINT('Ctrl Pts',(52.8943946581209,-33.9574817421063,-44.1465221821162));
#7657=CARTESIAN_POINT('Ctrl Pts',(52.9697090416294,-33.9879063334827,-44.4699309847452));
#7658=CARTESIAN_POINT('Ctrl Pts',(52.9923274828182,-33.9969342613188,-44.7855789331647));
#7659=CARTESIAN_POINT('Origin',(22.500000074506,-26.5,-45.0000006705523));
#7660=CARTESIAN_POINT('',(5.00000007450581,-26.5,-37.5000006705523));
#7661=CARTESIAN_POINT('',(5.00000007450581,-26.5,-52.5000006705523));
#7662=CARTESIAN_POINT('Origin',(5.00000007450581,-26.5,-45.0000006705523));
#7663=CARTESIAN_POINT('',(75.0000000745058,-26.5,-52.5000006705523));
#7664=CARTESIAN_POINT('',(22.500000074506,-26.5,-52.5000006705523));
#7665=CARTESIAN_POINT('',(75.0000000745058,-26.5,-37.5000006705523));
#7666=CARTESIAN_POINT('Origin',(75.0000000745058,-26.5,-45.0000006705523));
#7667=CARTESIAN_POINT('',(57.500000074506,-26.5,-37.5000006705523));
#7668=CARTESIAN_POINT('Origin',(75.0000000745058,-26.5,-45.0000006705523));
#7669=CARTESIAN_POINT('Origin',(75.0000000745058,-26.5,-45.0000006705523));
#7670=CARTESIAN_POINT('Origin',(5.00000007450581,-26.5,-45.0000006705523));
#7671=CARTESIAN_POINT('Origin',(5.00000007450581,-26.5,-45.0000006705523));
#7672=CARTESIAN_POINT('Origin',(5.00000007450581,-14.,-45.0000006705523));
#7673=CARTESIAN_POINT('',(5.00000007450581,-14.,-37.5000006705523));
#7674=CARTESIAN_POINT('',(5.00000007450581,-14.,-37.5000006705523));
#7675=CARTESIAN_POINT('',(5.00000007450581,-14.,-52.5000006705523));
#7676=CARTESIAN_POINT('Origin',(5.00000007450581,-14.,-45.0000006705523));
#7677=CARTESIAN_POINT('',(5.00000007450581,-14.,-52.5000006705523));
#7678=CARTESIAN_POINT('Origin',(75.0000000745058,-14.,-37.5000006705523));
#7679=CARTESIAN_POINT('',(75.0000000745058,-14.,-37.5000006705523));
#7680=CARTESIAN_POINT('',(75.0000000745058,-14.,-37.5000006705523));
#7681=CARTESIAN_POINT('',(75.0000000745058,-14.,-37.5000006705523));
#7682=CARTESIAN_POINT('Origin',(75.0000000745058,-14.,-45.0000006705523));
#7683=CARTESIAN_POINT('',(75.0000000745058,-14.,-52.5000006705523));
#7684=CARTESIAN_POINT('',(75.0000000745058,-14.,-52.5000006705523));
#7685=CARTESIAN_POINT('Origin',(75.0000000745058,-14.,-45.0000006705523));
#7686=CARTESIAN_POINT('Origin',(5.00000007450581,-14.,-52.5000006705523));
#7687=CARTESIAN_POINT('',(5.00000007450581,-14.,-52.5000006705523));
#7688=CARTESIAN_POINT('Origin',(40.0000000745058,-14.,-45.0000006705523));
#7689=CARTESIAN_POINT('',(16.1776149723051,-7.43849426498855E-14,16.8253422088481));
#7690=UNCERTAINTY_MEASURE_WITH_UNIT(LENGTH_MEASURE(0.01),#7696,
'DISTANCE_ACCURACY_VALUE',
'Maximum model space distance between geometric entities at asserted c
onnectivities');
#7691=UNCERTAINTY_MEASURE_WITH_UNIT(LENGTH_MEASURE(0.01),#7696,
'DISTANCE_ACCURACY_VALUE',
'Maximum model space distance between geometric entities at asserted c
onnectivities');
#7692=UNCERTAINTY_MEASURE_WITH_UNIT(LENGTH_MEASURE(0.01),#7696,
'DISTANCE_ACCURACY_VALUE',
'Maximum model space distance between geometric entities at asserted c
onnectivities');
#7693=(
GEOMETRIC_REPRESENTATION_CONTEXT(3)
GLOBAL_UNCERTAINTY_ASSIGNED_CONTEXT((#7690))
GLOBAL_UNIT_ASSIGNED_CONTEXT((#7696,#7698,#7699))
REPRESENTATION_CONTEXT('','3D')
);
#7694=(
GEOMETRIC_REPRESENTATION_CONTEXT(3)
GLOBAL_UNCERTAINTY_ASSIGNED_CONTEXT((#7691))
GLOBAL_UNIT_ASSIGNED_CONTEXT((#7696,#7698,#7699))
REPRESENTATION_CONTEXT('','3D')
);
#7695=(
GEOMETRIC_REPRESENTATION_CONTEXT(3)
GLOBAL_UNCERTAINTY_ASSIGNED_CONTEXT((#7692))
GLOBAL_UNIT_ASSIGNED_CONTEXT((#7696,#7698,#7699))
REPRESENTATION_CONTEXT('','3D')
);
#7696=(
LENGTH_UNIT()
NAMED_UNIT(*)
SI_UNIT(.MILLI.,.METRE.)
);
#7697=(
LENGTH_UNIT()
NAMED_UNIT(*)
SI_UNIT($,.METRE.)
);
#7698=(
NAMED_UNIT(*)
PLANE_ANGLE_UNIT()
SI_UNIT($,.RADIAN.)
);
#7699=(
NAMED_UNIT(*)
SI_UNIT($,.STERADIAN.)
SOLID_ANGLE_UNIT()
);
#7700=SHAPE_DEFINITION_REPRESENTATION(#7702,#7705);
#7701=SHAPE_DEFINITION_REPRESENTATION(#7703,#7706);
#7702=PRODUCT_DEFINITION_SHAPE('',$,#7708);
#7703=PRODUCT_DEFINITION_SHAPE('',$,#7709);
#7704=PRODUCT_DEFINITION_SHAPE($,$,#14);
#7705=SHAPE_REPRESENTATION('',(#1836,#1960),#7693);
#7706=SHAPE_REPRESENTATION('',(#1837),#7694);
#7707=PRODUCT_DEFINITION_CONTEXT('part definition',#7715,'design');
#7708=PRODUCT_DEFINITION('Stepping foot linkage prototype v2',
'Stepping foot linkage prototype v2 v11',#7710,#7707);
#7709=PRODUCT_DEFINITION('Outside Foot','Outside Foot',#7711,#7707);
#7710=PRODUCT_DEFINITION_FORMATION('',$,#7717);
#7711=PRODUCT_DEFINITION_FORMATION('',$,#7718);
#7712=PRODUCT_RELATED_PRODUCT_CATEGORY(
'Stepping foot linkage prototype v2 v11',
'Stepping foot linkage prototype v2 v11',(#7717));
#7713=PRODUCT_RELATED_PRODUCT_CATEGORY('Outside Foot','Outside Foot',(#7718));
#7714=APPLICATION_PROTOCOL_DEFINITION('international standard',
'automotive_design',2009,#7715);
#7715=APPLICATION_CONTEXT(
'Core Data for Automotive Mechanical Design Process');
#7716=PRODUCT_CONTEXT('part definition',#7715,'mechanical');
#7717=PRODUCT('Stepping foot linkage prototype v2',
'Stepping foot linkage prototype v2 v11',$,(#7716));
#7718=PRODUCT('Outside Foot','Outside Foot',$,(#7716));
#7719=PRESENTATION_STYLE_ASSIGNMENT((#7720));
#7720=SURFACE_STYLE_USAGE(.BOTH.,#7721);
#7721=SURFACE_SIDE_STYLE('',(#7722));
#7722=SURFACE_STYLE_FILL_AREA(#7723);
#7723=FILL_AREA_STYLE('Steel - Satin',(#7724));
#7724=FILL_AREA_STYLE_COLOUR('Steel - Satin',#7725);
#7725=COLOUR_RGB('Steel - Satin',0.627450980392157,0.627450980392157,0.627450980392157);
ENDSEC;
END-ISO-10303-21;
